id,title,assoc_type,date,locality,region,state,country,classifications,keywords,collections,has_image
"items/2225771","Postcard - Private Albert Edward Kemp, 'To My Mother', Embroidered, 2 Jun 1917","Author","2 Jun 1917","","","","Europe","Military history; Personal effects; Correspondence","Birthdays; Death & Mourning; Domestic Life; Wars & Conflicts; World War I, 1914-1918; Making History - Kemp Mourning Collection; Censorship","Albert Edward Kemp Mourning Collection","true"
"items/2491465","Postcard - Notre Dame Cathedral, Paris, Mirka Mora circa 1940s","Original Owner","1930-2018","Paris","","","France","Migration; Settlement - cultural & social life; Mementoes","Artists; Art; Painting Equipment; Writing Equipment; Correspondence; Souvenirs; Postcards; Religions: Roman Catholic","","true"
"items/381880","Postcard Album - Souvenir, Bataille De L'Yser, World War I, 1916","Place & Date Depicted","circa 1914-1916","","","","Belgium","Military history; Souvenirs & mementoes; Postcards","Belgian Communities; Belgian Immigration; Wars & Conflicts; World War I, 1914-1918; Making History - War Diaries and Correspondence","John Lord Collection","true"
"items/381880","Postcard Album - Souvenir, Bataille De L'Yser, World War I, 1916","Date Made","1916","","","","","Military history; Souvenirs & mementoes; Postcards","Belgian Communities; Belgian Immigration; Wars & Conflicts; World War I, 1914-1918; Making History - War Diaries and Correspondence","John Lord Collection","true"
"items/2024913","Souvenir Postcard Album - Appenzell, Switzerland, Austria, circa 1955","Past Owner & User","circa 1955","Appenzell","","","Switzerland","Migration; Travel - brought goods; Mementoes","Austrian Immigration; Post War Migration; Tourism; Weaving","","true"
"items/1962037","Postcard Set - Snowy Mountains, New South Wales, 1950s","Past Owner & User","1950s","","","","Australia","Migration; Orientation; Promotional materials","Austrian Immigration; Post War Migration; Skiing; Holiday Resorts; Holidaying; Holidays; Tourism","","true"
"items/1962037","Postcard Set - Snowy Mountains, New South Wales, 1950s","Place & Date Depicted","circa 1950s","","","New South Wales","Australia","Migration; Orientation; Promotional materials","Austrian Immigration; Post War Migration; Skiing; Holiday Resorts; Holidaying; Holidays; Tourism","","true"
"items/1243849","Postcard - Private Albert Edward Kemp, 'To My Dear Father', Embroidered, 2 Jun 1917","Addressed To","2 Jun 1917","South Yarra","Greater Melbourne","Victoria","Australia","Military history; Personal effects; Correspondence","Birthdays; Death & Mourning; Domestic Life; Wars & Conflicts; World War I, 1914-1918; Making History - Kemp Mourning Collection","Albert Edward Kemp Mourning Collection","true"
"items/1243849","Postcard - Private Albert Edward Kemp, 'To My Dear Father', Embroidered, 2 Jun 1917","Author","","","","","Europe","Military history; Personal effects; Correspondence","Birthdays; Death & Mourning; Domestic Life; Wars & Conflicts; World War I, 1914-1918; Making History - Kemp Mourning Collection","Albert Edward Kemp Mourning Collection","true"
"items/287498","Postcards - Guglielmo Marconi, Lloyd Triestino Line, circa 1960s","Issued By","circa 1960","","","","Italy","Water transport; Steam power; Screw steamers - passenger liners","Advertising; Immigration; Pamphlets; Postcards; Ship Memorabilia; Shipping; Shipping Lines","John McKay Ship Brochures Collection","true"
"items/287498","Postcards - Guglielmo Marconi, Lloyd Triestino Line, circa 1960s","Place & Date Published","circa 1960s","","","","Italy","Water transport; Steam power; Screw steamers - passenger liners","Advertising; Immigration; Pamphlets; Postcards; Ship Memorabilia; Shipping; Shipping Lines","John McKay Ship Brochures Collection","true"
"items/287498","Postcards - Guglielmo Marconi, Lloyd Triestino Line, circa 1960s","User","circa 1960s","Melbourne","Greater Melbourne","Victoria","Australia","Water transport; Steam power; Screw steamers - passenger liners","Advertising; Immigration; Pamphlets; Postcards; Ship Memorabilia; Shipping; Shipping Lines","John McKay Ship Brochures Collection","true"
"items/1092627","Postcard - Given the Chance he'll Make a Great Australian, Amnesty International, circa 2001","Publisher","circa 2001","","","","Australia","Migration; Community activity; Protest materials","Asylum Seekers; Detention Centres; Immigration Policies; Political Protests; Postcards; Refugee Children; Refugees","","true"
"items/1092637","Postcard - 'Refugee Week', Avant Card, 2004","Publisher","2004","","","","Australia","Migration; Community activity; Promotional materials","Asylum Seekers; Detention Centres; Immigrant Voyages; Immigration; Immigration Debates; Immigration Policies; Immigration Selection; Refugee Children; Refugees","","true"
"items/1092637","Postcard - 'Refugee Week', Avant Card, 2004","Organiser of Event","2004","","","","Australia","Migration; Community activity; Promotional materials","Asylum Seekers; Detention Centres; Immigrant Voyages; Immigration; Immigration Debates; Immigration Policies; Immigration Selection; Refugee Children; Refugees","","true"
"items/1092637","Postcard - 'Refugee Week', Avant Card, 2004","Date of Event","24 Oct 2004 - 30 Oct 2004","","","","Australia","Migration; Community activity; Promotional materials","Asylum Seekers; Detention Centres; Immigrant Voyages; Immigration; Immigration Debates; Immigration Policies; Immigration Selection; Refugee Children; Refugees","","true"
"items/1092634","Postcard - 'Recognise the Journey Celebrate the Future', Avant Card, 2003","Publisher","2003","","","","Australia","Migration; Community activity; Promotional materials","Asylum Seekers; Detention Centres; Immigrant Voyages; Immigration; Immigration Debates; Immigration Policies; Immigration Selection; Refugee Children; Refugees","","true"
"items/1092633","Postcard - 'Recognise the Journey Celebrate the Future', Avant Card, 2003","Publisher","2003","","","","Australia","Migration; Community activity; Promotional materials","Asylum Seekers; Detention Centres; Immigrant Voyages; Immigration; Immigration Debates; Immigration Policies; Immigration Selection; Refugee Children; Refugees","","true"
"items/1092631","Postcard - 'I Have an Unjust Country', Avant Card, 2004","Publisher","2004","","","","Australia","Migration; Community activity; Protest materials","Asylum Seekers; Detention Centres; Immigrant Voyages; Immigration; Immigration Debates; Immigration Policies; Immigration Selection; Mandatory Detention of Immigrants; Refugee Children; Refugees","","true"
"items/1092631","Postcard - 'I Have an Unjust Country', Avant Card, 2004","Artist","2004","Melbourne","","Victoria","Australia","Migration; Community activity; Protest materials","Asylum Seekers; Detention Centres; Immigrant Voyages; Immigration; Immigration Debates; Immigration Policies; Immigration Selection; Mandatory Detention of Immigrants; Refugee Children; Refugees","","true"
"items/1092630","Postcard - 'I Have an Unjust Country', Avant Card, 2004","Publisher","2004","","","","Australia","Migration; Community activity; Protest materials","Asylum Seekers; Detention Centres; Immigrant Voyages; Immigration; Immigration Debates; Immigration Policies; Immigration Selection; Mandatory Detention of Immigrants; Refugee Children; Refugees","","true"
"items/1092630","Postcard - 'I Have an Unjust Country', Avant Card, 2004","Artist","2004","Melbourne","","Victoria","Australia","Migration; Community activity; Protest materials","Asylum Seekers; Detention Centres; Immigrant Voyages; Immigration; Immigration Debates; Immigration Policies; Immigration Selection; Mandatory Detention of Immigrants; Refugee Children; Refugees","","true"
"items/1092628","Postcard - 'I Have an Unjust Country', Avant Card, 2004","Publisher","2004","","","","Australia","Migration; Community activity; Protest materials","Asylum Seekers; Detention Centres; Immigrant Voyages; Immigration; Immigration Debates; Immigration Policies; Immigration Selection; Mandatory Detention of Immigrants; Refugee Children; Refugees","","true"
"items/1092628","Postcard - 'I Have an Unjust Country', Avant Card, 2004","Artist","2004","Melbourne","","Victoria","Australia","Migration; Community activity; Protest materials","Asylum Seekers; Detention Centres; Immigrant Voyages; Immigration; Immigration Debates; Immigration Policies; Immigration Selection; Mandatory Detention of Immigrants; Refugee Children; Refugees","","true"
"items/1092107","Postcard - 'Refugee Week', Avant Card, 2004","Publisher","2004","","","","Australia","Migration; Community activity; Promotional materials","Asylum Seekers; Detention Centres; Immigrant Voyages; Immigration; Immigration Debates; Immigration Policies; Immigration Selection; Refugee Children; Refugees","","true"
"items/1092107","Postcard - 'Refugee Week', Avant Card, 2004","Organiser of Event","2004","","","","Australia","Migration; Community activity; Promotional materials","Asylum Seekers; Detention Centres; Immigrant Voyages; Immigration; Immigration Debates; Immigration Policies; Immigration Selection; Refugee Children; Refugees","","true"
"items/1092107","Postcard - 'Refugee Week', Avant Card, 2004","Date of Event","24 Oct 2004 - 30 Oct 2004","","","","Australia","Migration; Community activity; Promotional materials","Asylum Seekers; Detention Centres; Immigrant Voyages; Immigration; Immigration Debates; Immigration Policies; Immigration Selection; Refugee Children; Refugees","","true"
"items/146579","Postcard - Gibraltar, The Rock Photographic Service, circa 1950s","Place & Date Manufactured","circa 1950s","","","","United States of America","Migration; Travel - brought goods; Mementoes","Assisted Immigration; British Immigration; Brought Goods; Identifications; Immigration; Immigration Policies; Immigration Selection; Migration & Settlement; Ten Pound Tourists","","true"
"items/146579","Postcard - Gibraltar, The Rock Photographic Service, circa 1950s","Publisher","circa 1950s","","","","Gibraltar","Migration; Travel - brought goods; Mementoes","Assisted Immigration; British Immigration; Brought Goods; Identifications; Immigration; Immigration Policies; Immigration Selection; Migration & Settlement; Ten Pound Tourists","","true"
"items/146579","Postcard - Gibraltar, The Rock Photographic Service, circa 1950s","Place Depicted","","","","","Gibraltar","Migration; Travel - brought goods; Mementoes","Assisted Immigration; British Immigration; Brought Goods; Identifications; Immigration; Immigration Policies; Immigration Selection; Migration & Settlement; Ten Pound Tourists","","true"
"items/146579","Postcard - Gibraltar, The Rock Photographic Service, circa 1950s","User","1961-2003","","","","Australia","Migration; Travel - brought goods; Mementoes","Assisted Immigration; British Immigration; Brought Goods; Identifications; Immigration; Immigration Policies; Immigration Selection; Migration & Settlement; Ten Pound Tourists","","true"
"items/1917572","Postcard - 'Illustrated Souvenir of the Visit of Their Royal Highnesses the Duke & Duchess of York', Sydney, April 1927","Person Depicted","Apr 1927","","","","","Public events; Royal visits; Souvenirs","Royal Visits; Souvenirs; Royalty; Parliament Houses","","true"
"items/1917572","Postcard - 'Illustrated Souvenir of the Visit of Their Royal Highnesses the Duke & Duchess of York', Sydney, April 1927","Person Depicted","Apr 1927","","","","","Public events; Royal visits; Souvenirs","Royal Visits; Souvenirs; Royalty; Parliament Houses","","true"
"items/255205","Postcard - Southern Facade, Exhibition Building, Gum Leaf Series, Melbourne, circa 1908","Place & Date Made","circa 1908","","","Victoria","Australia","Royal exhibition building; Revenue; Souvenir postcards","Buildings; Civic Mementoes; Exterior Views; Postcards; Royal Exhibition Building; Souvenirs","Royal Exhibition Building Collection","true"
"items/255205","Postcard - Southern Facade, Exhibition Building, Gum Leaf Series, Melbourne, circa 1908","Place & Date Depicted","circa 1908","Melbourne","Greater Melbourne","Victoria","Australia","Royal exhibition building; Revenue; Souvenir postcards","Buildings; Civic Mementoes; Exterior Views; Postcards; Royal Exhibition Building; Souvenirs","Royal Exhibition Building Collection","true"
"items/255268","Postcard - South East Facade, Exhibition Building, JW Lindt, Melbourne, circa 1905","Place & Date Made","circa 1905","Leipzig","","Saxony","Germany","Royal exhibition building; Revenue; Souvenir postcards","Buildings; Civic Mementoes; Exterior Views; Photography; Postcards; Royal Exhibition Building; Souvenirs","Royal Exhibition Building Collection","true"
"items/255268","Postcard - South East Facade, Exhibition Building, JW Lindt, Melbourne, circa 1905","Place & Date Depicted","circa 1880","Melbourne","Greater Melbourne","Victoria","Australia","Royal exhibition building; Revenue; Souvenir postcards","Buildings; Civic Mementoes; Exterior Views; Photography; Postcards; Royal Exhibition Building; Souvenirs","Royal Exhibition Building Collection","true"
"items/255268","Postcard - South East Facade, Exhibition Building, JW Lindt, Melbourne, circa 1905","Photographer","circa 1880","Melbourne","Greater Melbourne","Victoria","Australia","Royal exhibition building; Revenue; Souvenir postcards","Buildings; Civic Mementoes; Exterior Views; Photography; Postcards; Royal Exhibition Building; Souvenirs","Royal Exhibition Building Collection","true"
"items/255387","Postcard - Town Hall & Exhibition Building, WT Pater, Melbourne, 1908","Publisher","1908","Melbourne","Greater Melbourne","Victoria","Australia","Royal exhibition building; Revenue; Souvenir postcards","Buildings; Civic Mementoes; Correspondence; Exterior Views; Great White Fleet; Postcards; Royal Exhibition Building; Souvenirs; United States Fleet Visit to Melbourne, 1908; United States Navy","Royal Exhibition Building Collection","true"
"items/255387","Postcard - Town Hall & Exhibition Building, WT Pater, Melbourne, 1908","Place & Date Depicted","1908","Melbourne","Greater Melbourne","Victoria","Australia","Royal exhibition building; Revenue; Souvenir postcards","Buildings; Civic Mementoes; Correspondence; Exterior Views; Great White Fleet; Postcards; Royal Exhibition Building; Souvenirs; United States Fleet Visit to Melbourne, 1908; United States Navy","Royal Exhibition Building Collection","true"
"items/255387","Postcard - Town Hall & Exhibition Building, WT Pater, Melbourne, 1908","Place & Date Depicted","1908","Melbourne","Greater Melbourne","Victoria","Australia","Royal exhibition building; Revenue; Souvenir postcards","Buildings; Civic Mementoes; Correspondence; Exterior Views; Great White Fleet; Postcards; Royal Exhibition Building; Souvenirs; United States Fleet Visit to Melbourne, 1908; United States Navy","Royal Exhibition Building Collection","true"
"items/255387","Postcard - Town Hall & Exhibition Building, WT Pater, Melbourne, 1908","Printer","1908","Melbourne","Greater Melbourne","Victoria","Australia","Royal exhibition building; Revenue; Souvenir postcards","Buildings; Civic Mementoes; Correspondence; Exterior Views; Great White Fleet; Postcards; Royal Exhibition Building; Souvenirs; United States Fleet Visit to Melbourne, 1908; United States Navy","Royal Exhibition Building Collection","true"
"items/255357","Postcard - Greetings from Melbourne & Exhibition Building, Melbourne, circa 1906","Place & Date Made","circa 1906","","","","Australia","Royal exhibition building; Revenue; Souvenir postcards","Aboriginal People; Buildings; Cattle; Civic Mementoes; Correspondence; Exterior Views; Postcards; Rivers; Royal Exhibition Building; Souvenirs","Royal Exhibition Building Collection","true"
"items/255357","Postcard - Greetings from Melbourne & Exhibition Building, Melbourne, circa 1906","Place & Date Depicted","circa 1906","Melbourne","Greater Melbourne","Victoria","Australia","Royal exhibition building; Revenue; Souvenir postcards","Aboriginal People; Buildings; Cattle; Civic Mementoes; Correspondence; Exterior Views; Postcards; Rivers; Royal Exhibition Building; Souvenirs","Royal Exhibition Building Collection","true"
"items/255357","Postcard - Greetings from Melbourne & Exhibition Building, Melbourne, circa 1906","Addressed To","15 Aug 1906","Swanage","","","England, Great Britain","Royal exhibition building; Revenue; Souvenir postcards","Aboriginal People; Buildings; Cattle; Civic Mementoes; Correspondence; Exterior Views; Postcards; Rivers; Royal Exhibition Building; Souvenirs","Royal Exhibition Building Collection","true"
"items/255357","Postcard - Greetings from Melbourne & Exhibition Building, Melbourne, circa 1906","Place & Date Used","1906","Melbourne","Greater Melbourne","Victoria","Australia","Royal exhibition building; Revenue; Souvenir postcards","Aboriginal People; Buildings; Cattle; Civic Mementoes; Correspondence; Exterior Views; Postcards; Rivers; Royal Exhibition Building; Souvenirs","Royal Exhibition Building Collection","true"
"items/2299182","Postcard - Sinhalese Lady in a Rickshaw, Colombo, Ceylon, 1967","Organisation Named","","","","","","Migration; Travel - shipboard life; Souvenirs","Travel; Immigration; British Immigration; Ship Memorabilia","","true"
"items/2125969","Postcard - Portrait, Private William Nairn to Sister, World War I, 3 Feb 1918","Place & Date Written","3 Feb 1918","","","","","Military history; Service; Correspondence","World War I, 1914-1918; Military Memorabilia; Death & Mourning; Correspondence","","true"
"items/2125969","Postcard - Portrait, Private William Nairn to Sister, World War I, 3 Feb 1918","Author","3 Feb 1918","","","","","Military history; Service; Correspondence","World War I, 1914-1918; Military Memorabilia; Death & Mourning; Correspondence","","true"
"items/2125969","Postcard - Portrait, Private William Nairn to Sister, World War I, 3 Feb 1918","Addressed To","3 Feb 1918","","","","","Military history; Service; Correspondence","World War I, 1914-1918; Military Memorabilia; Death & Mourning; Correspondence","","true"
"items/255239","Postcard - Western Facade & Forecourt, Exhibition Building, Harding & Billing, Melbourne, circa 1905","Publisher","circa 1905","Sydney","Greater Sydney","New South Wales","Australia","Royal exhibition building; Revenue; Souvenir postcards","Buildings; Civic Mementoes; Exterior Views; Gardens; Postcards; Royal Exhibition Building; Souvenirs","Royal Exhibition Building Collection","true"
"items/255239","Postcard - Western Facade & Forecourt, Exhibition Building, Harding & Billing, Melbourne, circa 1905","Place & Date Depicted","circa 1905","Melbourne","Greater Melbourne","Victoria","Australia","Royal exhibition building; Revenue; Souvenir postcards","Buildings; Civic Mementoes; Exterior Views; Gardens; Postcards; Royal Exhibition Building; Souvenirs","Royal Exhibition Building Collection","true"
"items/255208","Postcard - 'A Peep at the Exhibition Building', Southern Facade, Exhibition Building, Melbourne, circa 1905","Place & Date Made","circa 1905","","","Victoria","Australia","Royal exhibition building; Revenue; Souvenir postcards","Buildings; Christmas; Christmas Cards; Civic Mementoes; Correspondence; Exterior Views; Postcards; Royal Exhibition Building","Royal Exhibition Building Collection","true"
"items/255208","Postcard - 'A Peep at the Exhibition Building', Southern Facade, Exhibition Building, Melbourne, circa 1905","Place & Date Depicted","circa 1905","Melbourne","Greater Melbourne","Victoria","Australia","Royal exhibition building; Revenue; Souvenir postcards","Buildings; Christmas; Christmas Cards; Civic Mementoes; Correspondence; Exterior Views; Postcards; Royal Exhibition Building","Royal Exhibition Building Collection","true"
"items/255208","Postcard - 'A Peep at the Exhibition Building', Southern Facade, Exhibition Building, Melbourne, circa 1905","Addressed To","circa 1905","Carlton","Greater Melbourne","Victoria","Australia","Royal exhibition building; Revenue; Souvenir postcards","Buildings; Christmas; Christmas Cards; Civic Mementoes; Correspondence; Exterior Views; Postcards; Royal Exhibition Building","Royal Exhibition Building Collection","true"
"items/1962067","Postcard Set - 'Beautiful Manly', New South Wales, 1950s","Past Owner & User","1950s","","","","Australia","Migration; Orientation; Promotional materials","Austrian Immigration; Post War Migration; Tourism; Beaches","","true"
"items/1962067","Postcard Set - 'Beautiful Manly', New South Wales, 1950s","Place Named","","Manly","Greater Sydney","New South Wales","Australia","Migration; Orientation; Promotional materials","Austrian Immigration; Post War Migration; Tourism; Beaches","","true"
"items/1243854","Postcard - Private Albert Edward Kemp, 'To My Mother', Embroidered, 2 Jun 1917","Author","2 Jun 1917","","","","Europe","Military history; Personal effects; Correspondence","Birthdays; Death & Mourning; Domestic Life; Wars & Conflicts; World War I, 1914-1918; Making History - Kemp Mourning Collection; Censorship","Albert Edward Kemp Mourning Collection","true"
"items/255283","Postcard - 'A Glimpse of the Exhibition Building', Southern Facade & Hochgurtel Fountain, Exhibition Building, Rose Series, Melbourne, circa 1930","Publisher","circa 1930","Armadale","Greater Melbourne","Victoria","Australia","Royal exhibition building; Revenue; Souvenir postcards","Buildings; Civic Mementoes; Exterior Views; Postcards; Royal Exhibition Building; Souvenirs","Royal Exhibition Building Collection","true"
"items/255283","Postcard - 'A Glimpse of the Exhibition Building', Southern Facade & Hochgurtel Fountain, Exhibition Building, Rose Series, Melbourne, circa 1930","Place & Date Depicted","circa 1930","Melbourne","Greater Melbourne","Victoria","Australia","Royal exhibition building; Revenue; Souvenir postcards","Buildings; Civic Mementoes; Exterior Views; Postcards; Royal Exhibition Building; Souvenirs","Royal Exhibition Building Collection","true"
"items/2103203","Postcard - View From Oliver's Hill, Frankston, circa 1955","Previous Owner","1954-1955","Frankston","Greater Melbourne","Victoria","Australia","Migration; Settlement - cultural & social life; Mementoes","English Immigration; British Immigration; Assisted Immigration; Shipping Lines; Shipboard Travel; Return Migration; Mental Health; Opticians; Children; Religions: Roman Catholic; Education; Working Life; Banks; Banking; Postcards; Souvenirs","","true"
"items/2103203","Postcard - View From Oliver's Hill, Frankston, circa 1955","Previous Owner","","Frankston","Greater Melbourne","Victoria","Australia","Migration; Settlement - cultural & social life; Mementoes","English Immigration; British Immigration; Assisted Immigration; Shipping Lines; Shipboard Travel; Return Migration; Mental Health; Opticians; Children; Religions: Roman Catholic; Education; Working Life; Banks; Banking; Postcards; Souvenirs","","true"
"items/2103203","Postcard - View From Oliver's Hill, Frankston, circa 1955","Publisher","circa 1955","","","","","Migration; Settlement - cultural & social life; Mementoes","English Immigration; British Immigration; Assisted Immigration; Shipping Lines; Shipboard Travel; Return Migration; Mental Health; Opticians; Children; Religions: Roman Catholic; Education; Working Life; Banks; Banking; Postcards; Souvenirs","","true"
"items/2299176","Postcard Envelope - Greetings from the Rock, Gibraltar, 1967","Organisation Named","","","","","","Migration; Travel - shipboard life; Souvenirs","Travel; Immigration; British Immigration; Ship Memorabilia","","true"
"items/2299206","Postcard Envelope - Adelaide & Environs, Adelaide, 1967","Organisation Named","","","","","","Migration; Travel - arrival; Souvenirs","Travel; Immigration; British Immigration; Ship Memorabilia","","true"
"items/2299209","Postcard Envelope - Melbourne, 1967","Organisation Named","","","","","","Migration; Travel - arrival; Souvenirs","Travel; Immigration; British Immigration; Ship Memorabilia","","true"
"items/379380","Postcard Album - Egypt, Peile Brothers, World War I, 1914-1916","Place & Date Depicted","1914-1918","","","","Egypt","Military history; Souvenirs & mementoes; Postcards","Military Memorabilia; World War I, 1914-1918","Military Memorabilia Collection; Returned and Services League (RSL) Collection","true"
"items/379380","Postcard Album - Egypt, Peile Brothers, World War I, 1914-1916","Date Purchased","1914-1916","","","","","Military history; Souvenirs & mementoes; Postcards","Military Memorabilia; World War I, 1914-1918","Military Memorabilia Collection; Returned and Services League (RSL) Collection","true"
"items/379380","Postcard Album - Egypt, Peile Brothers, World War I, 1914-1916","Date Purchased","1914-1916","","","","","Military history; Souvenirs & mementoes; Postcards","Military Memorabilia; World War I, 1914-1918","Military Memorabilia Collection; Returned and Services League (RSL) Collection","true"
"items/1250971","Postcard Folder - 'Fremantle, the Western Gateway of Australia', Nucolorvue Productions, 1955","Publisher","1955","Mentone","Greater Melbourne","Victoria","Australia","Migration; Travel - shipboard life","Brought Goods; Immigrant Shipping; Immigrant Voyages; Immigration; Postcards; Shipping Lines; Travel","","true"
"items/1250971","Postcard Folder - 'Fremantle, the Western Gateway of Australia', Nucolorvue Productions, 1955","Place Depicted","circa 1955","Fremantle","Greater Perth","Western Australia","Australia","Migration; Travel - shipboard life","Brought Goods; Immigrant Shipping; Immigrant Voyages; Immigration; Postcards; Shipping Lines; Travel","","true"
"items/1250971","Postcard Folder - 'Fremantle, the Western Gateway of Australia', Nucolorvue Productions, 1955","User","1955","Melbourne","","Victoria","Australia","Migration; Travel - shipboard life","Brought Goods; Immigrant Shipping; Immigrant Voyages; Immigration; Postcards; Shipping Lines; Travel","","true"
"items/415819","Postcard - SS Orcades, Orient Line, circa 1950s","Manufactured For","circa 1950s","London","","","England, Great Britain","Migration; Travel - shipboard life; Souvenirs","Immigrant Shipping; Immigration; Immigration Policies; Ship Memorabilia; Shipping; Shipping Lines; Station Pier; Women's Work","Margaret Wood Immigration & Shipping Collection","true"
"items/415819","Postcard - SS Orcades, Orient Line, circa 1950s","Place & Date Used","circa 1950s","","","","","Migration; Travel - shipboard life; Souvenirs","Immigrant Shipping; Immigration; Immigration Policies; Ship Memorabilia; Shipping; Shipping Lines; Station Pier; Women's Work","Margaret Wood Immigration & Shipping Collection","true"
"items/415819","Postcard - SS Orcades, Orient Line, circa 1950s","User","circa 1950s","Melbourne","Greater Melbourne","Victoria","Australia","Migration; Travel - shipboard life; Souvenirs","Immigrant Shipping; Immigration; Immigration Policies; Ship Memorabilia; Shipping; Shipping Lines; Station Pier; Women's Work","Margaret Wood Immigration & Shipping Collection","true"
"items/1826517","Postcard - 'Gedenkstein in Lowitsch', Netta Frolich to Wilhelm Cress, German, World War I, 11 Jan 1917","Date Written","11 Jan 1917","Lowitsch","","","Poland","Military history; Souvenirs & mementoes; Postcards","Wars & Conflicts; World War I, 1914-1918; German Occupation","","true"
"items/1826517","Postcard - 'Gedenkstein in Lowitsch', Netta Frolich to Wilhelm Cress, German, World War I, 11 Jan 1917","Place Named","","Frankfurt","","","Germany","Military history; Souvenirs & mementoes; Postcards","Wars & Conflicts; World War I, 1914-1918; German Occupation","","true"
"items/1826517","Postcard - 'Gedenkstein in Lowitsch', Netta Frolich to Wilhelm Cress, German, World War I, 11 Jan 1917","Author","","","","","","Military history; Souvenirs & mementoes; Postcards","Wars & Conflicts; World War I, 1914-1918; German Occupation","","true"
"items/1826517","Postcard - 'Gedenkstein in Lowitsch', Netta Frolich to Wilhelm Cress, German, World War I, 11 Jan 1917","Addressed To","","","","","","Military history; Souvenirs & mementoes; Postcards","Wars & Conflicts; World War I, 1914-1918; German Occupation","","true"
"items/1400145","Postcard - Lady Northcote, President of the Women's Work Exhibition, 1907","Person Depicted","1907","Melbourne","","Victoria","Australia","Public events; First australian exhibition of women's work 1907; Exhibition heritage","Exhibitions: Melbourne, First Australian Exhibition of Women's Work, 1907; Royal Exhibition Building; Women's Work","Royal Exhibition Building Collection","true"
"items/1400145","Postcard - Lady Northcote, President of the Women's Work Exhibition, 1907","Place & Date of Event","23 Oct 1907 - 30 Nov 1907","Melbourne","","Victoria","Australia","Public events; First australian exhibition of women's work 1907; Exhibition heritage","Exhibitions: Melbourne, First Australian Exhibition of Women's Work, 1907; Royal Exhibition Building; Women's Work","Royal Exhibition Building Collection","true"
"items/1921869","Postcard - 'Rue a Heliopolis', Egypt, Peile Brothers, World War I, 1914-1916","Place & Date Depicted","1914-1916","Cairo","","","Egypt","Military history; Souvenirs & mementoes; Postcards","World War I, 1914-1918; Trams; Tramways; Streetscapes; Postcards","Military Memorabilia Collection; Returned and Services League (RSL) Collection","true"
"items/2126076","Postcard - Red Robin, Private Will Nairn to Sister, World War I, 23 Aug 1917","Place & Date Written","23 Aug 1917","","","","France","Military history; Service; Correspondence","World War I, 1914-1918; Military Memorabilia; Death & Mourning; Correspondence","","true"
"items/2126076","Postcard - Red Robin, Private Will Nairn to Sister, World War I, 23 Aug 1917","Author","","","","","","Military history; Service; Correspondence","World War I, 1914-1918; Military Memorabilia; Death & Mourning; Correspondence","","true"
"items/2126076","Postcard - Red Robin, Private Will Nairn to Sister, World War I, 23 Aug 1917","Place & Date Inscribed","","Paris","","","France","Military history; Service; Correspondence","World War I, 1914-1918; Military Memorabilia; Death & Mourning; Correspondence","","true"
"items/255306","Postcard - Southern Facade, Exhibition Building, Melbourne, 1900-1905","Publisher","1900-1905","Melbourne","Greater Melbourne","Victoria","Australia","Royal exhibition building; Revenue; Souvenir postcards","Buildings; Civic Mementoes; Correspondence; Exterior Views; Postcards; Royal Exhibition Building; Souvenirs","Royal Exhibition Building Collection","true"
"items/255306","Postcard - Southern Facade, Exhibition Building, Melbourne, 1900-1905","Place & Date Depicted","1900-1905","Melbourne","Greater Melbourne","Victoria","Australia","Royal exhibition building; Revenue; Souvenir postcards","Buildings; Civic Mementoes; Correspondence; Exterior Views; Postcards; Royal Exhibition Building; Souvenirs","Royal Exhibition Building Collection","true"
"items/255306","Postcard - Southern Facade, Exhibition Building, Melbourne, 1900-1905","Addressed To","1900-1905","Burnie","","Tasmania","Australia","Royal exhibition building; Revenue; Souvenir postcards","Buildings; Civic Mementoes; Correspondence; Exterior Views; Postcards; Royal Exhibition Building; Souvenirs","Royal Exhibition Building Collection","true"
"items/255306","Postcard - Southern Facade, Exhibition Building, Melbourne, 1900-1905","Place & Date Used","1905","Woodend","","Victoria","Australia","Royal exhibition building; Revenue; Souvenir postcards","Buildings; Civic Mementoes; Correspondence; Exterior Views; Postcards; Royal Exhibition Building; Souvenirs","Royal Exhibition Building Collection","true"
"items/2126166","Postcard - Jackson & Nairn Families, circa 1911","Place & Date Depicted","circa 1911","","","Victoria","Australia","Portraits; Female & male - groups; Adults","World War I, 1914-1918; Military Memorabilia; Death & Mourning; Correspondence","","true"
"items/2126166","Postcard - Jackson & Nairn Families, circa 1911","Person Depicted","","","","","","Portraits; Female & male - groups; Adults","World War I, 1914-1918; Military Memorabilia; Death & Mourning; Correspondence","","true"
"items/2126166","Postcard - Jackson & Nairn Families, circa 1911","Person Depicted","","","","","","Portraits; Female & male - groups; Adults","World War I, 1914-1918; Military Memorabilia; Death & Mourning; Correspondence","","true"
"items/2126166","Postcard - Jackson & Nairn Families, circa 1911","Person Depicted","","","","","","Portraits; Female & male - groups; Adults","World War I, 1914-1918; Military Memorabilia; Death & Mourning; Correspondence","","true"
"items/2125970","Postcard - 'Constancy', Bill Nairn to Sarah Jackson, World War I, 4 May 1918","Place & Date Written","4 May 1918","","","","","Military history; Service; Correspondence","World War I, 1914-1918; Military Memorabilia; Death & Mourning; Religions: Roman Catholic; Correspondence","","true"
"items/2125970","Postcard - 'Constancy', Bill Nairn to Sarah Jackson, World War I, 4 May 1918","Author","","","","","","Military history; Service; Correspondence","World War I, 1914-1918; Military Memorabilia; Death & Mourning; Religions: Roman Catholic; Correspondence","","true"
"items/1692462","Postcard - 'S.O.C. Day' Seeds of Compassion Day, 2009 Black Saturday Bushfires, Victoria, Sep 2009","Creator","Sep - Nov 2009","Camberwell","Greater Melbourne","Victoria","Australia","Sustainability; Natural disasters; Bushfires","Black Saturday Bushfires, 2009; Bushfires; Death & Mourning; Natural Disasters; Natural Environment; Publications","Victorian Bushfires Collection","true"
"items/1692462","Postcard - 'S.O.C. Day' Seeds of Compassion Day, 2009 Black Saturday Bushfires, Victoria, Sep 2009","Distributor","Sep - Nov 2009","","","Victoria","Australia","Sustainability; Natural disasters; Bushfires","Black Saturday Bushfires, 2009; Bushfires; Death & Mourning; Natural Disasters; Natural Environment; Publications","Victorian Bushfires Collection","true"
"items/1692462","Postcard - 'S.O.C. Day' Seeds of Compassion Day, 2009 Black Saturday Bushfires, Victoria, Sep 2009","Distributor","Sep - Nov 2009","Melbourne","","Victoria","Australia","Sustainability; Natural disasters; Bushfires","Black Saturday Bushfires, 2009; Bushfires; Death & Mourning; Natural Disasters; Natural Environment; Publications","Victorian Bushfires Collection","true"
"items/1692462","Postcard - 'S.O.C. Day' Seeds of Compassion Day, 2009 Black Saturday Bushfires, Victoria, Sep 2009","Distributor","Sep - Nov 2009","Melbourne","","Victoria","Australia","Sustainability; Natural disasters; Bushfires","Black Saturday Bushfires, 2009; Bushfires; Death & Mourning; Natural Disasters; Natural Environment; Publications","Victorian Bushfires Collection","true"
"items/1692462","Postcard - 'S.O.C. Day' Seeds of Compassion Day, 2009 Black Saturday Bushfires, Victoria, Sep 2009","Distributor","Sep - Nov 2009","Melbourne","","Victoria","Australia","Sustainability; Natural disasters; Bushfires","Black Saturday Bushfires, 2009; Bushfires; Death & Mourning; Natural Disasters; Natural Environment; Publications","Victorian Bushfires Collection","true"
"items/1692462","Postcard - 'S.O.C. Day' Seeds of Compassion Day, 2009 Black Saturday Bushfires, Victoria, Sep 2009","Distributor","Sep - Nov 2009","Kinglake","","Victoria","Australia","Sustainability; Natural disasters; Bushfires","Black Saturday Bushfires, 2009; Bushfires; Death & Mourning; Natural Disasters; Natural Environment; Publications","Victorian Bushfires Collection","true"
"items/1692462","Postcard - 'S.O.C. Day' Seeds of Compassion Day, 2009 Black Saturday Bushfires, Victoria, Sep 2009","Distributor","Sep - Nov 2009","Melbourne","","Victoria","Australia","Sustainability; Natural disasters; Bushfires","Black Saturday Bushfires, 2009; Bushfires; Death & Mourning; Natural Disasters; Natural Environment; Publications","Victorian Bushfires Collection","true"
"items/1692462","Postcard - 'S.O.C. Day' Seeds of Compassion Day, 2009 Black Saturday Bushfires, Victoria, Sep 2009","Distributor","Oct 2009","","","Victoria","Australia","Sustainability; Natural disasters; Bushfires","Black Saturday Bushfires, 2009; Bushfires; Death & Mourning; Natural Disasters; Natural Environment; Publications","Victorian Bushfires Collection","true"
"items/1692462","Postcard - 'S.O.C. Day' Seeds of Compassion Day, 2009 Black Saturday Bushfires, Victoria, Sep 2009","Person Named","Jun 2010","Melbourne","","Victoria","Australia","Sustainability; Natural disasters; Bushfires","Black Saturday Bushfires, 2009; Bushfires; Death & Mourning; Natural Disasters; Natural Environment; Publications","Victorian Bushfires Collection","true"
"items/1763645","Postcard - Botanical Gardens and Government House, Melbourne, To Nettie Scott from Marion Flinn, Melbourne, 27 Jan 1904","Sender","27 Jan 1904","Melbourne","","Victoria","Australia","Communications; Postal; Correspondence","Correspondence; Gardens; Government House, Victoria; Postcards; Scottish Communities; Scottish Immigration; Urban Landscapes","","true"
"items/1763645","Postcard - Botanical Gardens and Government House, Melbourne, To Nettie Scott from Marion Flinn, Melbourne, 27 Jan 1904","Addressed To","27 Jan 1904","","","","Scotland","Communications; Postal; Correspondence","Correspondence; Gardens; Government House, Victoria; Postcards; Scottish Communities; Scottish Immigration; Urban Landscapes","","true"
"items/1763653","Postcard - Coogee Bay, N.S.W., To Anna Scott from Marion Flinn, Melbourne, 30 Mar 1904","Sender","30 Mar 1904","Melbourne","","Victoria","Australia","Communications; Postal; Correspondence","Bathing; Bays; Beaches; Coastal Landscapes; Correspondence; Postcards; Scottish Communities; Scottish Immigration; Social Activities; Social Life","","true"
"items/1763653","Postcard - Coogee Bay, N.S.W., To Anna Scott from Marion Flinn, Melbourne, 30 Mar 1904","Addressed To","30 Mar 1904","","","","Scotland","Communications; Postal; Correspondence","Bathing; Bays; Beaches; Coastal Landscapes; Correspondence; Postcards; Scottish Communities; Scottish Immigration; Social Activities; Social Life","","true"
"items/1763644","Postcard - Burke & Wills Statue, Melbourne, To Anna Scott from Marion Flinn, Melbourne, 19 Jan 1904","Sender","19 Jan 1904","Melbourne","","Victoria","Australia","Communications; Postal; Correspondence","Burke & Wills Expedition, 1860-1861; Correspondence; Melbourne Landmarks; Postcards; Scottish Communities; Scottish Immigration; Statues","","true"
"items/1763644","Postcard - Burke & Wills Statue, Melbourne, To Anna Scott from Marion Flinn, Melbourne, 19 Jan 1904","Addressed To","19 Jan 1904","","","","Scotland","Communications; Postal; Correspondence","Burke & Wills Expedition, 1860-1861; Correspondence; Melbourne Landmarks; Postcards; Scottish Communities; Scottish Immigration; Statues","","true"
"items/1346838","Postcard - 'Ptolemaisches Planetarium', Karl Muffler, 1926","Addressed To","16 Dec 1926","","","","Portugal","Migration; Travel - shipboard life; Correspondence","Cake Decorating; Forestry Camps; German Communities; German Immigration; Internment Camps; Pastry Making","Karl Muffler German Pastry Chef Collection","true"
"items/255324","Postcard - South West Facade, Exhibition Building, Robert Jolley, Melbourne, post 1905","Publisher","post 1905","Melbourne","Greater Melbourne","Victoria","Australia","Royal exhibition building; Revenue; Souvenir postcards","Buildings; Civic Mementoes; Correspondence; Exterior Views; Postcards; Royal Exhibition Building; Souvenirs","Royal Exhibition Building Collection","true"
"items/255324","Postcard - South West Facade, Exhibition Building, Robert Jolley, Melbourne, post 1905","Place & Date Depicted","post 1905","Melbourne","Greater Melbourne","Victoria","Australia","Royal exhibition building; Revenue; Souvenir postcards","Buildings; Civic Mementoes; Correspondence; Exterior Views; Postcards; Royal Exhibition Building; Souvenirs","Royal Exhibition Building Collection","true"
"items/255324","Postcard - South West Facade, Exhibition Building, Robert Jolley, Melbourne, post 1905","Addressed To","post 1905","","","","","Royal exhibition building; Revenue; Souvenir postcards","Buildings; Civic Mementoes; Correspondence; Exterior Views; Postcards; Royal Exhibition Building; Souvenirs","Royal Exhibition Building Collection","true"
"items/255348","Postcard - South West Facade, Exhibition Building, VSM Series, Melbourne, circa 1905","Publisher","circa 1905","","","Victoria","Australia","Royal exhibition building; Revenue; Souvenir postcards","Buildings; Civic Mementoes; Correspondence; Exterior Views; Postcards; Royal Exhibition Building; Souvenirs","Royal Exhibition Building Collection","true"
"items/255348","Postcard - South West Facade, Exhibition Building, VSM Series, Melbourne, circa 1905","Place & Date Depicted","circa 1905","Melbourne","Greater Melbourne","Victoria","Australia","Royal exhibition building; Revenue; Souvenir postcards","Buildings; Civic Mementoes; Correspondence; Exterior Views; Postcards; Royal Exhibition Building; Souvenirs","Royal Exhibition Building Collection","true"
"items/255442","Postcard - South West Facade, Exhibition Building, Wide Wide World Series, Melbourne, 1905","Publisher","1905","","","","England, Great Britain","Royal exhibition building; Revenue; Souvenir postcards","Buildings; Civic Mementoes; Correspondence; Postcards; Royal Exhibition Building; Souvenirs","Royal Exhibition Building Collection","true"
"items/255442","Postcard - South West Facade, Exhibition Building, Wide Wide World Series, Melbourne, 1905","Artist","","","","","England, Great Britain","Royal exhibition building; Revenue; Souvenir postcards","Buildings; Civic Mementoes; Correspondence; Postcards; Royal Exhibition Building; Souvenirs","Royal Exhibition Building Collection","true"
"items/255442","Postcard - South West Facade, Exhibition Building, Wide Wide World Series, Melbourne, 1905","Sender","1905","Melbourne","Greater Melbourne","Victoria","Australia","Royal exhibition building; Revenue; Souvenir postcards","Buildings; Civic Mementoes; Correspondence; Postcards; Royal Exhibition Building; Souvenirs","Royal Exhibition Building Collection","true"
"items/255442","Postcard - South West Facade, Exhibition Building, Wide Wide World Series, Melbourne, 1905","Addressed To","1905","","","","Canada & United States of America","Royal exhibition building; Revenue; Souvenir postcards","Buildings; Civic Mementoes; Correspondence; Postcards; Royal Exhibition Building; Souvenirs","Royal Exhibition Building Collection","true"
"items/255442","Postcard - South West Facade, Exhibition Building, Wide Wide World Series, Melbourne, 1905","Place & Date Depicted","1905","Carlton","Greater Melbourne","Victoria","Australia","Royal exhibition building; Revenue; Souvenir postcards","Buildings; Civic Mementoes; Correspondence; Postcards; Royal Exhibition Building; Souvenirs","Royal Exhibition Building Collection","true"
"items/255371","Postcard - Southern Facade, Exhibition Building, Melbourne, post 1905","Place & Date Made","circa 1905","","","","Germany","Royal exhibition building; Revenue; Souvenir postcards","Buildings; Civic Mementoes; Correspondence; Exterior Views; Postcards; Royal Exhibition Building; Souvenirs","Royal Exhibition Building Collection","true"
"items/255371","Postcard - Southern Facade, Exhibition Building, Melbourne, post 1905","Place & Date Depicted","1880-1890","Melbourne","","Victoria","Australia","Royal exhibition building; Revenue; Souvenir postcards","Buildings; Civic Mementoes; Correspondence; Exterior Views; Postcards; Royal Exhibition Building; Souvenirs","Royal Exhibition Building Collection","true"
"items/255371","Postcard - Southern Facade, Exhibition Building, Melbourne, post 1905","Addressed To","post 1905","","","","Australia","Royal exhibition building; Revenue; Souvenir postcards","Buildings; Civic Mementoes; Correspondence; Exterior Views; Postcards; Royal Exhibition Building; Souvenirs","Royal Exhibition Building Collection","true"
"items/255371","Postcard - Southern Facade, Exhibition Building, Melbourne, post 1905","Place & Date Used","post 1905","Canterbury","Greater Melbourne","Victoria","Australia","Royal exhibition building; Revenue; Souvenir postcards","Buildings; Civic Mementoes; Correspondence; Exterior Views; Postcards; Royal Exhibition Building; Souvenirs","Royal Exhibition Building Collection","true"
"items/255382","Postcard - Southern Facade, Exhibition Building, Robert Jolley, Melbourne, post 1905","Publisher","post 1905","Melbourne","Greater Melbourne","Victoria","Australia","Royal exhibition building; Revenue; Souvenir postcards","Buildings; Civic Mementoes; Correspondence; Exterior Views; Postcards; Royal Exhibition Building; Souvenirs","Royal Exhibition Building Collection","true"
"items/255382","Postcard - Southern Facade, Exhibition Building, Robert Jolley, Melbourne, post 1905","Place & Date Depicted","post 1905","Melbourne","Greater Melbourne","Victoria","Australia","Royal exhibition building; Revenue; Souvenir postcards","Buildings; Civic Mementoes; Correspondence; Exterior Views; Postcards; Royal Exhibition Building; Souvenirs","Royal Exhibition Building Collection","true"
"items/255382","Postcard - Southern Facade, Exhibition Building, Robert Jolley, Melbourne, post 1905","Addressed To","post 1905","","","","England, Great Britain","Royal exhibition building; Revenue; Souvenir postcards","Buildings; Civic Mementoes; Correspondence; Exterior Views; Postcards; Royal Exhibition Building; Souvenirs","Royal Exhibition Building Collection","true"
"items/255382","Postcard - Southern Facade, Exhibition Building, Robert Jolley, Melbourne, post 1905","Place & Date Used","post 1905","Melbourne","Greater Melbourne","Victoria","Australia","Royal exhibition building; Revenue; Souvenir postcards","Buildings; Civic Mementoes; Correspondence; Exterior Views; Postcards; Royal Exhibition Building; Souvenirs","Royal Exhibition Building Collection","true"
"items/255265","Postcard - Southern Facade, Exhibition Building, Melbourne, post 1905","Place & Date Made","post 1905","","","","Germany","Royal exhibition building; Revenue; Souvenir postcards","Buildings; Civic Mementoes; Exterior Views; Postcards; Royal Exhibition Building; Souvenirs","Royal Exhibition Building Collection","true"
"items/255265","Postcard - Southern Facade, Exhibition Building, Melbourne, post 1905","Place & Date Depicted","1880s","Melbourne","Greater Melbourne","Victoria","Australia","Royal exhibition building; Revenue; Souvenir postcards","Buildings; Civic Mementoes; Exterior Views; Postcards; Royal Exhibition Building; Souvenirs","Royal Exhibition Building Collection","true"
"items/255263","Postcard - Southern Facade, Exhibition Building, Australian Youth Series, Melbourne, post 1905","Place & Date Made","post 1905","","","","Australia","Royal exhibition building; Revenue; Souvenir postcards","Buildings; Civic Mementoes; Exterior Views; Fountains; Postcards; Royal Exhibition Building; Souvenirs","Royal Exhibition Building Collection","true"
"items/255263","Postcard - Southern Facade, Exhibition Building, Australian Youth Series, Melbourne, post 1905","Place & Date Depicted","1880","Melbourne","Greater Melbourne","Victoria","Australia","Royal exhibition building; Revenue; Souvenir postcards","Buildings; Civic Mementoes; Exterior Views; Fountains; Postcards; Royal Exhibition Building; Souvenirs","Royal Exhibition Building Collection","true"
"items/255393","Postcard - Exhibition Building & Views of Melbourne, Valentine's Series, Melbourne, circa 1915","Publisher","circa 1915","","","","Germany","Royal exhibition building; Revenue; Souvenir postcards","Buildings; Civic Mementoes; Correspondence; Exterior Views; Postcards; Royal Exhibition Building; Souvenirs","Royal Exhibition Building Collection","true"
"items/255393","Postcard - Exhibition Building & Views of Melbourne, Valentine's Series, Melbourne, circa 1915","Place Depicted","circa 1915","Carlton","Greater Melbourne","Victoria","Australia","Royal exhibition building; Revenue; Souvenir postcards","Buildings; Civic Mementoes; Correspondence; Exterior Views; Postcards; Royal Exhibition Building; Souvenirs","Royal Exhibition Building Collection","true"
"items/255393","Postcard - Exhibition Building & Views of Melbourne, Valentine's Series, Melbourne, circa 1915","Place Depicted","","Melbourne","Greater Melbourne","Victoria","Australia","Royal exhibition building; Revenue; Souvenir postcards","Buildings; Civic Mementoes; Correspondence; Exterior Views; Postcards; Royal Exhibition Building; Souvenirs","Royal Exhibition Building Collection","true"
"items/255393","Postcard - Exhibition Building & Views of Melbourne, Valentine's Series, Melbourne, circa 1915","Place Depicted","","South Melbourne","Greater Melbourne","Victoria","Australia","Royal exhibition building; Revenue; Souvenir postcards","Buildings; Civic Mementoes; Correspondence; Exterior Views; Postcards; Royal Exhibition Building; Souvenirs","Royal Exhibition Building Collection","true"
"items/255393","Postcard - Exhibition Building & Views of Melbourne, Valentine's Series, Melbourne, circa 1915","Place Depicted","","Melbourne","Greater Melbourne","Victoria","Australia","Royal exhibition building; Revenue; Souvenir postcards","Buildings; Civic Mementoes; Correspondence; Exterior Views; Postcards; Royal Exhibition Building; Souvenirs","Royal Exhibition Building Collection","true"
"items/255393","Postcard - Exhibition Building & Views of Melbourne, Valentine's Series, Melbourne, circa 1915","Place Depicted","","Hawthorn","Greater Melbourne","Victoria","Australia","Royal exhibition building; Revenue; Souvenir postcards","Buildings; Civic Mementoes; Correspondence; Exterior Views; Postcards; Royal Exhibition Building; Souvenirs","Royal Exhibition Building Collection","true"
"items/255393","Postcard - Exhibition Building & Views of Melbourne, Valentine's Series, Melbourne, circa 1915","Place Depicted","","Malvern","Greater Melbourne","Victoria","Australia","Royal exhibition building; Revenue; Souvenir postcards","Buildings; Civic Mementoes; Correspondence; Exterior Views; Postcards; Royal Exhibition Building; Souvenirs","Royal Exhibition Building Collection","true"
"items/255351","Postcard - Southern Facade, Exhibition Building, Harding & Billing, Melbourne, circa 1905","Publisher","circa 1905","","","","Australia","Royal exhibition building; Revenue; Souvenir postcards","Buildings; Civic Mementoes; Correspondence; Exterior Views; Postcards; Royal Exhibition Building; Souvenirs","Royal Exhibition Building Collection","true"
"items/255351","Postcard - Southern Facade, Exhibition Building, Harding & Billing, Melbourne, circa 1905","Place & Date Depicted","circa 1905","Melbourne","Greater Melbourne","Victoria","Australia","Royal exhibition building; Revenue; Souvenir postcards","Buildings; Civic Mementoes; Correspondence; Exterior Views; Postcards; Royal Exhibition Building; Souvenirs","Royal Exhibition Building Collection","true"
"items/255362","Postcard - Southern Facade, Exhibition Building, Robert Jolley, Melbourne, 1904","Publisher","post 1900","Melbourne","Greater Melbourne","Victoria","Australia","Royal exhibition building; Revenue; Souvenir postcards","Buildings; Civic Mementoes; Correspondence; Exterior Views; Postcards; Royal Exhibition Building; Souvenirs","Royal Exhibition Building Collection","true"
"items/255362","Postcard - Southern Facade, Exhibition Building, Robert Jolley, Melbourne, 1904","Place & Date Depicted","1904","Melbourne","Greater Melbourne","Victoria","Australia","Royal exhibition building; Revenue; Souvenir postcards","Buildings; Civic Mementoes; Correspondence; Exterior Views; Postcards; Royal Exhibition Building; Souvenirs","Royal Exhibition Building Collection","true"
"items/255362","Postcard - Southern Facade, Exhibition Building, Robert Jolley, Melbourne, 1904","Addressed To","24 Aug 1904","Hunters Hill","Greater Sydney","New South Wales","Australia","Royal exhibition building; Revenue; Souvenir postcards","Buildings; Civic Mementoes; Correspondence; Exterior Views; Postcards; Royal Exhibition Building; Souvenirs","Royal Exhibition Building Collection","true"
"items/255361","Postcard - Southern Facade, Exhibition Building, Robert Jolley, Melbourne, circa 1905","Publisher","circa 1905","Melbourne","Greater Melbourne","Victoria","Australia","Royal exhibition building; Revenue; Souvenir postcards","Buildings; Civic Mementoes; Correspondence; Exterior Views; Postcards; Royal Exhibition Building; Souvenirs","Royal Exhibition Building Collection","true"
"items/255361","Postcard - Southern Facade, Exhibition Building, Robert Jolley, Melbourne, circa 1905","Place & Date Depicted","circa 1904","Melbourne","Greater Melbourne","Victoria","Australia","Royal exhibition building; Revenue; Souvenir postcards","Buildings; Civic Mementoes; Correspondence; Exterior Views; Postcards; Royal Exhibition Building; Souvenirs","Royal Exhibition Building Collection","true"
"items/255361","Postcard - Southern Facade, Exhibition Building, Robert Jolley, Melbourne, circa 1905","Addressed To","1905","","","","","Royal exhibition building; Revenue; Souvenir postcards","Buildings; Civic Mementoes; Correspondence; Exterior Views; Postcards; Royal Exhibition Building; Souvenirs","Royal Exhibition Building Collection","true"
"items/255303","Postcard - Southern Facade, Exhibition Building, Sunny South Series, Melbourne, circa 1906","Place & Date Made","circa 1906","","","","Australia","Royal exhibition building; Revenue; Souvenir postcards","Buildings; Civic Mementoes; Correspondence; Exterior Views; Postcards; Royal Exhibition Building; Souvenirs","Royal Exhibition Building Collection","true"
"items/255303","Postcard - Southern Facade, Exhibition Building, Sunny South Series, Melbourne, circa 1906","Place & Date Depicted","circa 1906","Melbourne","Greater Melbourne","Victoria","Australia","Royal exhibition building; Revenue; Souvenir postcards","Buildings; Civic Mementoes; Correspondence; Exterior Views; Postcards; Royal Exhibition Building; Souvenirs","Royal Exhibition Building Collection","true"
"items/255303","Postcard - Southern Facade, Exhibition Building, Sunny South Series, Melbourne, circa 1906","Addressed To","04 Jan 1906","Toowoomba","","Queensland","Australia","Royal exhibition building; Revenue; Souvenir postcards","Buildings; Civic Mementoes; Correspondence; Exterior Views; Postcards; Royal Exhibition Building; Souvenirs","Royal Exhibition Building Collection","true"
"items/255303","Postcard - Southern Facade, Exhibition Building, Sunny South Series, Melbourne, circa 1906","Place & Date Used","04 Jan 1906","Melbourne","Greater Melbourne","Victoria","Australia","Royal exhibition building; Revenue; Souvenir postcards","Buildings; Civic Mementoes; Correspondence; Exterior Views; Postcards; Royal Exhibition Building; Souvenirs","Royal Exhibition Building Collection","true"
"items/255294","Postcard - South West Facade, Exhibition Building, Victoria Stamp Market, Melbourne, circa 1905","Publisher","circa 1905","","","Prussia","Germany","Royal exhibition building; Revenue; Souvenir postcards","Buildings; Civic Mementoes; Exterior Views; Postcards; Royal Exhibition Building; Souvenirs","Royal Exhibition Building Collection","true"
"items/255294","Postcard - South West Facade, Exhibition Building, Victoria Stamp Market, Melbourne, circa 1905","Place & Date Depicted","circa 1903-1907","Melbourne","Greater Melbourne","Victoria","Australia","Royal exhibition building; Revenue; Souvenir postcards","Buildings; Civic Mementoes; Exterior Views; Postcards; Royal Exhibition Building; Souvenirs","Royal Exhibition Building Collection","true"
"items/255282","Postcard - Southern Facade, Exhibition Building, Rose Series, Melbourne, circa 1943","Publisher","circa 1943","Armadale","Greater Melbourne","Victoria","Australia","Royal exhibition building; Revenue; Souvenir postcards","Buildings; Civic Mementoes; Exterior Views; Postcards; Royal Exhibition Building; Souvenirs","Royal Exhibition Building Collection","true"
"items/255282","Postcard - Southern Facade, Exhibition Building, Rose Series, Melbourne, circa 1943","Place & Date Depicted","circa 1943","Melbourne","Greater Melbourne","Victoria","Australia","Royal exhibition building; Revenue; Souvenir postcards","Buildings; Civic Mementoes; Exterior Views; Postcards; Royal Exhibition Building; Souvenirs","Royal Exhibition Building Collection","true"
"items/2125976","Postcard - 'Tommy at Home in German Dug-outs', Bill Nairn to Brother Ted Nairn, World War I, circa 1918","Date Written","circa 1918","Amiens","","","France","Military history; Service; Correspondence","World War I, 1914-1918; Military Memorabilia; Death & Mourning; Correspondence","","true"
"items/2125976","Postcard - 'Tommy at Home in German Dug-outs', Bill Nairn to Brother Ted Nairn, World War I, circa 1918","Author","","","","","","Military history; Service; Correspondence","World War I, 1914-1918; Military Memorabilia; Death & Mourning; Correspondence","","true"
"items/1922500","Postcard - 'General View of Heliopolis', Egypt, Private John Peile to Mother,  World War I, 1915-1916","Author","circa 1916","","","","","Military history; Service; Recreation & tourism","World War I, 1914-1918; Cityscapes; Postcards; Racism","Military Memorabilia Collection; Returned and Services League (RSL) Collection","true"
"items/1922500","Postcard - 'General View of Heliopolis', Egypt, Private John Peile to Mother,  World War I, 1915-1916","Place & Date Depicted","1914-1915","Cairo","","","Egypt","Military history; Service; Recreation & tourism","World War I, 1914-1918; Cityscapes; Postcards; Racism","Military Memorabilia Collection; Returned and Services League (RSL) Collection","true"
"items/1922472","Postcard - 'Palace Hotel', Heliopolis, Egypt, Charles to Florrie, World War I, Jul 1918","Place & Date Depicted","Jul 1918","Cairo","","","Egypt","Military history; Souvenirs & mementoes; Postcards","World War I, 1914-1918; Hotels; Palaces; Postcards","Military Memorabilia Collection; Returned and Services League (RSL) Collection","true"
"items/1922472","Postcard - 'Palace Hotel', Heliopolis, Egypt, Charles to Florrie, World War I, Jul 1918","Date Written","Jul 1918","","","","","Military history; Souvenirs & mementoes; Postcards","World War I, 1914-1918; Hotels; Palaces; Postcards","Military Memorabilia Collection; Returned and Services League (RSL) Collection","true"
"items/1763596","Postcard - SS Port Macquarie, Lettie & Kate to Nellie & Will, 13 Apr 1913","Sender","13 Apr 1913","","","","","Migration; Settlement - employment; Correspondence","Domestic Work; English Immigration; Immigrant Shipping; Immigrant Voyages; Women's Work","","true"
"items/1763596","Postcard - SS Port Macquarie, Lettie & Kate to Nellie & Will, 13 Apr 1913","Other Association (See Comments)","13 Apr 1913","","","","England, Great Britain","Migration; Settlement - employment; Correspondence","Domestic Work; English Immigration; Immigrant Shipping; Immigrant Voyages; Women's Work","","true"
"items/1763596","Postcard - SS Port Macquarie, Lettie & Kate to Nellie & Will, 13 Apr 1913","Ship Depicted","1913","","","","","Migration; Settlement - employment; Correspondence","Domestic Work; English Immigration; Immigrant Shipping; Immigrant Voyages; Women's Work","","true"
"items/2126004","Postcard - 'Hands Across the Sea', Will Nairn to Mother, World War I, 12 May 1917","Place & Date Written","12 May 1917","","Salisbury Plain","","England","Military history; Service; Correspondence","World War I, 1914-1918; Military Memorabilia; Death & Mourning; Religions: Roman Catholic; Correspondence","","true"
"items/2126004","Postcard - 'Hands Across the Sea', Will Nairn to Mother, World War I, 12 May 1917","Author","","","","","","Military history; Service; Correspondence","World War I, 1914-1918; Military Memorabilia; Death & Mourning; Religions: Roman Catholic; Correspondence","","true"
"items/2126083","Postcard - 'To My Dear Sister', Embroidered, Bill Nairn to Sister, World War I, 10 Apr 1917","Author","10 Apr 1917","","Salisbury Plain","","England","Military history; Service; Correspondence","World War I, 1914-1918; Military Memorabilia; Death & Mourning; Correspondence; Embroidery","","true"
"items/2126083","Postcard - 'To My Dear Sister', Embroidered, Bill Nairn to Sister, World War I, 10 Apr 1917","Place Made","","","","","France","Military history; Service; Correspondence","World War I, 1914-1918; Military Memorabilia; Death & Mourning; Correspondence; Embroidery","","true"
"items/2126083","Postcard - 'To My Dear Sister', Embroidered, Bill Nairn to Sister, World War I, 10 Apr 1917","Person Named","10 Apr 1917","","","","","Military history; Service; Correspondence","World War I, 1914-1918; Military Memorabilia; Death & Mourning; Correspondence; Embroidery","","true"
"items/2125983","Postcard - Group Portrait Aboard the A7, Bill Nairn to Sister, World War I, Dec 1916-Feb 1917","Place & Date Depicted","Dec 1916-Feb 1917","","","","","Military history; Service; Correspondence","World War I, 1914-1918; Military Memorabilia; Death & Mourning; Portraits; Religions: Roman Catholic; Correspondence","","true"
"items/2125983","Postcard - Group Portrait Aboard the A7, Bill Nairn to Sister, World War I, Dec 1916-Feb 1917","Author","Dec 1916-Feb 1917","","","","","Military history; Service; Correspondence","World War I, 1914-1918; Military Memorabilia; Death & Mourning; Portraits; Religions: Roman Catholic; Correspondence","","true"
"items/2125978","Postcard - Group Portrait, Bill Nairn to Sister Sarah Jackson, World War I, 1917-1918","Place & Date Depicted","1917-1918","","","","England","Military history; Service; Correspondence","World War I, 1914-1918; Military Memorabilia; Death & Mourning; Portraits; Soldiers' Comforts; Correspondence; Food Parcels","","true"
"items/2125978","Postcard - Group Portrait, Bill Nairn to Sister Sarah Jackson, World War I, 1917-1918","Author","","","","","","Military history; Service; Correspondence","World War I, 1914-1918; Military Memorabilia; Death & Mourning; Portraits; Soldiers' Comforts; Correspondence; Food Parcels","","true"
"items/2125971","Postcard - 'For Love's Sake', Will (Bill) Nairn to Mother, World War I, 5 May 1918","Place & Date Written","5 May 1918","Codford","Wiltshire","","England","Military history; Service; Correspondence","World War I, 1914-1918; Military Memorabilia; Death & Mourning; Religions: Roman Catholic; Correspondence","","true"
"items/2125971","Postcard - 'For Love's Sake', Will (Bill) Nairn to Mother, World War I, 5 May 1918","Author","","","","","","Military history; Service; Correspondence","World War I, 1914-1918; Military Memorabilia; Death & Mourning; Religions: Roman Catholic; Correspondence","","true"
"items/1763661","Postcard - Federal Coffee Palace, Melbourne, To J. B. Scott from Marion Flinn, Melbourne, 18 May 1904","Sender","18 May 1904","Melbourne","","Victoria","Australia","Communications; Postal; Correspondence","Buildings; Civic Life; Coffee; Correspondence; Melbourne Landmarks; Palaces; Postcards; Scottish Communities; Scottish Immigration","","true"
"items/1763661","Postcard - Federal Coffee Palace, Melbourne, To J. B. Scott from Marion Flinn, Melbourne, 18 May 1904","Addressed To","18 May 1904","paisley","","","Scotland","Communications; Postal; Correspondence","Buildings; Civic Life; Coffee; Correspondence; Melbourne Landmarks; Palaces; Postcards; Scottish Communities; Scottish Immigration","","true"
"items/1763646","Postcard - St. Kilda from Pier, Melbourne, To Nettie Scott from Marion Flinn, Melbourne, 2 Feb 1904","Sender","2 Feb 1904","Melbourne","","Victoria","Australia","Communications; Postal; Correspondence","Civic Life; Correspondence; Piers; Postcards; Scottish Communities; Scottish Immigration; Social Activities; Suburbs; Urban Landscapes; Women's Clothing","","true"
"items/1763646","Postcard - St. Kilda from Pier, Melbourne, To Nettie Scott from Marion Flinn, Melbourne, 2 Feb 1904","Addressed To","2 Feb 1904","","","","Scotland","Communications; Postal; Correspondence","Civic Life; Correspondence; Piers; Postcards; Scottish Communities; Scottish Immigration; Social Activities; Suburbs; Urban Landscapes; Women's Clothing","","true"
"items/1763647","Postcard - Port Melbourne Pier, Harbour View, To Anna Scott from Marion Flinn, Melbourne, 10 Feb 1904","Sender","10 Feb 1904","Melbourne","","Victoria","Australia","Communications; Postal; Correspondence","Correspondence; Harbours; Melbourne Landmarks; Piers; Port of Melbourne; Postcards; Scottish Communities; Scottish Immigration; Ships; Station Pier","","true"
"items/1763647","Postcard - Port Melbourne Pier, Harbour View, To Anna Scott from Marion Flinn, Melbourne, 10 Feb 1904","Addressed To","10 Feb 1904","","","","Scotland","Communications; Postal; Correspondence","Correspondence; Harbours; Melbourne Landmarks; Piers; Port of Melbourne; Postcards; Scottish Communities; Scottish Immigration; Ships; Station Pier","","true"
"items/1763649","Postcard - Post Office, Melbourne, To Nettie Scott from Marion Flinn, Melbourne, 23 Feb 1904","Sender","23 Feb 1904","Melbourne","","Victoria","Australia","Communications; Postal; Correspondence","Buildings; Correspondence; Melbourne Landmarks; Post Offices; Postcards; Scottish Communities; Scottish Immigration; Urban Landscapes","","true"
"items/1763649","Postcard - Post Office, Melbourne, To Nettie Scott from Marion Flinn, Melbourne, 23 Feb 1904","Addressed To","23 Feb 1904","","","","Scotland","Communications; Postal; Correspondence","Buildings; Correspondence; Melbourne Landmarks; Post Offices; Postcards; Scottish Communities; Scottish Immigration; Urban Landscapes","","true"
"items/1763654","Postcard - General Post Office, Sydney, To J. B. Scott from Janet Flinn, Melbourne, 5 Apr 1904","Sender","5 Apr 1904","Melbourne","","Victoria","Australia","Communications; Postal; Correspondence","Buildings; Civic Life; Correspondence; Post Offices; Postcards; Scottish Communities; Scottish Immigration; Urban Landscapes","","true"
"items/1763654","Postcard - General Post Office, Sydney, To J. B. Scott from Janet Flinn, Melbourne, 5 Apr 1904","Addressed To","5 Apr 1904","paisley","","","Scotland","Communications; Postal; Correspondence","Buildings; Civic Life; Correspondence; Post Offices; Postcards; Scottish Communities; Scottish Immigration; Urban Landscapes","","true"
"items/1763648","Postcard - Princess Bridge, Melbourne, To Jas. B. Scott from Marion Flinn, Melbourne, 23 Feb 1904","Sender","23 Feb 1904","Melbourne","","Victoria","Australia","Communications; Postal; Correspondence","Bridges; Correspondence; Melbourne Landmarks; Postcards; Rivers; Scottish Communities; Scottish Immigration","","true"
"items/1763648","Postcard - Princess Bridge, Melbourne, To Jas. B. Scott from Marion Flinn, Melbourne, 23 Feb 1904","Addressed To","23 Feb 1904","","","","Scotland","Communications; Postal; Correspondence","Bridges; Correspondence; Melbourne Landmarks; Postcards; Rivers; Scottish Communities; Scottish Immigration","","true"
"items/1763677","Postcard - Queen's Bridge, Melbourne, To J. B. Scott from Marion Flinn, Melbourne, 7 Dec 1904","Sender","7 Dec 1904","Melbourne","","Victoria","Australia","Communications; Postal; Correspondence","Bridges; Correspondence; Horsedrawn Vehicles; Melbourne Landmarks; Postcards; Scottish Communities; Scottish Immigration; Trams; Urban Landscapes","","true"
"items/1763677","Postcard - Queen's Bridge, Melbourne, To J. B. Scott from Marion Flinn, Melbourne, 7 Dec 1904","Addressed To","7 Dec 1904","Paisley","","","Scotland","Communications; Postal; Correspondence","Bridges; Correspondence; Horsedrawn Vehicles; Melbourne Landmarks; Postcards; Scottish Communities; Scottish Immigration; Trams; Urban Landscapes","","true"
"items/1922511","Postcard - 'The Tombs of the Khalifs', Egypt, Peile Brothers, World War I, 1914-1916","Place & Date Depicted","1914-1916","Cairo","","","Egypt","Military history; Souvenirs & mementoes; Postcards","World War I, 1914-1918; Tombs; Postcards","Military Memorabilia Collection; Returned and Services League (RSL) Collection","true"
"items/1091551","Postcard - MV Dundalk Bay, Irish Bay Lines, circa 1949","Issued By","1949","Belfast","","County Antrim","Ireland","Migration; Travel - shipboard life; Souvenirs","Displaced Persons; German Communities; German Immigration; Immigrant Voyages; Immigration; Immigration Selection; Migrant Camps; National Identity; Slovenian Communities; Slovenian Immigration; Vaccination; World War II, 1939-1945","","true"
"items/1091551","Postcard - MV Dundalk Bay, Irish Bay Lines, circa 1949","User","1949","","","","","Migration; Travel - shipboard life; Souvenirs","Displaced Persons; German Communities; German Immigration; Immigrant Voyages; Immigration; Immigration Selection; Migrant Camps; National Identity; Slovenian Communities; Slovenian Immigration; Vaccination; World War II, 1939-1945","","true"
"items/1091551","Postcard - MV Dundalk Bay, Irish Bay Lines, circa 1949","Ship Depicted","1949","","","","","Migration; Travel - shipboard life; Souvenirs","Displaced Persons; German Communities; German Immigration; Immigrant Voyages; Immigration; Immigration Selection; Migrant Camps; National Identity; Slovenian Communities; Slovenian Immigration; Vaccination; World War II, 1939-1945","","true"
"items/1098950","Postcard - 'Foot Warma', Electric Foot Warmer, Hecla Electrics Pty Ltd, South Yarra, 1927","Manufacturer","circa 1927","South Yarra","Greater Melbourne","Victoria","Australia","Domestic life; Heating & cooling; Electric","Domestic Appliances; Innovation & Design","Hecla Collection","true"
"items/255370","Postcard - South West Facade, Exhibition Building, Melbourne, circa 1906","Place & Date Made","by 1906","","","","Germany","Royal exhibition building; Revenue; Souvenir postcards","Buildings; Civic Mementoes; Correspondence; Exterior Views; Postcards; Royal Exhibition Building; Souvenirs","Royal Exhibition Building Collection","true"
"items/255370","Postcard - South West Facade, Exhibition Building, Melbourne, circa 1906","Place Depicted","pre 1906","Melbourne","","Victoria","Australia","Royal exhibition building; Revenue; Souvenir postcards","Buildings; Civic Mementoes; Correspondence; Exterior Views; Postcards; Royal Exhibition Building; Souvenirs","Royal Exhibition Building Collection","true"
"items/255370","Postcard - South West Facade, Exhibition Building, Melbourne, circa 1906","Addressed To","1906","Edinburgh","","","Scotland, Great Britain","Royal exhibition building; Revenue; Souvenir postcards","Buildings; Civic Mementoes; Correspondence; Exterior Views; Postcards; Royal Exhibition Building; Souvenirs","Royal Exhibition Building Collection","true"
"items/255370","Postcard - South West Facade, Exhibition Building, Melbourne, circa 1906","Place & Date Used","1906","Melbourne","Greater Melbourne","Victoria","Australia","Royal exhibition building; Revenue; Souvenir postcards","Buildings; Civic Mementoes; Correspondence; Exterior Views; Postcards; Royal Exhibition Building; Souvenirs","Royal Exhibition Building Collection","true"
"items/255304","Postcard - South West Facade, Exhibition Building, Melbourne, circa 1908","Place & Date Made","by 1908","","","","Australia","Royal exhibition building; Revenue; Souvenir postcards","Buildings; Civic Mementoes; Correspondence; Exterior Views; Postcards; Royal Exhibition Building; Souvenirs","Royal Exhibition Building Collection","true"
"items/255304","Postcard - South West Facade, Exhibition Building, Melbourne, circa 1908","Place & Date Depicted","circa 1908","Melbourne","Greater Melbourne","Victoria","Australia","Royal exhibition building; Revenue; Souvenir postcards","Buildings; Civic Mementoes; Correspondence; Exterior Views; Postcards; Royal Exhibition Building; Souvenirs","Royal Exhibition Building Collection","true"
"items/255304","Postcard - South West Facade, Exhibition Building, Melbourne, circa 1908","Addressed To","","","","","","Royal exhibition building; Revenue; Souvenir postcards","Buildings; Civic Mementoes; Correspondence; Exterior Views; Postcards; Royal Exhibition Building; Souvenirs","Royal Exhibition Building Collection","true"
"items/255304","Postcard - South West Facade, Exhibition Building, Melbourne, circa 1908","Date Used","24 Jan 1908","","","","","Royal exhibition building; Revenue; Souvenir postcards","Buildings; Civic Mementoes; Correspondence; Exterior Views; Postcards; Royal Exhibition Building; Souvenirs","Royal Exhibition Building Collection","true"
"items/255314","Postcard - South West Facade, Exhibition Building, Melbourne, pre 1905","Place & Date Made","pre 1905","","","","Australia","Royal exhibition building; Revenue; Souvenir postcards","Buildings; Christmas Cards; Civic Mementoes; Correspondence; Exterior Views; Postcards; Royal Exhibition Building; Souvenirs","Royal Exhibition Building Collection","true"
"items/255314","Postcard - South West Facade, Exhibition Building, Melbourne, pre 1905","Place & Date Depicted","pre 1905","Melbourne","Greater Melbourne","Victoria","Australia","Royal exhibition building; Revenue; Souvenir postcards","Buildings; Christmas Cards; Civic Mementoes; Correspondence; Exterior Views; Postcards; Royal Exhibition Building; Souvenirs","Royal Exhibition Building Collection","true"
"items/255314","Postcard - South West Facade, Exhibition Building, Melbourne, pre 1905","Addressed To","1905","Adelaide","Greater Adelaide","South Australia","Australia","Royal exhibition building; Revenue; Souvenir postcards","Buildings; Christmas Cards; Civic Mementoes; Correspondence; Exterior Views; Postcards; Royal Exhibition Building; Souvenirs","Royal Exhibition Building Collection","true"
"items/255314","Postcard - South West Facade, Exhibition Building, Melbourne, pre 1905","Place & Date Used","pre 1905","Surrey Hills","Greater Melbourne","Victoria","Australia","Royal exhibition building; Revenue; Souvenir postcards","Buildings; Christmas Cards; Civic Mementoes; Correspondence; Exterior Views; Postcards; Royal Exhibition Building; Souvenirs","Royal Exhibition Building Collection","true"
"items/255349","Postcard - South West Facade, Exhibition Building, VSM Series, Melbourne, circa 1905","Place & Date Made","circa 1905","","","Saxony","Germany","Royal exhibition building; Revenue; Souvenir postcards","Buildings; Civic Mementoes; Correspondence; Exterior Views; Postcards; Royal Exhibition Building; Souvenirs","Royal Exhibition Building Collection","true"
"items/255349","Postcard - South West Facade, Exhibition Building, VSM Series, Melbourne, circa 1905","Publisher","circa 1905","","","","","Royal exhibition building; Revenue; Souvenir postcards","Buildings; Civic Mementoes; Correspondence; Exterior Views; Postcards; Royal Exhibition Building; Souvenirs","Royal Exhibition Building Collection","true"
"items/255349","Postcard - South West Facade, Exhibition Building, VSM Series, Melbourne, circa 1905","Place & Date Depicted","circa 1905","Melbourne","Greater Melbourne","Victoria","Australia","Royal exhibition building; Revenue; Souvenir postcards","Buildings; Civic Mementoes; Correspondence; Exterior Views; Postcards; Royal Exhibition Building; Souvenirs","Royal Exhibition Building Collection","true"
"items/255349","Postcard - South West Facade, Exhibition Building, VSM Series, Melbourne, circa 1905","Addressed To","","","","","Belgium","Royal exhibition building; Revenue; Souvenir postcards","Buildings; Civic Mementoes; Correspondence; Exterior Views; Postcards; Royal Exhibition Building; Souvenirs","Royal Exhibition Building Collection","true"
"items/255269","Postcard - Olympics for Melbourne, Royal Exhibition Building, Melbourne, 1990","Place & Date Made","Jun 1990-Dec 1990","Melbourne","Greater Melbourne","Victoria","Australia","Sport; Olympic bids - melbourne 1996; Postcards","Buildings; Civic Mementoes; Exterior Views; Martial Arts; Olympic Games: Melbourne Bid, 1996; Postcards; Royal Exhibition Building; Souvenirs","Royal Exhibition Building Collection","true"
"items/255269","Postcard - Olympics for Melbourne, Royal Exhibition Building, Melbourne, 1990","Manufacturer (Possible)","1990","","","","Australia","Sport; Olympic bids - melbourne 1996; Postcards","Buildings; Civic Mementoes; Exterior Views; Martial Arts; Olympic Games: Melbourne Bid, 1996; Postcards; Royal Exhibition Building; Souvenirs","Royal Exhibition Building Collection","true"
"items/255269","Postcard - Olympics for Melbourne, Royal Exhibition Building, Melbourne, 1990","Place & Date Depicted","1990","Melbourne","Greater Melbourne","Victoria","Australia","Sport; Olympic bids - melbourne 1996; Postcards","Buildings; Civic Mementoes; Exterior Views; Martial Arts; Olympic Games: Melbourne Bid, 1996; Postcards; Royal Exhibition Building; Souvenirs","Royal Exhibition Building Collection","true"
"items/255409","Postcard - Royal Exhibition Building & Views of Melbourne, Scancolor Australia, Melbourne, circa 1992","Publisher","circa 1992","","","","Australia","Royal exhibition building; Revenue; Souvenir postcards","Bridges; Buildings; Civic Mementoes; Exterior Views; Fountains; Postcards; Royal Exhibition Building; Souvenirs; Trams","Royal Exhibition Building Collection","true"
"items/255409","Postcard - Royal Exhibition Building & Views of Melbourne, Scancolor Australia, Melbourne, circa 1992","Place & Date Depicted","circa 1992","Carlton","Greater Melbourne","Victoria","Australia","Royal exhibition building; Revenue; Souvenir postcards","Bridges; Buildings; Civic Mementoes; Exterior Views; Fountains; Postcards; Royal Exhibition Building; Souvenirs; Trams","Royal Exhibition Building Collection","true"
"items/255409","Postcard - Royal Exhibition Building & Views of Melbourne, Scancolor Australia, Melbourne, circa 1992","Place & Date Depicted","circa 1992","Melbourne","Greater Melbourne","Victoria","Australia","Royal exhibition building; Revenue; Souvenir postcards","Bridges; Buildings; Civic Mementoes; Exterior Views; Fountains; Postcards; Royal Exhibition Building; Souvenirs; Trams","Royal Exhibition Building Collection","true"
"items/255409","Postcard - Royal Exhibition Building & Views of Melbourne, Scancolor Australia, Melbourne, circa 1992","Place & Date Depicted","circa 1992","Melbourne","Greater Melbourne","Victoria","Australia","Royal exhibition building; Revenue; Souvenir postcards","Bridges; Buildings; Civic Mementoes; Exterior Views; Fountains; Postcards; Royal Exhibition Building; Souvenirs; Trams","Royal Exhibition Building Collection","true"
"items/255409","Postcard - Royal Exhibition Building & Views of Melbourne, Scancolor Australia, Melbourne, circa 1992","Place & Date Depicted","circa 1992","South Yarra","Greater Melbourne","Victoria","Australia","Royal exhibition building; Revenue; Souvenir postcards","Bridges; Buildings; Civic Mementoes; Exterior Views; Fountains; Postcards; Royal Exhibition Building; Souvenirs; Trams","Royal Exhibition Building Collection","true"
"items/255409","Postcard - Royal Exhibition Building & Views of Melbourne, Scancolor Australia, Melbourne, circa 1992","Place Depicted","","Melbourne","Greater Melbourne","Victoria","Australia","Royal exhibition building; Revenue; Souvenir postcards","Bridges; Buildings; Civic Mementoes; Exterior Views; Fountains; Postcards; Royal Exhibition Building; Souvenirs; Trams","Royal Exhibition Building Collection","true"
"items/255409","Postcard - Royal Exhibition Building & Views of Melbourne, Scancolor Australia, Melbourne, circa 1992","Place Collected","","Tullamarine","Greater Melbourne","Victoria","Australia","Royal exhibition building; Revenue; Souvenir postcards","Bridges; Buildings; Civic Mementoes; Exterior Views; Fountains; Postcards; Royal Exhibition Building; Souvenirs; Trams","Royal Exhibition Building Collection","true"
"items/255275","Postcard - Southern Facade, Exhibition Building, Harding & Billing, Melbourne, circa 1910","Publisher","circa 1910","Sydney","Greater Sydney","New South Wales","Australia","Royal exhibition building; Revenue; Souvenir postcards","Buildings; Civic Mementoes; Exterior Views; Postcards; Royal Exhibition Building; Souvenirs","Royal Exhibition Building Collection","true"
"items/255275","Postcard - Southern Facade, Exhibition Building, Harding & Billing, Melbourne, circa 1910","Place & Date Depicted","circa 1910","Melbourne","Greater Melbourne","Victoria","Australia","Royal exhibition building; Revenue; Souvenir postcards","Buildings; Civic Mementoes; Exterior Views; Postcards; Royal Exhibition Building; Souvenirs","Royal Exhibition Building Collection","true"
"items/255325","Postcard - Southern Facade, Exhibition Building, Robert Jolley, Melbourne, 1904","Publisher","1904","Melbourne","Greater Melbourne","Victoria","Australia","Royal exhibition building; Revenue; Souvenir postcards","Buildings; Civic Mementoes; Correspondence; Exterior Views; Postcards; Royal Exhibition Building; Souvenirs","Royal Exhibition Building Collection","true"
"items/255325","Postcard - Southern Facade, Exhibition Building, Robert Jolley, Melbourne, 1904","Place & Date Depicted","1904","Melbourne","Greater Melbourne","Victoria","Australia","Royal exhibition building; Revenue; Souvenir postcards","Buildings; Civic Mementoes; Correspondence; Exterior Views; Postcards; Royal Exhibition Building; Souvenirs","Royal Exhibition Building Collection","true"
"items/255325","Postcard - Southern Facade, Exhibition Building, Robert Jolley, Melbourne, 1904","Addressed To","1904","Belper","","Derbyshire","England, Great Britain","Royal exhibition building; Revenue; Souvenir postcards","Buildings; Civic Mementoes; Correspondence; Exterior Views; Postcards; Royal Exhibition Building; Souvenirs","Royal Exhibition Building Collection","true"
"items/255390","Postcard - Southern Facade, Exhibition Building, Stile Series, Melbourne, circa 1908","Publisher","1908","","","","Germany","Royal exhibition building; Revenue; Souvenir postcards","Buildings; Civic Mementoes; Correspondence; Exterior Views; Postcards; Royal Exhibition Building; Souvenirs","Royal Exhibition Building Collection","true"
"items/255390","Postcard - Southern Facade, Exhibition Building, Stile Series, Melbourne, circa 1908","Place Depicted","1908","Melbourne","","Victoria","Australia","Royal exhibition building; Revenue; Souvenir postcards","Buildings; Civic Mementoes; Correspondence; Exterior Views; Postcards; Royal Exhibition Building; Souvenirs","Royal Exhibition Building Collection","true"
"items/255390","Postcard - Southern Facade, Exhibition Building, Stile Series, Melbourne, circa 1908","Addressed To","1908","Sale","","Victoria","Australia","Royal exhibition building; Revenue; Souvenir postcards","Buildings; Civic Mementoes; Correspondence; Exterior Views; Postcards; Royal Exhibition Building; Souvenirs","Royal Exhibition Building Collection","true"
"items/255390","Postcard - Southern Facade, Exhibition Building, Stile Series, Melbourne, circa 1908","Place & Date Used","1908","Armadale","Greater Melbourne","Victoria","Australia","Royal exhibition building; Revenue; Souvenir postcards","Buildings; Civic Mementoes; Correspondence; Exterior Views; Postcards; Royal Exhibition Building; Souvenirs","Royal Exhibition Building Collection","true"
"items/255319","Postcard - Southern Facade, Exhibition Building, VSM Series, Melbourne, circa 1907","Publisher","circa 1907","","","","Australia","Royal exhibition building; Revenue; Souvenir postcards","Buildings; Civic Mementoes; Correspondence; Exterior Views; Postcards; Royal Exhibition Building; Souvenirs","Royal Exhibition Building Collection","true"
"items/255319","Postcard - Southern Facade, Exhibition Building, VSM Series, Melbourne, circa 1907","Place & Date Depicted","circa 1907","Melbourne","Greater Melbourne","Victoria","Australia","Royal exhibition building; Revenue; Souvenir postcards","Buildings; Civic Mementoes; Correspondence; Exterior Views; Postcards; Royal Exhibition Building; Souvenirs","Royal Exhibition Building Collection","true"
"items/255319","Postcard - Southern Facade, Exhibition Building, VSM Series, Melbourne, circa 1907","Addressed To","1907","Cobden","","Victoria","Australia","Royal exhibition building; Revenue; Souvenir postcards","Buildings; Civic Mementoes; Correspondence; Exterior Views; Postcards; Royal Exhibition Building; Souvenirs","Royal Exhibition Building Collection","true"
"items/255319","Postcard - Southern Facade, Exhibition Building, VSM Series, Melbourne, circa 1907","Person Named","1907","","","Victoria","Australia","Royal exhibition building; Revenue; Souvenir postcards","Buildings; Civic Mementoes; Correspondence; Exterior Views; Postcards; Royal Exhibition Building; Souvenirs","Royal Exhibition Building Collection","true"
"items/255319","Postcard - Southern Facade, Exhibition Building, VSM Series, Melbourne, circa 1907","Place & Date Used","1907","Melbourne","Greater Melbourne","Victoria","Australia","Royal exhibition building; Revenue; Souvenir postcards","Buildings; Civic Mementoes; Correspondence; Exterior Views; Postcards; Royal Exhibition Building; Souvenirs","Royal Exhibition Building Collection","true"
"items/255384","Postcard - Southern Facade, Exhibition Building, VSM Series, Melbourne, circa 1908","Publisher","circa 1908","","","","Germany","Royal exhibition building; Revenue; Souvenir postcards","Buildings; Civic Mementoes; Correspondence; Exterior Views; Postcards; Royal Exhibition Building; Souvenirs","Royal Exhibition Building Collection","true"
"items/255384","Postcard - Southern Facade, Exhibition Building, VSM Series, Melbourne, circa 1908","Place & Date Depicted","1879-1881","Melbourne","Greater Melbourne","Victoria","Australia","Royal exhibition building; Revenue; Souvenir postcards","Buildings; Civic Mementoes; Correspondence; Exterior Views; Postcards; Royal Exhibition Building; Souvenirs","Royal Exhibition Building Collection","true"
"items/255384","Postcard - Southern Facade, Exhibition Building, VSM Series, Melbourne, circa 1908","Addressed To","1908","Hobart District","","Tasmania","Australia","Royal exhibition building; Revenue; Souvenir postcards","Buildings; Civic Mementoes; Correspondence; Exterior Views; Postcards; Royal Exhibition Building; Souvenirs","Royal Exhibition Building Collection","true"
"items/255384","Postcard - Southern Facade, Exhibition Building, VSM Series, Melbourne, circa 1908","Place & Date Used","1908","Launceston","","Tasmania","Australia","Royal exhibition building; Revenue; Souvenir postcards","Buildings; Civic Mementoes; Correspondence; Exterior Views; Postcards; Royal Exhibition Building; Souvenirs","Royal Exhibition Building Collection","true"
"items/255333","Postcard - Southern Facade, Exhibition Building, Wannenmacher, Melbourne, circa 1898","Publisher","circa 1898","Melbourne","Greater Melbourne","Victoria","Australia","Royal exhibition building; Revenue; Souvenir postcards","Buildings; Civic Mementoes; Correspondence; Exterior Views; Postcards; Royal Exhibition Building; Souvenirs","Royal Exhibition Building Collection","true"
"items/255333","Postcard - Southern Facade, Exhibition Building, Wannenmacher, Melbourne, circa 1898","Place & Date Depicted","circa 1898","Melbourne","Greater Melbourne","Victoria","Australia","Royal exhibition building; Revenue; Souvenir postcards","Buildings; Civic Mementoes; Correspondence; Exterior Views; Postcards; Royal Exhibition Building; Souvenirs","Royal Exhibition Building Collection","true"
"items/255333","Postcard - Southern Facade, Exhibition Building, Wannenmacher, Melbourne, circa 1898","Addressed To","1898","Korneuburg","","","Austria","Royal exhibition building; Revenue; Souvenir postcards","Buildings; Civic Mementoes; Correspondence; Exterior Views; Postcards; Royal Exhibition Building; Souvenirs","Royal Exhibition Building Collection","true"
"items/255333","Postcard - Southern Facade, Exhibition Building, Wannenmacher, Melbourne, circa 1898","Date Used","1898","","","","","Royal exhibition building; Revenue; Souvenir postcards","Buildings; Civic Mementoes; Correspondence; Exterior Views; Postcards; Royal Exhibition Building; Souvenirs","Royal Exhibition Building Collection","true"
"items/255388","Postcard - Town Hall & Exhibition Building, WT Pater, Melbourne, 1908","Publisher","1908","Melbourne","Greater Melbourne","Victoria","Australia","Royal exhibition building; Revenue; Souvenir postcards","Buildings; Civic Mementoes; Correspondence; Exterior Views; Great White Fleet; Postcards; Royal Exhibition Building; Souvenirs; United States Fleet Visit to Melbourne, 1908; United States Navy","Royal Exhibition Building Collection","true"
"items/255388","Postcard - Town Hall & Exhibition Building, WT Pater, Melbourne, 1908","Place & Date Depicted","1908","Melbourne","Greater Melbourne","Victoria","Australia","Royal exhibition building; Revenue; Souvenir postcards","Buildings; Civic Mementoes; Correspondence; Exterior Views; Great White Fleet; Postcards; Royal Exhibition Building; Souvenirs; United States Fleet Visit to Melbourne, 1908; United States Navy","Royal Exhibition Building Collection","true"
"items/255388","Postcard - Town Hall & Exhibition Building, WT Pater, Melbourne, 1908","Addressed To","1908","","","","Australia","Royal exhibition building; Revenue; Souvenir postcards","Buildings; Civic Mementoes; Correspondence; Exterior Views; Great White Fleet; Postcards; Royal Exhibition Building; Souvenirs; United States Fleet Visit to Melbourne, 1908; United States Navy","Royal Exhibition Building Collection","true"
"items/255388","Postcard - Town Hall & Exhibition Building, WT Pater, Melbourne, 1908","Person Named","1908","","","","","Royal exhibition building; Revenue; Souvenir postcards","Buildings; Civic Mementoes; Correspondence; Exterior Views; Great White Fleet; Postcards; Royal Exhibition Building; Souvenirs; United States Fleet Visit to Melbourne, 1908; United States Navy","Royal Exhibition Building Collection","true"
"items/255305","Postcard - South East Facade, Exhibition Building, Melbourne, circa 1910","Place & Date Made","circa 1910","","","","Australia","Royal exhibition building; Revenue; Souvenir postcards","Buildings; Civic Mementoes; Correspondence; Exterior Views; Postcards; Royal Exhibition Building; Souvenirs","Royal Exhibition Building Collection","true"
"items/255305","Postcard - South East Facade, Exhibition Building, Melbourne, circa 1910","Place & Date Depicted","circa 1910","Melbourne","Greater Melbourne","Victoria","Australia","Royal exhibition building; Revenue; Souvenir postcards","Buildings; Civic Mementoes; Correspondence; Exterior Views; Postcards; Royal Exhibition Building; Souvenirs","Royal Exhibition Building Collection","true"
"items/255305","Postcard - South East Facade, Exhibition Building, Melbourne, circa 1910","Addressed To","","Bendigo","","Victoria","Australia","Royal exhibition building; Revenue; Souvenir postcards","Buildings; Civic Mementoes; Correspondence; Exterior Views; Postcards; Royal Exhibition Building; Souvenirs","Royal Exhibition Building Collection","true"
"items/255305","Postcard - South East Facade, Exhibition Building, Melbourne, circa 1910","Place Named","","","","","","Royal exhibition building; Revenue; Souvenir postcards","Buildings; Civic Mementoes; Correspondence; Exterior Views; Postcards; Royal Exhibition Building; Souvenirs","Royal Exhibition Building Collection","true"
"items/255332","Postcard - South West Facade & Hochgurtel Fountain, Exhibition Building, WT Pater, Melbourne, circa 1909","Publisher","circa 1909","Melbourne","","Victoria","Australia","Royal exhibition building; Revenue; Souvenir postcards","Buildings; Christmas Cards; Civic Mementoes; Correspondence; Exterior Views; Fountains; Postcards; Royal Exhibition Building; Souvenirs","Royal Exhibition Building Collection","true"
"items/255332","Postcard - South West Facade & Hochgurtel Fountain, Exhibition Building, WT Pater, Melbourne, circa 1909","Place & Date Depicted","circa 1909","Melbourne","Greater Melbourne","Victoria","Australia","Royal exhibition building; Revenue; Souvenir postcards","Buildings; Christmas Cards; Civic Mementoes; Correspondence; Exterior Views; Fountains; Postcards; Royal Exhibition Building; Souvenirs","Royal Exhibition Building Collection","true"
"items/255309","Postcard - South West Facade, Exhibition Building, Melbourne, 1904","Place & Date Made","1904-1905","","","","Australia","Royal exhibition building; Revenue; Souvenir postcards","Buildings; Civic Mementoes; Correspondence; Exterior Views; Postcards; Royal Exhibition Building; Souvenirs","Royal Exhibition Building Collection","true"
"items/255309","Postcard - South West Facade, Exhibition Building, Melbourne, 1904","Place & Date Depicted","1904","Melbourne","Greater Melbourne","Victoria","Australia","Royal exhibition building; Revenue; Souvenir postcards","Buildings; Civic Mementoes; Correspondence; Exterior Views; Postcards; Royal Exhibition Building; Souvenirs","Royal Exhibition Building Collection","true"
"items/255309","Postcard - South West Facade, Exhibition Building, Melbourne, 1904","Addressed To","1904","Woollahra","Greater Sydney","New South Wales","Australia","Royal exhibition building; Revenue; Souvenir postcards","Buildings; Civic Mementoes; Correspondence; Exterior Views; Postcards; Royal Exhibition Building; Souvenirs","Royal Exhibition Building Collection","true"
"items/255309","Postcard - South West Facade, Exhibition Building, Melbourne, 1904","Place & Date Used","1904","Melbourne","Greater Melbourne","Victoria","Australia","Royal exhibition building; Revenue; Souvenir postcards","Buildings; Civic Mementoes; Correspondence; Exterior Views; Postcards; Royal Exhibition Building; Souvenirs","Royal Exhibition Building Collection","true"
"items/255310","Postcard - South West Facade, Exhibition Building, Melbourne, 1904","Place & Date Made","1904","","","","Australia","Royal exhibition building; Revenue; Souvenir postcards","Buildings; Civic Mementoes; Correspondence; Exterior Views; Postcards; Royal Exhibition Building; Souvenirs","Royal Exhibition Building Collection","true"
"items/255310","Postcard - South West Facade, Exhibition Building, Melbourne, 1904","Place & Date Depicted","1904","Melbourne","Greater Melbourne","Victoria","Australia","Royal exhibition building; Revenue; Souvenir postcards","Buildings; Civic Mementoes; Correspondence; Exterior Views; Postcards; Royal Exhibition Building; Souvenirs","Royal Exhibition Building Collection","true"
"items/255310","Postcard - South West Facade, Exhibition Building, Melbourne, 1904","Addressed To","1904","","","","United States of America","Royal exhibition building; Revenue; Souvenir postcards","Buildings; Civic Mementoes; Correspondence; Exterior Views; Postcards; Royal Exhibition Building; Souvenirs","Royal Exhibition Building Collection","true"
"items/255310","Postcard - South West Facade, Exhibition Building, Melbourne, 1904","Place & Date Used","1904","Melbourne","Greater Melbourne","Victoria","Australia","Royal exhibition building; Revenue; Souvenir postcards","Buildings; Civic Mementoes; Correspondence; Exterior Views; Postcards; Royal Exhibition Building; Souvenirs","Royal Exhibition Building Collection","true"
"items/255311","Postcard - South West Facade, Exhibition Building, Melbourne, 1904","Place & Date Made","1904-1905","","","","Australia","Royal exhibition building; Revenue; Souvenir postcards","Buildings; Civic Mementoes; Correspondence; Exterior Views; Postcards; Royal Exhibition Building; Souvenirs","Royal Exhibition Building Collection","true"
"items/255311","Postcard - South West Facade, Exhibition Building, Melbourne, 1904","Place & Date Depicted","1904","Melbourne","Greater Melbourne","Victoria","Australia","Royal exhibition building; Revenue; Souvenir postcards","Buildings; Civic Mementoes; Correspondence; Exterior Views; Postcards; Royal Exhibition Building; Souvenirs","Royal Exhibition Building Collection","true"
"items/255311","Postcard - South West Facade, Exhibition Building, Melbourne, 1904","Addressed To","1904","Glenfield","","New South Wales","Australia","Royal exhibition building; Revenue; Souvenir postcards","Buildings; Civic Mementoes; Correspondence; Exterior Views; Postcards; Royal Exhibition Building; Souvenirs","Royal Exhibition Building Collection","true"
"items/255311","Postcard - South West Facade, Exhibition Building, Melbourne, 1904","Place & Date Used","1904","Melbourne","Greater Melbourne","Victoria","Australia","Royal exhibition building; Revenue; Souvenir postcards","Buildings; Civic Mementoes; Correspondence; Exterior Views; Postcards; Royal Exhibition Building; Souvenirs","Royal Exhibition Building Collection","true"
"items/255439","Postcard - South West Facade, Exhibition Building, Melbourne, circa 1905","Place & Date Made","circa 1905","","","","Australia","Royal exhibition building; Revenue; Souvenir postcards","Buildings; Civic Mementoes; Correspondence; Exterior Views; Postcards; Royal Exhibition Building; Souvenirs","Royal Exhibition Building Collection","true"
"items/255439","Postcard - South West Facade, Exhibition Building, Melbourne, circa 1905","Place & Date Depicted","circa 1905","Melbourne","Greater Melbourne","Victoria","Australia","Royal exhibition building; Revenue; Souvenir postcards","Buildings; Civic Mementoes; Correspondence; Exterior Views; Postcards; Royal Exhibition Building; Souvenirs","Royal Exhibition Building Collection","true"
"items/255439","Postcard - South West Facade, Exhibition Building, Melbourne, circa 1905","Addressed To","24 Oct 1905","","","","","Royal exhibition building; Revenue; Souvenir postcards","Buildings; Civic Mementoes; Correspondence; Exterior Views; Postcards; Royal Exhibition Building; Souvenirs","Royal Exhibition Building Collection","true"
"items/255439","Postcard - South West Facade, Exhibition Building, Melbourne, circa 1905","Place & Date Used","circa 1905","Chatswood","Greater Sydney","New South Wales","Australia","Royal exhibition building; Revenue; Souvenir postcards","Buildings; Civic Mementoes; Correspondence; Exterior Views; Postcards; Royal Exhibition Building; Souvenirs","Royal Exhibition Building Collection","true"
"items/255369","Postcard - South West Facade, Exhibition Building, Melbourne, circa 1906","Place & Date Made","circa 1905","","","","Australia","Royal exhibition building; Revenue; Souvenir postcards","Buildings; Civic Mementoes; Correspondence; Exterior Views; Postcards; Royal Exhibition Building; Souvenirs","Royal Exhibition Building Collection","true"
"items/255369","Postcard - South West Facade, Exhibition Building, Melbourne, circa 1906","Place Depicted","circa 1905","Melbourne","Greater Melbourne","Victoria","Australia","Royal exhibition building; Revenue; Souvenir postcards","Buildings; Civic Mementoes; Correspondence; Exterior Views; Postcards; Royal Exhibition Building; Souvenirs","Royal Exhibition Building Collection","true"
"items/255369","Postcard - South West Facade, Exhibition Building, Melbourne, circa 1906","Addressed To","","Canterbury","Greater Melbourne","Victoria","Australia","Royal exhibition building; Revenue; Souvenir postcards","Buildings; Civic Mementoes; Correspondence; Exterior Views; Postcards; Royal Exhibition Building; Souvenirs","Royal Exhibition Building Collection","true"
"items/255299","Postcard - South West Facade, Exhibition Building, VSM Series, Melbourne, circa 1905","Publisher","circa 1905","Melbourne","Greater Melbourne","Victoria","Australia","Royal exhibition building; Revenue; Souvenir postcards","Buildings; Civic Mementoes; Exterior Views; Postcards; Royal Exhibition Building; Souvenirs","Royal Exhibition Building Collection","true"
"items/255299","Postcard - South West Facade, Exhibition Building, VSM Series, Melbourne, circa 1905","Place & Date Depicted","circa 1905","Melbourne","Greater Melbourne","Victoria","Australia","Royal exhibition building; Revenue; Souvenir postcards","Buildings; Civic Mementoes; Exterior Views; Postcards; Royal Exhibition Building; Souvenirs","Royal Exhibition Building Collection","true"
"items/255273","Postcard - 'Souvenir from Australia', Exhibition Building & Botanical Gardens, E Whitehead & Co, Melbourne, circa 1900","Publisher","circa 1900","Melbourne","Greater Melbourne","Victoria","Australia","Royal exhibition building; Revenue; Souvenir postcards","Buildings; Civic Mementoes; Exterior Views; Gardens; Postcards; Royal Exhibition Building; Souvenirs","Royal Exhibition Building Collection","true"
"items/255273","Postcard - 'Souvenir from Australia', Exhibition Building & Botanical Gardens, E Whitehead & Co, Melbourne, circa 1900","Place & Date Depicted","circa 1900","Melbourne","Greater Melbourne","Victoria","Australia","Royal exhibition building; Revenue; Souvenir postcards","Buildings; Civic Mementoes; Exterior Views; Gardens; Postcards; Royal Exhibition Building; Souvenirs","Royal Exhibition Building Collection","true"
"items/255273","Postcard - 'Souvenir from Australia', Exhibition Building & Botanical Gardens, E Whitehead & Co, Melbourne, circa 1900","Place & Date Depicted","circa 1900","Melbourne","Greater Melbourne","Victoria","Australia","Royal exhibition building; Revenue; Souvenir postcards","Buildings; Civic Mementoes; Exterior Views; Gardens; Postcards; Royal Exhibition Building; Souvenirs","Royal Exhibition Building Collection","true"
"items/255257","Postcard - South East Facade, Exhibition Building, JW Lindt, Melbourne, circa 1905","Place & Date Made","circa 1905","","","","Germany","Royal exhibition building; Revenue; Souvenir postcards","Buildings; Civic Mementoes; Exterior Views; Photography; Postcards; Royal Exhibition Building; Souvenirs","Royal Exhibition Building Collection","true"
"items/255257","Postcard - South East Facade, Exhibition Building, JW Lindt, Melbourne, circa 1905","Place & Date Depicted","circa 1880","Melbourne","Greater Melbourne","Victoria","Australia","Royal exhibition building; Revenue; Souvenir postcards","Buildings; Civic Mementoes; Exterior Views; Photography; Postcards; Royal Exhibition Building; Souvenirs","Royal Exhibition Building Collection","true"
"items/255257","Postcard - South East Facade, Exhibition Building, JW Lindt, Melbourne, circa 1905","Photographer","circa 1880","Melbourne","Greater Melbourne","Victoria","Australia","Royal exhibition building; Revenue; Souvenir postcards","Buildings; Civic Mementoes; Exterior Views; Photography; Postcards; Royal Exhibition Building; Souvenirs","Royal Exhibition Building Collection","true"
"items/255308","Postcard - Carlton Gardens & Exhibition Building, Melbourne, circa 1907","Place & Date Made","circa 1907","","","","Australia","Royal exhibition building; Revenue; Souvenir postcards","Buildings; Civic Mementoes; Correspondence; Exterior Views; Postcards; Royal Exhibition Building; Souvenirs","Royal Exhibition Building Collection","true"
"items/255308","Postcard - Carlton Gardens & Exhibition Building, Melbourne, circa 1907","Place & Date Depicted","circa 1907","Melbourne","Greater Melbourne","Victoria","Australia","Royal exhibition building; Revenue; Souvenir postcards","Buildings; Civic Mementoes; Correspondence; Exterior Views; Postcards; Royal Exhibition Building; Souvenirs","Royal Exhibition Building Collection","true"
"items/255308","Postcard - Carlton Gardens & Exhibition Building, Melbourne, circa 1907","Addressed To","16 Mar 1907","","","Victoria","Australia","Royal exhibition building; Revenue; Souvenir postcards","Buildings; Civic Mementoes; Correspondence; Exterior Views; Postcards; Royal Exhibition Building; Souvenirs","Royal Exhibition Building Collection","true"
"items/255308","Postcard - Carlton Gardens & Exhibition Building, Melbourne, circa 1907","Place & Date Used","1907","Melbourne","Greater Melbourne","Victoria","Australia","Royal exhibition building; Revenue; Souvenir postcards","Buildings; Civic Mementoes; Correspondence; Exterior Views; Postcards; Royal Exhibition Building; Souvenirs","Royal Exhibition Building Collection","true"
"items/255326","Postcard - Dome & Southern Facade, Exhibition Building, Standard Post Card Co, Melbourne, circa 1907","Publisher","1907","Melbourne","Greater Melbourne","Victoria","Australia","Royal exhibition building; Revenue; Souvenir postcards","Buildings; Civic Mementoes; Correspondence; Exterior Views; Postcards; Royal Exhibition Building; Souvenirs","Royal Exhibition Building Collection","true"
"items/255326","Postcard - Dome & Southern Facade, Exhibition Building, Standard Post Card Co, Melbourne, circa 1907","Place & Date Depicted","1907","Melbourne","Greater Melbourne","Victoria","Australia","Royal exhibition building; Revenue; Souvenir postcards","Buildings; Civic Mementoes; Correspondence; Exterior Views; Postcards; Royal Exhibition Building; Souvenirs","Royal Exhibition Building Collection","true"
"items/255326","Postcard - Dome & Southern Facade, Exhibition Building, Standard Post Card Co, Melbourne, circa 1907","Addressed To","1907","","","","Australia","Royal exhibition building; Revenue; Souvenir postcards","Buildings; Civic Mementoes; Correspondence; Exterior Views; Postcards; Royal Exhibition Building; Souvenirs","Royal Exhibition Building Collection","true"
"items/255307","Postcard - Eastern Forecourt & French Fountain, Exhibition Building, Melbourne, circa 1909","Place & Date Made","1905-1909","","","","Germany","Royal exhibition building; Revenue; Souvenir postcards","Buildings; Civic Mementoes; Correspondence; Exterior Views; Fountains; Postcards; Royal Exhibition Building; Souvenirs","Royal Exhibition Building Collection","true"
"items/255307","Postcard - Eastern Forecourt & French Fountain, Exhibition Building, Melbourne, circa 1909","Place & Date Depicted","circa 1909","Melbourne","Greater Melbourne","Victoria","Australia","Royal exhibition building; Revenue; Souvenir postcards","Buildings; Civic Mementoes; Correspondence; Exterior Views; Fountains; Postcards; Royal Exhibition Building; Souvenirs","Royal Exhibition Building Collection","true"
"items/255307","Postcard - Eastern Forecourt & French Fountain, Exhibition Building, Melbourne, circa 1909","Addressed To","1909","Sydney","Greater Sydney","New South Wales","Australia","Royal exhibition building; Revenue; Souvenir postcards","Buildings; Civic Mementoes; Correspondence; Exterior Views; Fountains; Postcards; Royal Exhibition Building; Souvenirs","Royal Exhibition Building Collection","true"
"items/255307","Postcard - Eastern Forecourt & French Fountain, Exhibition Building, Melbourne, circa 1909","Date Used","1909","","","","","Royal exhibition building; Revenue; Souvenir postcards","Buildings; Civic Mementoes; Correspondence; Exterior Views; Fountains; Postcards; Royal Exhibition Building; Souvenirs","Royal Exhibition Building Collection","true"
"items/255392","Postcard - Exhibition Building & Views of Melbourne, Galleon Press, Melbourne, circa 1905","Publisher","circa 1905","","","","Australia","Royal exhibition building; Revenue; Souvenir postcards","Buildings; Civic Mementoes; Correspondence; Exterior Views; Postcards; Royal Exhibition Building; Souvenirs","Royal Exhibition Building Collection","true"
"items/255392","Postcard - Exhibition Building & Views of Melbourne, Galleon Press, Melbourne, circa 1905","Addressed To","","Hobart","Greater Hobart","Tasmania","Australia","Royal exhibition building; Revenue; Souvenir postcards","Buildings; Civic Mementoes; Correspondence; Exterior Views; Postcards; Royal Exhibition Building; Souvenirs","Royal Exhibition Building Collection","true"
"items/255392","Postcard - Exhibition Building & Views of Melbourne, Galleon Press, Melbourne, circa 1905","Place Depicted","","Carlton","Greater Melbourne","Victoria","Australia","Royal exhibition building; Revenue; Souvenir postcards","Buildings; Civic Mementoes; Correspondence; Exterior Views; Postcards; Royal Exhibition Building; Souvenirs","Royal Exhibition Building Collection","true"
"items/255392","Postcard - Exhibition Building & Views of Melbourne, Galleon Press, Melbourne, circa 1905","Place Depicted","","Melbourne","Greater Melbourne","Victoria","Australia","Royal exhibition building; Revenue; Souvenir postcards","Buildings; Civic Mementoes; Correspondence; Exterior Views; Postcards; Royal Exhibition Building; Souvenirs","Royal Exhibition Building Collection","true"
"items/255392","Postcard - Exhibition Building & Views of Melbourne, Galleon Press, Melbourne, circa 1905","Place Depicted","","Melbourne","Greater Melbourne","Victoria","Australia","Royal exhibition building; Revenue; Souvenir postcards","Buildings; Civic Mementoes; Correspondence; Exterior Views; Postcards; Royal Exhibition Building; Souvenirs","Royal Exhibition Building Collection","true"
"items/255338","Postcard - Royal Exhibition Building & Views of Melbourne, Biscay Greetings, Melbourne, circa 1990","Publisher","circa 1990","Melbourne","Greater Melbourne","Victoria","Australia","Royal exhibition building; Revenue; Souvenir postcards","Aerial Photographs; Beaches; Buildings; Civic Mementoes; Exterior Views; Postcards; Royal Exhibition Building; Souvenirs; Streetscapes; Trams","Royal Exhibition Building Collection","true"
"items/255338","Postcard - Royal Exhibition Building & Views of Melbourne, Biscay Greetings, Melbourne, circa 1990","Place & Date Depicted","circa 1990","Melbourne","Greater Melbourne","Victoria","Australia","Royal exhibition building; Revenue; Souvenir postcards","Aerial Photographs; Beaches; Buildings; Civic Mementoes; Exterior Views; Postcards; Royal Exhibition Building; Souvenirs; Streetscapes; Trams","Royal Exhibition Building Collection","true"
"items/255338","Postcard - Royal Exhibition Building & Views of Melbourne, Biscay Greetings, Melbourne, circa 1990","Place & Date Depicted","circa 1990","Melbourne","Greater Melbourne","Victoria","Australia","Royal exhibition building; Revenue; Souvenir postcards","Aerial Photographs; Beaches; Buildings; Civic Mementoes; Exterior Views; Postcards; Royal Exhibition Building; Souvenirs; Streetscapes; Trams","Royal Exhibition Building Collection","true"
"items/255338","Postcard - Royal Exhibition Building & Views of Melbourne, Biscay Greetings, Melbourne, circa 1990","Place & Date Depicted","circa 1990","Melbourne","Greater Melbourne","Victoria","Australia","Royal exhibition building; Revenue; Souvenir postcards","Aerial Photographs; Beaches; Buildings; Civic Mementoes; Exterior Views; Postcards; Royal Exhibition Building; Souvenirs; Streetscapes; Trams","Royal Exhibition Building Collection","true"
"items/255352","Postcard - Southern Facade, Exhibition Building, Marlborough Art Series, Melbourne, circa 1905","Place & Date Made","circa 1905","","","","Australia","Royal exhibition building; Revenue; Souvenir postcards","Buildings; Civic Mementoes; Correspondence; Exterior Views; Postcards; Royal Exhibition Building; Souvenirs","Royal Exhibition Building Collection","true"
"items/255352","Postcard - Southern Facade, Exhibition Building, Marlborough Art Series, Melbourne, circa 1905","Place & Date Depicted","circa 1905","Melbourne","Greater Melbourne","Victoria","Australia","Royal exhibition building; Revenue; Souvenir postcards","Buildings; Civic Mementoes; Correspondence; Exterior Views; Postcards; Royal Exhibition Building; Souvenirs","Royal Exhibition Building Collection","true"
"items/255440","Postcard - South West Facade, Exhibition Building, Melbourne, 1905","Place & Date Made","1905","","","","Australia","Royal exhibition building; Revenue; Souvenir postcards","Buildings; Civic Mementoes; Correspondence; Exterior Views; Postcards; Royal Exhibition Building; Souvenirs","Royal Exhibition Building Collection","true"
"items/255440","Postcard - South West Facade, Exhibition Building, Melbourne, 1905","Place & Date Depicted","1905","Melbourne","Greater Melbourne","Victoria","Australia","Royal exhibition building; Revenue; Souvenir postcards","Buildings; Civic Mementoes; Correspondence; Exterior Views; Postcards; Royal Exhibition Building; Souvenirs","Royal Exhibition Building Collection","true"
"items/255440","Postcard - South West Facade, Exhibition Building, Melbourne, 1905","Addressed To","24 Oct 1905","London","","","England, Great Britain","Royal exhibition building; Revenue; Souvenir postcards","Buildings; Civic Mementoes; Correspondence; Exterior Views; Postcards; Royal Exhibition Building; Souvenirs","Royal Exhibition Building Collection","true"
"items/255440","Postcard - South West Facade, Exhibition Building, Melbourne, 1905","Place & Date Used","1905","Wellington","","North Island","New Zealand","Royal exhibition building; Revenue; Souvenir postcards","Buildings; Civic Mementoes; Correspondence; Exterior Views; Postcards; Royal Exhibition Building; Souvenirs","Royal Exhibition Building Collection","true"
"items/255234","Postcard - South East Facade, Exhibition Building, JW Lindt, Melbourne, circa 1905","Place & Date Made","circa 1905","Leipzig","","Saxony","Germany","Royal exhibition building; Revenue; Souvenir postcards","Buildings; Civic Mementoes; Exterior Views; Photography; Postcards; Royal Exhibition Building; Souvenirs","Royal Exhibition Building Collection","true"
"items/255234","Postcard - South East Facade, Exhibition Building, JW Lindt, Melbourne, circa 1905","Place & Date Depicted","circa 1880","Melbourne","Greater Melbourne","Victoria","Australia","Royal exhibition building; Revenue; Souvenir postcards","Buildings; Civic Mementoes; Exterior Views; Photography; Postcards; Royal Exhibition Building; Souvenirs","Royal Exhibition Building Collection","true"
"items/255234","Postcard - South East Facade, Exhibition Building, JW Lindt, Melbourne, circa 1905","Photographer","circa 1880","Melbourne","Greater Melbourne","Victoria","Australia","Royal exhibition building; Revenue; Souvenir postcards","Buildings; Civic Mementoes; Exterior Views; Photography; Postcards; Royal Exhibition Building; Souvenirs","Royal Exhibition Building Collection","true"
"items/255252","Postcard - South West Facade, Exhibition Building, Melbourne, circa 1905","Place & Date Made","circa 1905","","","Victoria","Australia","Royal exhibition building; Revenue; Souvenir postcards","Buildings; Civic Mementoes; Exterior Views; Postcards; Royal Exhibition Building; Souvenirs","Royal Exhibition Building Collection","true"
"items/255252","Postcard - South West Facade, Exhibition Building, Melbourne, circa 1905","Place & Date Depicted","circa 1905","Melbourne","Greater Melbourne","Victoria","Australia","Royal exhibition building; Revenue; Souvenir postcards","Buildings; Civic Mementoes; Exterior Views; Postcards; Royal Exhibition Building; Souvenirs","Royal Exhibition Building Collection","true"
"items/255193","Postcard - South West Facade, Exhibition Building, Wide Wide World Series, Melbourne, circa 1905-1906","Publisher","1905-1906","","","","England, Great Britain","Royal exhibition building; Revenue; Souvenir postcards","Buildings; Civic Mementoes; Exterior Views; Gardens; Postcards; Royal Exhibition Building; Souvenirs","Royal Exhibition Building Collection","true"
"items/255193","Postcard - South West Facade, Exhibition Building, Wide Wide World Series, Melbourne, circa 1905-1906","Place & Date Depicted","circa 1905-1906","Melbourne","Greater Melbourne","Victoria","Australia","Royal exhibition building; Revenue; Souvenir postcards","Buildings; Civic Mementoes; Exterior Views; Gardens; Postcards; Royal Exhibition Building; Souvenirs","Royal Exhibition Building Collection","true"
"items/255193","Postcard - South West Facade, Exhibition Building, Wide Wide World Series, Melbourne, circa 1905-1906","Artist","","","","","","Royal exhibition building; Revenue; Souvenir postcards","Buildings; Civic Mementoes; Exterior Views; Gardens; Postcards; Royal Exhibition Building; Souvenirs","Royal Exhibition Building Collection","true"
"items/255354","Postcard - Southern Facade & Aquarium, Exhibition Building, Melbourne, 1900","Place & Date Made","1900","","","","Australia","Royal exhibition building; Revenue; Souvenir postcards","Buildings; Civic Mementoes; Correspondence; Exterior Views; Maritime History; Postcards; Royal Exhibition Building; Souvenirs","Royal Exhibition Building Collection","true"
"items/255354","Postcard - Southern Facade & Aquarium, Exhibition Building, Melbourne, 1900","Place & Date Depicted","by 1900","Melbourne","Greater Melbourne","Victoria","Australia","Royal exhibition building; Revenue; Souvenir postcards","Buildings; Civic Mementoes; Correspondence; Exterior Views; Maritime History; Postcards; Royal Exhibition Building; Souvenirs","Royal Exhibition Building Collection","true"
"items/255354","Postcard - Southern Facade & Aquarium, Exhibition Building, Melbourne, 1900","Addressed To","1900","","","Essex","England, Great Britain","Royal exhibition building; Revenue; Souvenir postcards","Buildings; Civic Mementoes; Correspondence; Exterior Views; Maritime History; Postcards; Royal Exhibition Building; Souvenirs","Royal Exhibition Building Collection","true"
"items/255354","Postcard - Southern Facade & Aquarium, Exhibition Building, Melbourne, 1900","Person Named","1900","","","","","Royal exhibition building; Revenue; Souvenir postcards","Buildings; Civic Mementoes; Correspondence; Exterior Views; Maritime History; Postcards; Royal Exhibition Building; Souvenirs","Royal Exhibition Building Collection","true"
"items/255354","Postcard - Southern Facade & Aquarium, Exhibition Building, Melbourne, 1900","Date Inscribed","12 Dec 1900","Melbourne","Greater Melbourne","Victoria","Australia","Royal exhibition building; Revenue; Souvenir postcards","Buildings; Civic Mementoes; Correspondence; Exterior Views; Maritime History; Postcards; Royal Exhibition Building; Souvenirs","Royal Exhibition Building Collection","true"
"items/255290","Postcard - Lake & Gardens, Exhibition Building, Valentine & Sons, Melbourne, circa 1905","Publisher","circa 1905","Dundee","","","Scotland, Great Britain","Royal exhibition building; Revenue; Souvenir postcards","Buildings; Civic Mementoes; Correspondence; Exterior Views; Postcards; Royal Exhibition Building; Souvenirs","Royal Exhibition Building Collection","true"
"items/255290","Postcard - Lake & Gardens, Exhibition Building, Valentine & Sons, Melbourne, circa 1905","Place & Date Depicted","circa 1905","Melbourne","Greater Melbourne","Victoria","Australia","Royal exhibition building; Revenue; Souvenir postcards","Buildings; Civic Mementoes; Correspondence; Exterior Views; Postcards; Royal Exhibition Building; Souvenirs","Royal Exhibition Building Collection","true"
"items/2125972","Postcard - Portrait of Private William Nairn, Will (Bill) Nairn to Sister, World War I, 1917-1918","Date Written","1917-1918","","","","","Military history; Service; Correspondence","World War I, 1914-1918; Military Memorabilia; Death & Mourning; Religions: Roman Catholic; Portraits; Correspondence","","true"
"items/2125972","Postcard - Portrait of Private William Nairn, Will (Bill) Nairn to Sister, World War I, 1917-1918","Author","","","","","","Military history; Service; Correspondence","World War I, 1914-1918; Military Memorabilia; Death & Mourning; Religions: Roman Catholic; Portraits; Correspondence","","true"
"items/2126087","Postcard - 'To My Dear Sister', Embroidered, Private Will Nairn to Sister, France, World War I, 1 Sep 1917","Place & Date Written","1 Sep 1917","","","","France","Military history; Service; Correspondence","World War I, 1914-1918; Military Memorabilia; Death & Mourning; Correspondence","","true"
"items/2126087","Postcard - 'To My Dear Sister', Embroidered, Private Will Nairn to Sister, France, World War I, 1 Sep 1917","Author","1 Sep 1917","","","","","Military history; Service; Correspondence","World War I, 1914-1918; Military Memorabilia; Death & Mourning; Correspondence","","true"
"items/1962399","Postcard - 'View of Hedjuff Village, Aden', Colony of Aden, 1951","Place & Date Depicted","circa 1951","Hedjuff Village, Aden","","","Colony of Aden","Migration; Travel - shipboard life; Souvenirs","British Immigration; Brought Goods; Migration & Settlement; World War II, 1939-1945; Shipboard Travel; Immigrant Voyages; Souvenirs; Postcards; Travel & Tourism","","true"
"items/1962399","Postcard - 'View of Hedjuff Village, Aden', Colony of Aden, 1951","Collector","1951","","","","","Migration; Travel - shipboard life; Souvenirs","British Immigration; Brought Goods; Migration & Settlement; World War II, 1939-1945; Shipboard Travel; Immigrant Voyages; Souvenirs; Postcards; Travel & Tourism","","true"
"items/1962399","Postcard - 'View of Hedjuff Village, Aden', Colony of Aden, 1951","Past Owner & User","1951","","","","","Migration; Travel - shipboard life; Souvenirs","British Immigration; Brought Goods; Migration & Settlement; World War II, 1939-1945; Shipboard Travel; Immigrant Voyages; Souvenirs; Postcards; Travel & Tourism","","true"
"items/1962364","Postcard - 'Sigiriya Rock, Ceylon', Sri Lanka, 1951","Place & Date Depicted","circa 1951","Sigiriya (Lion Rock)","","","Ceylon (Sri Lanka)","Migration; Travel - shipboard life; Souvenirs","British Immigration; Brought Goods; Migration & Settlement; World War II, 1939-1945; Shipboard Travel; Immigrant Voyages; Souvenirs; Postcards; Travel & Tourism","","true"
"items/1962364","Postcard - 'Sigiriya Rock, Ceylon', Sri Lanka, 1951","Collector","1951","","","","","Migration; Travel - shipboard life; Souvenirs","British Immigration; Brought Goods; Migration & Settlement; World War II, 1939-1945; Shipboard Travel; Immigrant Voyages; Souvenirs; Postcards; Travel & Tourism","","true"
"items/1962364","Postcard - 'Sigiriya Rock, Ceylon', Sri Lanka, 1951","Past Owner & User","1951","","","","","Migration; Travel - shipboard life; Souvenirs","British Immigration; Brought Goods; Migration & Settlement; World War II, 1939-1945; Shipboard Travel; Immigrant Voyages; Souvenirs; Postcards; Travel & Tourism","","true"
"items/1962381","Postcard - 'Une Rue de la Casbah, Alger', French Algeria, 1951","Place & Date Depicted","circa 1951","Casbah of Algers","","","French Algeria","Migration; Travel - shipboard life; Souvenirs","British Immigration; Brought Goods; Migration & Settlement; World War II, 1939-1945; Shipboard Travel; Immigrant Voyages; Souvenirs; Postcards; Travel & Tourism","","true"
"items/1962381","Postcard - 'Une Rue de la Casbah, Alger', French Algeria, 1951","Collector","1951","","","","","Migration; Travel - shipboard life; Souvenirs","British Immigration; Brought Goods; Migration & Settlement; World War II, 1939-1945; Shipboard Travel; Immigrant Voyages; Souvenirs; Postcards; Travel & Tourism","","true"
"items/1962381","Postcard - 'Une Rue de la Casbah, Alger', French Algeria, 1951","Past Owner & User","1951","","","","","Migration; Travel - shipboard life; Souvenirs","British Immigration; Brought Goods; Migration & Settlement; World War II, 1939-1945; Shipboard Travel; Immigrant Voyages; Souvenirs; Postcards; Travel & Tourism","","true"
"items/1962388","Postcard - 'La Mosquee Sidi-Abderrahmane, Alger', French Algeria, 1951","Place & Date Depicted","circa 1951","Casbah of Algers","","","French Algeria","Migration; Travel - shipboard life; Souvenirs","British Immigration; Brought Goods; Migration & Settlement; World War II, 1939-1945; Shipboard Travel; Immigrant Voyages; Souvenirs; Postcards; Travel & Tourism","","true"
"items/1962388","Postcard - 'La Mosquee Sidi-Abderrahmane, Alger', French Algeria, 1951","Collector","1951","","","","","Migration; Travel - shipboard life; Souvenirs","British Immigration; Brought Goods; Migration & Settlement; World War II, 1939-1945; Shipboard Travel; Immigrant Voyages; Souvenirs; Postcards; Travel & Tourism","","true"
"items/1962388","Postcard - 'La Mosquee Sidi-Abderrahmane, Alger', French Algeria, 1951","Past Owner & User","1951","","","","","Migration; Travel - shipboard life; Souvenirs","British Immigration; Brought Goods; Migration & Settlement; World War II, 1939-1945; Shipboard Travel; Immigrant Voyages; Souvenirs; Postcards; Travel & Tourism","","true"
"items/1962382","Postcard - 'Place du Cardinal Lavigerie, La Cathedrale, Alger', French Algeria, 1951","Place & Date Depicted","circa 1951","Algers","","","French Algeria","Migration; Travel - shipboard life; Souvenirs","British Immigration; Brought Goods; Migration & Settlement; World War II, 1939-1945; Shipboard Travel; Immigrant Voyages; Souvenirs; Postcards; Travel & Tourism","","true"
"items/1962382","Postcard - 'Place du Cardinal Lavigerie, La Cathedrale, Alger', French Algeria, 1951","Collector","1951","","","","","Migration; Travel - shipboard life; Souvenirs","British Immigration; Brought Goods; Migration & Settlement; World War II, 1939-1945; Shipboard Travel; Immigrant Voyages; Souvenirs; Postcards; Travel & Tourism","","true"
"items/1962382","Postcard - 'Place du Cardinal Lavigerie, La Cathedrale, Alger', French Algeria, 1951","Past Owner & User","1951","","","","","Migration; Travel - shipboard life; Souvenirs","British Immigration; Brought Goods; Migration & Settlement; World War II, 1939-1945; Shipboard Travel; Immigrant Voyages; Souvenirs; Postcards; Travel & Tourism","","true"
"items/1962114","Postcard - 'M/N Flaminia', Cogedar Line, Genova, 1959","Past Owner & User","1959","","","","","Migration; Travel - shipboard life; Souvenirs","Austrian Immigration; Post War Migration; Shipboard Travel; Shipping Lines; Ships; Souvenirs; Immigrant Shipping; Immigrant Voyages","","true"
"items/1962114","Postcard - 'M/N Flaminia', Cogedar Line, Genova, 1959","Ship Named","1959","","","","","Migration; Travel - shipboard life; Souvenirs","Austrian Immigration; Post War Migration; Shipboard Travel; Shipping Lines; Ships; Souvenirs; Immigrant Shipping; Immigrant Voyages","","true"
"items/1962394","Postcard - 'A Native Oil Mill, Sheikh Othman Village, Aden', Colony of Aden, 1951","Place & Date Depicted","circa 1951","Sheikh Othman Village, Aden","","","Colony of Aden","Migration; Travel - shipboard life; Souvenirs","British Immigration; Brought Goods; Migration & Settlement; World War II, 1939-1945; Shipboard Travel; Immigrant Voyages; Souvenirs; Postcards; Travel & Tourism","","true"
"items/1962394","Postcard - 'A Native Oil Mill, Sheikh Othman Village, Aden', Colony of Aden, 1951","Collector","1951","","","","","Migration; Travel - shipboard life; Souvenirs","British Immigration; Brought Goods; Migration & Settlement; World War II, 1939-1945; Shipboard Travel; Immigrant Voyages; Souvenirs; Postcards; Travel & Tourism","","true"
"items/1962394","Postcard - 'A Native Oil Mill, Sheikh Othman Village, Aden', Colony of Aden, 1951","Past Owner & User","1951","","","","","Migration; Travel - shipboard life; Souvenirs","British Immigration; Brought Goods; Migration & Settlement; World War II, 1939-1945; Shipboard Travel; Immigrant Voyages; Souvenirs; Postcards; Travel & Tourism","","true"
"items/1962398","Postcard - 'Casbah, Rue de la Mer Rouge, Alger', French Algeria, 1951","Place & Date Depicted","circa 1951","Casbah of Algers","","","French Algeria","Migration; Travel - shipboard life; Souvenirs","British Immigration; Brought Goods; Migration & Settlement; World War II, 1939-1945; Shipboard Travel; Immigrant Voyages; Souvenirs; Postcards; Travel & Tourism","","true"
"items/1962398","Postcard - 'Casbah, Rue de la Mer Rouge, Alger', French Algeria, 1951","Collector","1951","","","","","Migration; Travel - shipboard life; Souvenirs","British Immigration; Brought Goods; Migration & Settlement; World War II, 1939-1945; Shipboard Travel; Immigrant Voyages; Souvenirs; Postcards; Travel & Tourism","","true"
"items/1962398","Postcard - 'Casbah, Rue de la Mer Rouge, Alger', French Algeria, 1951","Past Owner & User","1951","","","","","Migration; Travel - shipboard life; Souvenirs","British Immigration; Brought Goods; Migration & Settlement; World War II, 1939-1945; Shipboard Travel; Immigrant Voyages; Souvenirs; Postcards; Travel & Tourism","","true"
"items/1922523","Postcard - Kafr el-Zayat, Egypt, Peile Brothers, World War I, 1914-1916","Place & Date Depicted","1914-1916","","","","Egypt","Military history; Souvenirs & mementoes; Postcards","World War I, 1914-1918; Bridges; Fishing Boats; Rivers; Postcards","Military Memorabilia Collection; Returned and Services League (RSL) Collection","true"
"items/1922505","Postcard - 'Interior of Mohammed Aly Mosque', Egypt, Peile Brothers, World War I, 1914-1916","Place & Date Depicted","1914-1916","Cairo","","","Egypt","Military history; Souvenirs & mementoes; Postcards","World War I, 1914-1918; Mosques; Postcards; Architecture","Military Memorabilia Collection; Returned and Services League (RSL) Collection","true"
"items/1922464","Postcard - 'Sphinx', Egypt, Charles to Florrie, World War I, 1914-1918","Place & Date Depicted","1914-1918","Giza Plateau","","","Egypt","Military history; Souvenirs & mementoes; Postcards","World War I, 1914-1918; Egyptian Archaeology; Sphinx; Camels; Postcards; Christmas","Military Memorabilia Collection; Returned and Services League (RSL) Collection","true"
"items/1922487","Postcard - 'Palace Hotel', Helwan, Egypt, World War I, Tom & Daughter to J. Peile, 9 Sep 1915","Person Named","9 Sep 1915","","","","","Military history; Souvenirs & mementoes; Postcards","World War I, 1914-1918; Hotels; Postcards","Military Memorabilia Collection; Returned and Services League (RSL) Collection","true"
"items/1922487","Postcard - 'Palace Hotel', Helwan, Egypt, World War I, Tom & Daughter to J. Peile, 9 Sep 1915","Place & Date Depicted","1914-1918","Helwan","","","Egypt","Military history; Souvenirs & mementoes; Postcards","World War I, 1914-1918; Hotels; Postcards","Military Memorabilia Collection; Returned and Services League (RSL) Collection","true"
"items/2299177","Postcard - Valenrock Series, Gibraltar, 1967","Organisation Named","","","","","","Migration; Travel - shipboard life; Souvenirs","Travel; Immigration; British Immigration; Ship Memorabilia","","true"
"items/2299178","Postcard - Pettah Street Scene, Colombo, Ceylon, 1967","Organisation Named","","","","","","Migration; Travel - shipboard life; Souvenirs","Travel; Immigration; British Immigration; Ship Memorabilia","","true"
"items/2299180","Postcard - Colombo Harbour and Jetty, Ceylon, 1967","Organisation Named","","","","","","Migration; Travel - shipboard life; Souvenirs","Travel; Immigration; British Immigration; Ship Memorabilia","","true"
"items/2299181","Postcard - Bullock Cart, Colombo, Ceylon, 1697","Organisation Named","","","","","","Migration; Travel - shipboard life; Souvenirs","Travel; Immigration; British Immigration; Ship Memorabilia","","true"
"items/2299307","Postcard - The Town Hall, Colombo, Ceylon, 1967","Organisation Named","","","","","","Migration; Travel - shipboard life; Souvenirs","Travel; Immigration; British Immigration; Ship Memorabilia","","true"
"items/2299184","Postcard - Sunday Fair in Ceylon, Ceylon, 1967","Organisation Named","","","","","","Migration; Travel - shipboard life; Souvenirs","Travel; Immigration; British Immigration; Ship Memorabilia","","true"
"items/2299186","Postcard - Post Office Bay, Steamer Point, Aden, 1967","Organisation Named","","","","","","Migration; Travel - shipboard life; Souvenirs","Travel; Immigration; British Immigration; Ship Memorabilia","","true"
"items/2299187","Postcard - Queen Victoria's Memorial, Aden, 1967","Organisation Named","","","","","","Migration; Travel - shipboard life; Souvenirs","Travel; Immigration; British Immigration; Ship Memorabilia","","true"
"items/2299188","Postcard - Scene at Sheikh Othman, Aden, 1967","Organisation Named","","","","","","Migration; Travel - shipboard life; Souvenirs","Travel; Immigration; British Immigration; Ship Memorabilia","","true"
"items/2299189","Postcard - Scene at Sheikh Othman, Aden, 1967","Organisation Named","","","","","","Migration; Travel - shipboard life; Souvenirs","Travel; Immigration; British Immigration; Ship Memorabilia","","true"
"items/2299190","Postcard - Port Said Landing Stage, Egypt, 1967","Organisation Named","","","","","","Migration; Travel - shipboard life; Souvenirs","Travel; Immigration; British Immigration; Ship Memorabilia","","true"
"items/2299235","Postcard - Piazza Trieste e Trento, Naples, 1967","Organisation Named","","","","","","Migration; Travel - shipboard life; Mementoes","Travel; Immigration; British Immigration; Ship Memorabilia","","true"
"items/2299146","Postcard - SS Oriana, 1968","Organisation Named","","","","","","Migration; Travel - shipboard life; Mementoes","Travel; Immigrant Shipping; British Immigration; Ship Memorabilia","","true"
"items/2299220","Postcard - SS Arcadia, 1967","Organisation Named","","","","","","Migration; Travel - shipboard life; Mementoes","Travel; Immigration; British Immigration; Ship Memorabilia","","true"
"items/2299113","Postcard - Cape Town, Kaapstad, South Africa, 1959","Organisation Named","","","","","","Migration; Travel - bought goods; Mementoes","Travel; Immigration; British Immigration; Ten Pound Tourists","","true"
"items/1962404","Postcard - Ship 'SS New Australia', Lucy & Stanley Hathaway, 1951","Ship Depicted","circa 1951","","","","","Migration; Travel - shipboard life; Souvenirs","British Immigration; Brought Goods; Migration & Settlement; World War II, 1939-1945; Shipboard Travel; Immigrant Voyages; Souvenirs; Postcards; Travel & Tourism","","true"
"items/1962404","Postcard - Ship 'SS New Australia', Lucy & Stanley Hathaway, 1951","Collector","1951","","","","","Migration; Travel - shipboard life; Souvenirs","British Immigration; Brought Goods; Migration & Settlement; World War II, 1939-1945; Shipboard Travel; Immigrant Voyages; Souvenirs; Postcards; Travel & Tourism","","true"
"items/1962404","Postcard - Ship 'SS New Australia', Lucy & Stanley Hathaway, 1951","Past Owner & User","1951","","","","","Migration; Travel - shipboard life; Souvenirs","British Immigration; Brought Goods; Migration & Settlement; World War II, 1939-1945; Shipboard Travel; Immigrant Voyages; Souvenirs; Postcards; Travel & Tourism","","true"
"items/2125973","Postcard - Portrait of Private William Nairn, Sent by Eileen Nairn to Sarah Jackson, World War I, Dec 1916","Place & Date Written","Dec 1916","Corio","Geelong","Victoria","Australia","Military history; Service; Correspondence","World War I, 1914-1918; Military Memorabilia; Death & Mourning; Correspondence","","true"
"items/2125973","Postcard - Portrait of Private William Nairn, Sent by Eileen Nairn to Sarah Jackson, World War I, Dec 1916","Author","","","","","","Military history; Service; Correspondence","World War I, 1914-1918; Military Memorabilia; Death & Mourning; Correspondence","","true"
"items/2125975","Postcard - 'Christ dit St Sauve', Bill (William) Nairn to Sister, France, World War I, 1917-1918","Date Written","1917-1918","Amiens","","","France","Military history; Service; Correspondence","World War I, 1914-1918; Military Memorabilia; Death & Mourning; Censorship; Correspondence","","true"
"items/2125975","Postcard - 'Christ dit St Sauve', Bill (William) Nairn to Sister, France, World War I, 1917-1918","Author","","","","","","Military history; Service; Correspondence","World War I, 1914-1918; Military Memorabilia; Death & Mourning; Censorship; Correspondence","","true"
"items/2125979","Postcard - 'Sutton Veny', Bill Nairn to Sister, World War I, 1917-1918","Place & Date Written","1917-1918","Sutton Veny","Wiltshire","","England","Military history; Service; Correspondence","World War I, 1914-1918; Military Memorabilia; Death & Mourning; Correspondence","","true"
"items/2125979","Postcard - 'Sutton Veny', Bill Nairn to Sister, World War I, 1917-1918","Author","","","","","","Military history; Service; Correspondence","World War I, 1914-1918; Military Memorabilia; Death & Mourning; Correspondence","","true"
"items/2126133","Postcard - 'Will & Dave', Nairn Brothers, circa 1910-1916","Place & Date Depicted","1910-1916","","","","Australia","Portraits; Male - duos; Adults","World War I, 1914-1918; Military Memorabilia; Death & Mourning; Portraits; Correspondence","","true"
"items/2126133","Postcard - 'Will & Dave', Nairn Brothers, circa 1910-1916","Person Depicted","","","","","","Portraits; Male - duos; Adults","World War I, 1914-1918; Military Memorabilia; Death & Mourning; Portraits; Correspondence","","true"
"items/2126133","Postcard - 'Will & Dave', Nairn Brothers, circa 1910-1916","Person Depicted","","","","","","Portraits; Male - duos; Adults","World War I, 1914-1918; Military Memorabilia; Death & Mourning; Portraits; Correspondence","","true"
"items/2125981","Postcard - Portrait, Private Bill Nairn, Sent by Eileen & Bill Nairn to Sarah Jackson, World War I, 19 Nov 1916","Place & Date Written","19 Nov 1916","","","Victoria","Australia","Military history; Service; Correspondence","World War I, 1914-1918; Military Memorabilia; Death & Mourning; Portraits; Correspondence","","true"
"items/2125981","Postcard - Portrait, Private Bill Nairn, Sent by Eileen & Bill Nairn to Sarah Jackson, World War I, 19 Nov 1916","Person Depicted","","","","","","Military history; Service; Correspondence","World War I, 1914-1918; Military Memorabilia; Death & Mourning; Portraits; Correspondence","","true"
"items/2125981","Postcard - Portrait, Private Bill Nairn, Sent by Eileen & Bill Nairn to Sarah Jackson, World War I, 19 Nov 1916","Maker","","Geelong","","Victoria","Australia","Military history; Service; Correspondence","World War I, 1914-1918; Military Memorabilia; Death & Mourning; Portraits; Correspondence","","true"
"items/2125967","Postcard - 'Greetings from Codford', Bill Nairn to Sister, World War I, 27 Apr 1918","Place & Date Written","27 Apr 1918","Codford St Mary","Wiltshire","","England","Military history; Service; Correspondence","World War I, 1914-1918; Military Memorabilia; Death & Mourning; Religions: Roman Catholic; Correspondence","","true"
"items/2125967","Postcard - 'Greetings from Codford', Bill Nairn to Sister, World War I, 27 Apr 1918","Place Depicted","","Stonehenge","","Wiltshire","England, Great Britain","Military history; Service; Correspondence","World War I, 1914-1918; Military Memorabilia; Death & Mourning; Religions: Roman Catholic; Correspondence","","true"
"items/2125967","Postcard - 'Greetings from Codford', Bill Nairn to Sister, World War I, 27 Apr 1918","Author","","","","","","Military history; Service; Correspondence","World War I, 1914-1918; Military Memorabilia; Death & Mourning; Religions: Roman Catholic; Correspondence","","true"
"items/287795","Postcard - Kotsos Vrahamis to Lili Vrahamis, Asia Minor, 20 Nov 1921","Sender","20 Nov 1921","","West Anatolia","","Ottoman Empire","Migration; Travel - brought goods; Mementoes","Correspondence; Greek Communities; Greek Immigration; Immigration; Military Forces; Wars & Conflicts","","true"
"items/287795","Postcard - Kotsos Vrahamis to Lili Vrahamis, Asia Minor, 20 Nov 1921","Addressed To","20 Nov 1921","Athens","","","Greece","Migration; Travel - brought goods; Mementoes","Correspondence; Greek Communities; Greek Immigration; Immigration; Military Forces; Wars & Conflicts","","true"
"items/2125980","Postcard - Portrait, Private Bill (William) Nairn to Sister, World War I, 3 Feb 1918","Place & Date Written","3 Feb 1918","London","","","England","Military history; Service; Correspondence","World War I, 1914-1918; Military Memorabilia; Death & Mourning; Portraits; Correspondence","","true"
"items/2125980","Postcard - Portrait, Private Bill (William) Nairn to Sister, World War I, 3 Feb 1918","Author","","","","","","Military history; Service; Correspondence","World War I, 1914-1918; Military Memorabilia; Death & Mourning; Portraits; Correspondence","","true"
"items/2125980","Postcard - Portrait, Private Bill (William) Nairn to Sister, World War I, 3 Feb 1918","Person Depicted","","","","","","Military history; Service; Correspondence","World War I, 1914-1918; Military Memorabilia; Death & Mourning; Portraits; Correspondence","","true"
"items/2176539","Postcard - Ocean Liner, MN Aurelia, Jan 1957","Original Owner","Jan 1957","Port Melbourne","Greater Melbourne","Victoria","Australia","Migration; Travel - shipboard life; Souvenirs","Hungarian Immigration; Hungarian Communities; Shipboard Travel; Shipping Companies; Shipping Lines; Ships; Souvenirs","","true"
"items/1763656","Postcard - A Summer Evening by J. A. Turner, To J. B. Scott from Marion Flinn, Melbourne, 27 Apr 1904","Sender","27 Apr 1904","Melbourne","","Victoria","Australia","Communications; Postal; Correspondence","Bridges; Correspondence; Paintings; Postcards; Rivers; Rural Landscapes; Scottish Communities; Scottish Immigration","","true"
"items/1763656","Postcard - A Summer Evening by J. A. Turner, To J. B. Scott from Marion Flinn, Melbourne, 27 Apr 1904","Addressed To","27 Apr 1904","paisley","","","Scotland","Communications; Postal; Correspondence","Bridges; Correspondence; Paintings; Postcards; Rivers; Rural Landscapes; Scottish Communities; Scottish Immigration","","true"
"items/1763655","Postcard - Condun's Gully, Healesville, To J. B. Scott from Marion Flinn, Melbourne, 27 Apr 1904","Sender","27 Apr 1904","Melbourne","","Victoria","Australia","Communications; Postal; Correspondence","Bushland; Correspondence; Postcards; Rural Landscapes; Scottish Communities; Scottish Immigration","","true"
"items/1763655","Postcard - Condun's Gully, Healesville, To J. B. Scott from Marion Flinn, Melbourne, 27 Apr 1904","Addressed To","27 Apr 1904","paisley","","","Scotland","Communications; Postal; Correspondence","Bushland; Correspondence; Postcards; Rural Landscapes; Scottish Communities; Scottish Immigration","","true"
"items/1763657","Postcard - At the Ford by J. A. Turner, To Nettie Scott from Marion Flinn, Melbourne, 4 May 1904","Sender","4 May 1904","Melbourne","","Victoria","Australia","Communications; Postal; Correspondence","Correspondence; Horsedrawn Vehicles; Paintings; Postcards; Rural Landscapes; Scottish Communities; Scottish Immigration","","true"
"items/1763657","Postcard - At the Ford by J. A. Turner, To Nettie Scott from Marion Flinn, Melbourne, 4 May 1904","Addressed To","4 May 1904","","","","Scotland","Communications; Postal; Correspondence","Correspondence; Horsedrawn Vehicles; Paintings; Postcards; Rural Landscapes; Scottish Communities; Scottish Immigration","","true"
"items/1763658","Postcard - His Old Home by J. A. Turner, To James Scott from Marion Flinn, Melbourne, circa 1904-1907","Sender","1900s","Melbourne","","Victoria","Australia","Communications; Postal; Correspondence","Correspondence; Horses; Postcards; Rural Landscapes; Scottish Communities; Scottish Immigration; Sheds","","true"
"items/1763658","Postcard - His Old Home by J. A. Turner, To James Scott from Marion Flinn, Melbourne, circa 1904-1907","Addressed To","1900s","Paisley","","","Scotland","Communications; Postal; Correspondence","Correspondence; Horses; Postcards; Rural Landscapes; Scottish Communities; Scottish Immigration; Sheds","","true"
"items/1763672","Postcard - Souvenir from Ballarat, 'Statuary in Sturt Street', To J.B. Scott from Marion Flinn, Melbourne, 20 Sep 1904","Sender","20 Sep 1904","Melbourne","","Victoria","Australia","Communications; Postal; Correspondence","Burns; Correspondence; Postcards; Queen Victoria; Scottish Communities; Scottish Immigration; Statues; Poets","","true"
"items/1763672","Postcard - Souvenir from Ballarat, 'Statuary in Sturt Street', To J.B. Scott from Marion Flinn, Melbourne, 20 Sep 1904","Addressed To","20 Sep 1904","Paisley","","","Scotland","Communications; Postal; Correspondence","Burns; Correspondence; Postcards; Queen Victoria; Scottish Communities; Scottish Immigration; Statues; Poets","","true"
"items/1763672","Postcard - Souvenir from Ballarat, 'Statuary in Sturt Street', To J.B. Scott from Marion Flinn, Melbourne, 20 Sep 1904","Person Depicted","circa 1820","","","","Scotland","Communications; Postal; Correspondence","Burns; Correspondence; Postcards; Queen Victoria; Scottish Communities; Scottish Immigration; Statues; Poets","","true"
"items/1763672","Postcard - Souvenir from Ballarat, 'Statuary in Sturt Street', To J.B. Scott from Marion Flinn, Melbourne, 20 Sep 1904","Person Depicted","circa1890","","","","England, Great Britain","Communications; Postal; Correspondence","Burns; Correspondence; Postcards; Queen Victoria; Scottish Communities; Scottish Immigration; Statues; Poets","","true"
"items/1763672","Postcard - Souvenir from Ballarat, 'Statuary in Sturt Street', To J.B. Scott from Marion Flinn, Melbourne, 20 Sep 1904","Person Depicted","circa 1780s","","","","Scotland","Communications; Postal; Correspondence","Burns; Correspondence; Postcards; Queen Victoria; Scottish Communities; Scottish Immigration; Statues; Poets","","true"
"items/1763672","Postcard - Souvenir from Ballarat, 'Statuary in Sturt Street', To J.B. Scott from Marion Flinn, Melbourne, 20 Sep 1904","Place Depicted","","Ballarat","","Victoria","Australia","Communications; Postal; Correspondence","Burns; Correspondence; Postcards; Queen Victoria; Scottish Communities; Scottish Immigration; Statues; Poets","","true"
"items/1763678","Postcard - Bush Road, Healesville, To Misses Scott from Marion Flinn, Melbourne, 20 Dec 1904","Sender","20 Dec 1904","Melbourne","","Victoria","Australia","Communications; Postal; Correspondence","Bushland; Children; Correspondence; Postcards; Roads; Rural Landscapes; Rural Victoria; Scottish Communities; Scottish Immigration","","true"
"items/1763678","Postcard - Bush Road, Healesville, To Misses Scott from Marion Flinn, Melbourne, 20 Dec 1904","Addressed To","20 Dec 1904","","","","Scotland","Communications; Postal; Correspondence","Bushland; Children; Correspondence; Postcards; Roads; Rural Landscapes; Rural Victoria; Scottish Communities; Scottish Immigration","","true"
"items/1763685","Postcard - Corner of Elizabeth and Collins Streets, Melbourne, To Nettie Scott from Marion Flinn, Melbourne, 17 Apr 1906","Sender","17 Apr 1906","Melbourne","","Victoria","Australia","Communications; Postal; Correspondence","Buildings; Correspondence; Melbourne Landmarks; Postcards; Scottish Communities; Scottish Immigration; Shopping; Streets; Streetscapes; Trams; Urban Landscapes","","true"
"items/1763685","Postcard - Corner of Elizabeth and Collins Streets, Melbourne, To Nettie Scott from Marion Flinn, Melbourne, 17 Apr 1906","Addressed To","17 Apr 1906","","","","Scotland","Communications; Postal; Correspondence","Buildings; Correspondence; Melbourne Landmarks; Postcards; Scottish Communities; Scottish Immigration; Shopping; Streets; Streetscapes; Trams; Urban Landscapes","","true"
"items/1763686","Postcard - Kaligurnia Bay, Lake Tyers, Gippsland, To J. B. Scott from Marion Flinn, Paisley, 1 Sep 1906","Sender","1 Sep 1906","Melbourne","","Victoria","Australia","Communications; Postal; Correspondence","Bays; Bushland; Correspondence; Lakes; Postcards; Rural Landscapes; Rural Victoria; Scottish Communities; Scottish Immigration","","true"
"items/1763686","Postcard - Kaligurnia Bay, Lake Tyers, Gippsland, To J. B. Scott from Marion Flinn, Paisley, 1 Sep 1906","Addressed To","1 Sep 1906","Paisley","","","Scotland","Communications; Postal; Correspondence","Bays; Bushland; Correspondence; Lakes; Postcards; Rural Landscapes; Rural Victoria; Scottish Communities; Scottish Immigration","","true"
"items/1763691","Postcard - Bourke Street, Melbourne, To Anna Scott from Dorothy Flinn, circa 1904-1907","Sender","1900s","Melbourne","","Victoria","Australia","Communications; Postal; Correspondence","Buildings; Correspondence; Horsedrawn Vehicles; Melbourne Landmarks; Parliament Houses; Postcards; Scottish Communities; Scottish Immigration; Streets; Streetscapes; Trams; Urban Landscapes","","true"
"items/1763691","Postcard - Bourke Street, Melbourne, To Anna Scott from Dorothy Flinn, circa 1904-1907","Addressed To","1900s","","","","Scotland","Communications; Postal; Correspondence","Buildings; Correspondence; Horsedrawn Vehicles; Melbourne Landmarks; Parliament Houses; Postcards; Scottish Communities; Scottish Immigration; Streets; Streetscapes; Trams; Urban Landscapes","","true"
"items/1763669","Postcard - Crossing Place, River Watts near Fernshawe, To J. B. Scott from Marion Flinn, Melbourne, 10 Aug 1904","Sender","10 Aug 1904","Melbourne","","Victoria","Australia","Communications; Postal; Correspondence","Bushes; Correspondence; Horses; Postcards; Rivers; Rural Landscapes; Scottish Communities; Scottish Immigration","","true"
"items/1763669","Postcard - Crossing Place, River Watts near Fernshawe, To J. B. Scott from Marion Flinn, Melbourne, 10 Aug 1904","Addressed To","10 Aug 1904","Paisley","","","Scotland","Communications; Postal; Correspondence","Bushes; Correspondence; Horses; Postcards; Rivers; Rural Landscapes; Scottish Communities; Scottish Immigration","","true"
"items/1763659","Postcard - Breaking Camp by J. A. Turner, To Anna Scott from Marion Flinn, Melbourne, 27 Apr 1904","Sender","27 Apr 1904","Melbourne","","Victoria","Australia","Communications; Postal; Correspondence","Bushes; Bushland; Camp Sites; Correspondence; Paintings; Postcards; Rural Landscapes; Scottish Communities; Scottish Immigration","","true"
"items/1763659","Postcard - Breaking Camp by J. A. Turner, To Anna Scott from Marion Flinn, Melbourne, 27 Apr 1904","Addressed To","27 Apr 1904","","","","Scotland","Communications; Postal; Correspondence","Bushes; Bushland; Camp Sites; Correspondence; Paintings; Postcards; Rural Landscapes; Scottish Communities; Scottish Immigration","","true"
"items/1524716","Advertising Postcard - H.V. McKay, 'When It Comes To Harvesting The Sunshine Will Do It Quicker', Sunshine, Victoria, circa 1910","Creator","1910","Sunshine","","Victoria","Australia","Agriculture & rural life; Crop management - harvesting; Stripper harvesters","Stripper Harvesters; Farming Methods; Agricultural & Farming Organisations; Agriculture; World War I, 1914-1918; Naval Vessels","H.V. McKay Sunshine Collection; Old McKay Archive (Transfer No.1) Series M","true"
"items/250740","Postcard - Refuge Deny Access Deter by Force, Avant Card, 20 Jun 2002","Issued By","2002","","","","Australia","Migration; Community activity; Protest materials","Artists; Asylum Seekers; Detention Centres; Graphic Design; Political Protests; Postcards; Refugees","","true"
"items/250740","Postcard - Refuge Deny Access Deter by Force, Avant Card, 20 Jun 2002","Organisation Named","2002","","","","Australia","Migration; Community activity; Protest materials","Artists; Asylum Seekers; Detention Centres; Graphic Design; Political Protests; Postcards; Refugees","","true"
"items/250740","Postcard - Refuge Deny Access Deter by Force, Avant Card, 20 Jun 2002","Date of Event","20 Jun 2002","","","","","Migration; Community activity; Protest materials","Artists; Asylum Seekers; Detention Centres; Graphic Design; Political Protests; Postcards; Refugees","","true"
"items/250741","Postcard - Refuge Deny Access Deter by Force, Avant Card, 20 Jun 2002","Issued By","2002","","","","Australia","Migration; Community activity; Protest materials","Artists; Asylum Seekers; Detention Centres; Graphic Design; Political Protests; Postcards; Refugees","","true"
"items/250741","Postcard - Refuge Deny Access Deter by Force, Avant Card, 20 Jun 2002","Organisation Named","2002","","","","Australia","Migration; Community activity; Protest materials","Artists; Asylum Seekers; Detention Centres; Graphic Design; Political Protests; Postcards; Refugees","","true"
"items/250741","Postcard - Refuge Deny Access Deter by Force, Avant Card, 20 Jun 2002","Date of Event","20 Jun 2002","","","","","Migration; Community activity; Protest materials","Artists; Asylum Seekers; Detention Centres; Graphic Design; Political Protests; Postcards; Refugees","","true"
"items/809193","Postcard - Australia: Prosperity Through Immigration, Immigration Museum, circa 2001","Publisher","circa 2001","Melbourne","","Victoria","Australia","Museum history; Marketing & publicity; Souvenirs","Advertising; Immigration; Immigration Debates; Immigration Policies; Immigration Selection; Migration & Settlement; Museum History; Museum Victoria Exhibitions; Philatelic Exhibitions; Postcards; Publicity Material; Stamps","","true"
"items/809193","Postcard - Australia: Prosperity Through Immigration, Immigration Museum, circa 2001","Place & Date of Event","2001-2002","Melbourne","","Victoria","Australia","Museum history; Marketing & publicity; Souvenirs","Advertising; Immigration; Immigration Debates; Immigration Policies; Immigration Selection; Migration & Settlement; Museum History; Museum Victoria Exhibitions; Philatelic Exhibitions; Postcards; Publicity Material; Stamps","","true"
"items/809198","Postcard - Australia: Prosperity Through Immigration, Immigration Museum, circa 2001","Publisher","circa 2001","Melbourne","","Victoria","Australia","Museum history; Marketing & publicity; Souvenirs","Advertising; Immigration; Immigration Debates; Immigration Policies; Immigration Selection; Migration & Settlement; Museum History; Museum Victoria Exhibitions; Philatelic Exhibitions; Postcards; Publicity Material; Stamps","","true"
"items/809198","Postcard - Australia: Prosperity Through Immigration, Immigration Museum, circa 2001","Place & Date of Event","2001-2002","Melbourne","","Victoria","Australia","Museum history; Marketing & publicity; Souvenirs","Advertising; Immigration; Immigration Debates; Immigration Policies; Immigration Selection; Migration & Settlement; Museum History; Museum Victoria Exhibitions; Philatelic Exhibitions; Postcards; Publicity Material; Stamps","","true"
"items/1396617","Postcard - 'Official Souvenir Australian Aerial Mail', Basil Watson Flight, Mt Gambier, South Australia to Melbourne, Victoria, Feb 1917","Person Depicted","15 Feb 1917","","","","Australia","Air transport; Pioneering flights; Aviators","Air Transport; Aircraft; Pioneer Air Flights; Postcards; World War I, 1914-1918","Basil Watson Aviation Collection","true"
"items/1396617","Postcard - 'Official Souvenir Australian Aerial Mail', Basil Watson Flight, Mt Gambier, South Australia to Melbourne, Victoria, Feb 1917","Place & Date Recorded","15 Feb 1917","Mount Gambier","","South Australia","Australia","Air transport; Pioneering flights; Aviators","Air Transport; Aircraft; Pioneer Air Flights; Postcards; World War I, 1914-1918","Basil Watson Aviation Collection","true"
"items/395969","Postcard - Private William 'Eric' Murphy, World War II, 1941-1943","Person Depicted","1941-1943","","","","","Military history; Service; Portraits","Militaria: Australian; Military Memorabilia; Portraits; World War II, 1939-1945; Prisoners of War; Death & Mourning","Military Memorabilia Collection","true"
"items/379354","Postcard - La Lorraine, Le Havre, Private John Peile to Mother, World War I, 2 Aug 1917","Author","2 Aug 1917","","","","","Military history; Service; Troop ships","World War I, 1914-1918","Returned and Services League (RSL) Collection","true"
"items/2126182","Postcard - Portrait, Dave (David) Nairn, circa 1910-1915","Person Depicted","1910-1915","","","","","Portraits; Male - individuals; Adult","Correspondence; Portraits","","true"
"items/2126185","Postcard - Portrait, Nairn or Jackson Family, circa 1910-1925","Place & Date Depicted","1910-1925","","","","","Portraits; Groups; Adults & children","Correspondence; Portraits","","true"
"items/2126185","Postcard - Portrait, Nairn or Jackson Family, circa 1910-1925","Manufacturer","","","","","","Portraits; Groups; Adults & children","Correspondence; Portraits","","true"
"items/255260","Postcard - South West Facade, Exhibition Building, VSM Series, Melbourne, circa 1905","Publisher","circa 1905","","","","Australia","Royal exhibition building; Revenue; Souvenir postcards","Buildings; Civic Mementoes; Exterior Views; Postcards; Royal Exhibition Building; Souvenirs","Royal Exhibition Building Collection","true"
"items/255260","Postcard - South West Facade, Exhibition Building, VSM Series, Melbourne, circa 1905","Place & Date Depicted","circa 1905","Melbourne","Greater Melbourne","Victoria","Australia","Royal exhibition building; Revenue; Souvenir postcards","Buildings; Civic Mementoes; Exterior Views; Postcards; Royal Exhibition Building; Souvenirs","Royal Exhibition Building Collection","true"
"items/255266","Postcard - Southern Facade, Exhibition Building, Melbourne, circa 1905","Place & Date Made","circa 1905","","","","England, Great Britain","Royal exhibition building; Revenue; Souvenir postcards","Buildings; Civic Mementoes; Exterior Views; Postcards; Royal Exhibition Building; Souvenirs","Royal Exhibition Building Collection","true"
"items/255266","Postcard - Southern Facade, Exhibition Building, Melbourne, circa 1905","Place & Date Depicted","circa 1905","Melbourne","Greater Melbourne","Victoria","Australia","Royal exhibition building; Revenue; Souvenir postcards","Buildings; Civic Mementoes; Exterior Views; Postcards; Royal Exhibition Building; Souvenirs","Royal Exhibition Building Collection","true"
"items/255313","Postcard - South West Facade, Exhibition Building, Melbourne, circa 1908","Place & Date Made","1908","","","","Belgium","Royal exhibition building; Revenue; Souvenir postcards","Buildings; Civic Mementoes; Correspondence; Exterior Views; Postcards; Royal Exhibition Building; Souvenirs","Royal Exhibition Building Collection","true"
"items/255313","Postcard - South West Facade, Exhibition Building, Melbourne, circa 1908","Place & Date Depicted","1908","Melbourne","Greater Melbourne","Victoria","Australia","Royal exhibition building; Revenue; Souvenir postcards","Buildings; Civic Mementoes; Correspondence; Exterior Views; Postcards; Royal Exhibition Building; Souvenirs","Royal Exhibition Building Collection","true"
"items/255313","Postcard - South West Facade, Exhibition Building, Melbourne, circa 1908","Addressed To","1908","Sydney","Greater Sydney","New South Wales","Australia","Royal exhibition building; Revenue; Souvenir postcards","Buildings; Civic Mementoes; Correspondence; Exterior Views; Postcards; Royal Exhibition Building; Souvenirs","Royal Exhibition Building Collection","true"
"items/255313","Postcard - South West Facade, Exhibition Building, Melbourne, circa 1908","Place & Date Used","1908","Melbourne","Greater Melbourne","Victoria","Australia","Royal exhibition building; Revenue; Souvenir postcards","Buildings; Civic Mementoes; Correspondence; Exterior Views; Postcards; Royal Exhibition Building; Souvenirs","Royal Exhibition Building Collection","true"
"items/255383","Postcard - South West Facade, Exhibition Building, Valentine's Series, Melbourne, circa 1908","Publisher","circa 1908","Glasgow","","","Scotland, Great Britain","Royal exhibition building; Revenue; Souvenir postcards","Buildings; Civic Mementoes; Correspondence; Exterior Views; Postcards; Royal Exhibition Building; Souvenirs","Royal Exhibition Building Collection","true"
"items/255383","Postcard - South West Facade, Exhibition Building, Valentine's Series, Melbourne, circa 1908","Place & Date Depicted","circa 1908","Melbourne","Greater Melbourne","Victoria","Australia","Royal exhibition building; Revenue; Souvenir postcards","Buildings; Civic Mementoes; Correspondence; Exterior Views; Postcards; Royal Exhibition Building; Souvenirs","Royal Exhibition Building Collection","true"
"items/255383","Postcard - South West Facade, Exhibition Building, Valentine's Series, Melbourne, circa 1908","Addressed To","03 Dec 1908","","","","","Royal exhibition building; Revenue; Souvenir postcards","Buildings; Civic Mementoes; Correspondence; Exterior Views; Postcards; Royal Exhibition Building; Souvenirs","Royal Exhibition Building Collection","true"
"items/255383","Postcard - South West Facade, Exhibition Building, Valentine's Series, Melbourne, circa 1908","Place & Date Used","1908","Cressy","","Tasmania","Australia","Royal exhibition building; Revenue; Souvenir postcards","Buildings; Civic Mementoes; Correspondence; Exterior Views; Postcards; Royal Exhibition Building; Souvenirs","Royal Exhibition Building Collection","true"
"items/255330","Postcard - South West Facade, Exhibition Building, VSM Series, Melbourne, circa 1905","Publisher","circa 1905","Melbourne","Greater Melbourne","Victoria","Australia","Royal exhibition building; Revenue; Souvenir postcards","Buildings; Civic Mementoes; Correspondence; Exterior Views; Postcards; Royal Exhibition Building; Souvenirs","Royal Exhibition Building Collection","true"
"items/255330","Postcard - South West Facade, Exhibition Building, VSM Series, Melbourne, circa 1905","Place & Date Depicted","circa 1905","Melbourne","Greater Melbourne","Victoria","Australia","Royal exhibition building; Revenue; Souvenir postcards","Buildings; Civic Mementoes; Correspondence; Exterior Views; Postcards; Royal Exhibition Building; Souvenirs","Royal Exhibition Building Collection","true"
"items/255330","Postcard - South West Facade, Exhibition Building, VSM Series, Melbourne, circa 1905","Addressed To","","","","","","Royal exhibition building; Revenue; Souvenir postcards","Buildings; Civic Mementoes; Correspondence; Exterior Views; Postcards; Royal Exhibition Building; Souvenirs","Royal Exhibition Building Collection","true"
"items/255330","Postcard - South West Facade, Exhibition Building, VSM Series, Melbourne, circa 1905","Place & Date Used","1905","Healesville","Yarra Valley","Victoria","Australia","Royal exhibition building; Revenue; Souvenir postcards","Buildings; Civic Mementoes; Correspondence; Exterior Views; Postcards; Royal Exhibition Building; Souvenirs","Royal Exhibition Building Collection","true"
"items/255372","Postcard - South West Facade, Exhibition Building, VSM Series, Melbourne, circa 1905","Place & Date Made","circa 1905","","","Prussia","Germany","Royal exhibition building; Revenue; Souvenir postcards","Buildings; Civic Mementoes; Correspondence; Exterior Views; Postcards; Royal Exhibition Building; Souvenirs","Royal Exhibition Building Collection","true"
"items/255372","Postcard - South West Facade, Exhibition Building, VSM Series, Melbourne, circa 1905","Place & Date Depicted","circa 1905","Melbourne","Greater Melbourne","Victoria","Australia","Royal exhibition building; Revenue; Souvenir postcards","Buildings; Civic Mementoes; Correspondence; Exterior Views; Postcards; Royal Exhibition Building; Souvenirs","Royal Exhibition Building Collection","true"
"items/255372","Postcard - South West Facade, Exhibition Building, VSM Series, Melbourne, circa 1905","Addressed To","circa 1905","","","New York State","United States of America","Royal exhibition building; Revenue; Souvenir postcards","Buildings; Civic Mementoes; Correspondence; Exterior Views; Postcards; Royal Exhibition Building; Souvenirs","Royal Exhibition Building Collection","true"
"items/255328","Postcard - Southern Facade & Hochgurtel Fountain, Exhibition Building, VSM Series, Melbourne, circa 1906","Publisher","circa 1906","Melbourne","Greater Melbourne","Victoria","Australia","Royal exhibition building; Revenue; Souvenir postcards","Buildings; Civic Mementoes; Correspondence; Exterior Views; Postcards; Royal Exhibition Building; Souvenirs","Royal Exhibition Building Collection","true"
"items/255328","Postcard - Southern Facade & Hochgurtel Fountain, Exhibition Building, VSM Series, Melbourne, circa 1906","Place & Date Depicted","circa 1906","Melbourne","Greater Melbourne","Victoria","Australia","Royal exhibition building; Revenue; Souvenir postcards","Buildings; Civic Mementoes; Correspondence; Exterior Views; Postcards; Royal Exhibition Building; Souvenirs","Royal Exhibition Building Collection","true"
"items/255328","Postcard - Southern Facade & Hochgurtel Fountain, Exhibition Building, VSM Series, Melbourne, circa 1906","Addressed To","","","","","","Royal exhibition building; Revenue; Souvenir postcards","Buildings; Civic Mementoes; Correspondence; Exterior Views; Postcards; Royal Exhibition Building; Souvenirs","Royal Exhibition Building Collection","true"
"items/255328","Postcard - Southern Facade & Hochgurtel Fountain, Exhibition Building, VSM Series, Melbourne, circa 1906","Person Named","","","","","","Royal exhibition building; Revenue; Souvenir postcards","Buildings; Civic Mementoes; Correspondence; Exterior Views; Postcards; Royal Exhibition Building; Souvenirs","Royal Exhibition Building Collection","true"
"items/255328","Postcard - Southern Facade & Hochgurtel Fountain, Exhibition Building, VSM Series, Melbourne, circa 1906","Place & Date Used","1906","Melbourne","Greater Melbourne","Victoria","Australia","Royal exhibition building; Revenue; Souvenir postcards","Buildings; Civic Mementoes; Correspondence; Exterior Views; Postcards; Royal Exhibition Building; Souvenirs","Royal Exhibition Building Collection","true"
"items/255374","Postcard - Southern Facade, Exhibition Building, Marlborough Art Series, Melbourne, circa 1905","Place & Date Made","circa 1905","","","","Australia","Royal exhibition building; Revenue; Souvenir postcards","Buildings; Civic Mementoes; Correspondence; Exterior Views; Postcards; Royal Exhibition Building; Souvenirs","Royal Exhibition Building Collection","true"
"items/255374","Postcard - Southern Facade, Exhibition Building, Marlborough Art Series, Melbourne, circa 1905","Place & Date Depicted","circa 1905","Melbourne","Greater Melbourne","Victoria","Australia","Royal exhibition building; Revenue; Souvenir postcards","Buildings; Civic Mementoes; Correspondence; Exterior Views; Postcards; Royal Exhibition Building; Souvenirs","Royal Exhibition Building Collection","true"
"items/255374","Postcard - Southern Facade, Exhibition Building, Marlborough Art Series, Melbourne, circa 1905","Addressed To","","","","","","Royal exhibition building; Revenue; Souvenir postcards","Buildings; Civic Mementoes; Correspondence; Exterior Views; Postcards; Royal Exhibition Building; Souvenirs","Royal Exhibition Building Collection","true"
"items/255297","Postcard - South West Facade, Exhibition Building, VSM Series, Melbourne, circa 1905","Publisher","circa 1905","Melbourne","","Victoria","Australia","Royal exhibition building; Revenue; Souvenir postcards","Buildings; Civic Mementoes; Exterior Views; Postcards; Royal Exhibition Building; Souvenirs","Royal Exhibition Building Collection","true"
"items/255297","Postcard - South West Facade, Exhibition Building, VSM Series, Melbourne, circa 1905","Place & Date Made","circa 1905","","","Saxony","Germany","Royal exhibition building; Revenue; Souvenir postcards","Buildings; Civic Mementoes; Exterior Views; Postcards; Royal Exhibition Building; Souvenirs","Royal Exhibition Building Collection","true"
"items/255297","Postcard - South West Facade, Exhibition Building, VSM Series, Melbourne, circa 1905","Place & Date Depicted","circa 1905","Melbourne","Greater Melbourne","Victoria","Australia","Royal exhibition building; Revenue; Souvenir postcards","Buildings; Civic Mementoes; Exterior Views; Postcards; Royal Exhibition Building; Souvenirs","Royal Exhibition Building Collection","true"
"items/255280","Postcard - 'A Glimpse of the Exhibition Building', Southern Facade & Hochgurtel Fountain, Exhibition Building, Rose Series, Melbourne, circa 1930","Publisher","circa 1930","Armadale","Greater Melbourne","Victoria","Australia","Royal exhibition building; Revenue; Souvenir postcards","Buildings; Civic Mementoes; Exterior Views; Fountains; Postcards; Royal Exhibition Building; Souvenirs","Royal Exhibition Building Collection","true"
"items/255280","Postcard - 'A Glimpse of the Exhibition Building', Southern Facade & Hochgurtel Fountain, Exhibition Building, Rose Series, Melbourne, circa 1930","Place & Date Depicted","circa 1930","Melbourne","Greater Melbourne","Victoria","Australia","Royal exhibition building; Revenue; Souvenir postcards","Buildings; Civic Mementoes; Exterior Views; Fountains; Postcards; Royal Exhibition Building; Souvenirs","Royal Exhibition Building Collection","true"
"items/255317","Postcard - The Sun Dial, Exhibition Building, Melbourne, circa 1908","Place & Date Made","circa 1908","","","","Australia","Royal exhibition building; Revenue; Souvenir postcards","Buildings; Civic Mementoes; Correspondence; Exterior Views; Postcards; Royal Exhibition Building; Souvenirs","Royal Exhibition Building Collection","true"
"items/255317","Postcard - The Sun Dial, Exhibition Building, Melbourne, circa 1908","Place & Date Depicted","circa 1908","Melbourne","Greater Melbourne","Victoria","Australia","Royal exhibition building; Revenue; Souvenir postcards","Buildings; Civic Mementoes; Correspondence; Exterior Views; Postcards; Royal Exhibition Building; Souvenirs","Royal Exhibition Building Collection","true"
"items/255317","Postcard - The Sun Dial, Exhibition Building, Melbourne, circa 1908","Addressed To","1908","Devonport","","","England, Great Britain","Royal exhibition building; Revenue; Souvenir postcards","Buildings; Civic Mementoes; Correspondence; Exterior Views; Postcards; Royal Exhibition Building; Souvenirs","Royal Exhibition Building Collection","true"
"items/255317","Postcard - The Sun Dial, Exhibition Building, Melbourne, circa 1908","Place & Date Used","1908","","","Victoria","Australia","Royal exhibition building; Revenue; Souvenir postcards","Buildings; Civic Mementoes; Correspondence; Exterior Views; Postcards; Royal Exhibition Building; Souvenirs","Royal Exhibition Building Collection","true"
"items/255320","Postcard - South West Facade, Exhibition Building, Melbourne Series, Melbourne, circa 1920","Publisher","circa 1920","Melbourne","Greater Melbourne","Victoria","Australia","Royal exhibition building; Revenue; Souvenir postcards","Buildings; Civic Mementoes; Correspondence; Exterior Views; Postcards; Royal Exhibition Building; Souvenirs","Royal Exhibition Building Collection","true"
"items/255320","Postcard - South West Facade, Exhibition Building, Melbourne Series, Melbourne, circa 1920","Place & Date Depicted","circa 1920","Melbourne","Greater Melbourne","Victoria","Australia","Royal exhibition building; Revenue; Souvenir postcards","Buildings; Civic Mementoes; Correspondence; Exterior Views; Postcards; Royal Exhibition Building; Souvenirs","Royal Exhibition Building Collection","true"
"items/255316","Postcard - South West Facade, Exhibition Building, Melbourne, 1906","Place & Date Made","1906","","","","Australia","Royal exhibition building; Revenue; Souvenir postcards","Buildings; Civic Mementoes; Correspondence; Exterior Views; Postcards; Royal Exhibition Building; Souvenirs","Royal Exhibition Building Collection","true"
"items/255316","Postcard - South West Facade, Exhibition Building, Melbourne, 1906","Place & Date Depicted","1906","Melbourne","Greater Melbourne","Victoria","Australia","Royal exhibition building; Revenue; Souvenir postcards","Buildings; Civic Mementoes; Correspondence; Exterior Views; Postcards; Royal Exhibition Building; Souvenirs","Royal Exhibition Building Collection","true"
"items/255316","Postcard - South West Facade, Exhibition Building, Melbourne, 1906","Addressed To","1906","","","","","Royal exhibition building; Revenue; Souvenir postcards","Buildings; Civic Mementoes; Correspondence; Exterior Views; Postcards; Royal Exhibition Building; Souvenirs","Royal Exhibition Building Collection","true"
"items/255316","Postcard - South West Facade, Exhibition Building, Melbourne, 1906","Sender","1906","","","","","Royal exhibition building; Revenue; Souvenir postcards","Buildings; Civic Mementoes; Correspondence; Exterior Views; Postcards; Royal Exhibition Building; Souvenirs","Royal Exhibition Building Collection","true"
"items/255316","Postcard - South West Facade, Exhibition Building, Melbourne, 1906","Place & Date Used","1906","Hawthorn","Greater Melbourne","Victoria","Australia","Royal exhibition building; Revenue; Souvenir postcards","Buildings; Civic Mementoes; Correspondence; Exterior Views; Postcards; Royal Exhibition Building; Souvenirs","Royal Exhibition Building Collection","true"
"items/255312","Postcard - South West Facade, Exhibition Building, Melbourne, circa 1905","Place & Date Made","circa 1905","","","","Australia","Royal exhibition building; Revenue; Souvenir postcards","Buildings; Civic Mementoes; Correspondence; Exterior Views; Postcards; Royal Exhibition Building; Souvenirs","Royal Exhibition Building Collection","true"
"items/255312","Postcard - South West Facade, Exhibition Building, Melbourne, circa 1905","Place & Date Depicted","circa 1905","Melbourne","Greater Melbourne","Victoria","Australia","Royal exhibition building; Revenue; Souvenir postcards","Buildings; Civic Mementoes; Correspondence; Exterior Views; Postcards; Royal Exhibition Building; Souvenirs","Royal Exhibition Building Collection","true"
"items/255312","Postcard - South West Facade, Exhibition Building, Melbourne, circa 1905","Addressed To","1905","","","Essex","England, Great Britain","Royal exhibition building; Revenue; Souvenir postcards","Buildings; Civic Mementoes; Correspondence; Exterior Views; Postcards; Royal Exhibition Building; Souvenirs","Royal Exhibition Building Collection","true"
"items/255366","Postcard - South West Facade, Exhibition Building, Melbourne, circa 1906","Place & Date Made","circa 1906","","","","Germany","Royal exhibition building; Revenue; Souvenir postcards","Buildings; Christmas Cards; Civic Mementoes; Correspondence; Exterior Views; Postcards; Royal Exhibition Building; Souvenirs","Royal Exhibition Building Collection","true"
"items/255366","Postcard - South West Facade, Exhibition Building, Melbourne, circa 1906","Place & Date Depicted","1905-1906","Melbourne","Greater Melbourne","Victoria","Australia","Royal exhibition building; Revenue; Souvenir postcards","Buildings; Christmas Cards; Civic Mementoes; Correspondence; Exterior Views; Postcards; Royal Exhibition Building; Souvenirs","Royal Exhibition Building Collection","true"
"items/255366","Postcard - South West Facade, Exhibition Building, Melbourne, circa 1906","Addressed To","","","","","","Royal exhibition building; Revenue; Souvenir postcards","Buildings; Christmas Cards; Civic Mementoes; Correspondence; Exterior Views; Postcards; Royal Exhibition Building; Souvenirs","Royal Exhibition Building Collection","true"
"items/255366","Postcard - South West Facade, Exhibition Building, Melbourne, circa 1906","Date Used","22 Dec 1906","Aspendale","Greater Melbourne","Victoria","Australia","Royal exhibition building; Revenue; Souvenir postcards","Buildings; Christmas Cards; Civic Mementoes; Correspondence; Exterior Views; Postcards; Royal Exhibition Building; Souvenirs","Royal Exhibition Building Collection","true"
"items/255267","Postcard - South West Facade, Exhibition Building, AGJ, Melbourne, circa 1910","Publisher","circa 1910","","","Saxony","Germany","Royal exhibition building; Revenue; Souvenir postcards","Buildings; Civic Mementoes; Exterior Views; Postcards; Royal Exhibition Building; Souvenirs","Royal Exhibition Building Collection","true"
"items/255267","Postcard - South West Facade, Exhibition Building, AGJ, Melbourne, circa 1910","Place & Date Depicted","circa 1910","Melbourne","Greater Melbourne","Victoria","Australia","Royal exhibition building; Revenue; Souvenir postcards","Buildings; Civic Mementoes; Exterior Views; Postcards; Royal Exhibition Building; Souvenirs","Royal Exhibition Building Collection","true"
"items/255356","Postcard - 'A Peep at the Exhibition Building', Southern Facade, Exhibition Building, Melbourne, circa 1905","Place & Date Made","circa 1905","","","","Australia","Royal exhibition building; Revenue; Souvenir postcards","Buildings; Civic Mementoes; Correspondence; Exterior Views; Postcards; Royal Exhibition Building; Souvenirs","Royal Exhibition Building Collection","true"
"items/255356","Postcard - 'A Peep at the Exhibition Building', Southern Facade, Exhibition Building, Melbourne, circa 1905","Place & Date Depicted","circa 1905","Melbourne","Greater Melbourne","Victoria","Australia","Royal exhibition building; Revenue; Souvenir postcards","Buildings; Civic Mementoes; Correspondence; Exterior Views; Postcards; Royal Exhibition Building; Souvenirs","Royal Exhibition Building Collection","true"
"items/255410","Postcard - Royal Exhibition Building & Views of Melbourne, Nucolorvue Productions, Melbourne, circa 1990","Publisher","circa 1990","Mentone","Greater Melbourne","Victoria","Australia","Royal exhibition building; Revenue; Souvenir postcards","Buildings; Civic Mementoes; Exterior Views; Postcards; Royal Exhibition Building; Souvenirs; State Library & Museums Building","Royal Exhibition Building Collection","true"
"items/255410","Postcard - Royal Exhibition Building & Views of Melbourne, Nucolorvue Productions, Melbourne, circa 1990","Place & Date Depicted","circa 1990","Melbourne","Greater Melbourne","Victoria","Australia","Royal exhibition building; Revenue; Souvenir postcards","Buildings; Civic Mementoes; Exterior Views; Postcards; Royal Exhibition Building; Souvenirs; State Library & Museums Building","Royal Exhibition Building Collection","true"
"items/255410","Postcard - Royal Exhibition Building & Views of Melbourne, Nucolorvue Productions, Melbourne, circa 1990","Place & Date Depicted","circa 1990","Melbourne","Greater Melbourne","Victoria","Australia","Royal exhibition building; Revenue; Souvenir postcards","Buildings; Civic Mementoes; Exterior Views; Postcards; Royal Exhibition Building; Souvenirs; State Library & Museums Building","Royal Exhibition Building Collection","true"
"items/255410","Postcard - Royal Exhibition Building & Views of Melbourne, Nucolorvue Productions, Melbourne, circa 1990","Place & Date Depicted","circa 1990","Melbourne","Greater Melbourne","Victoria","Australia","Royal exhibition building; Revenue; Souvenir postcards","Buildings; Civic Mementoes; Exterior Views; Postcards; Royal Exhibition Building; Souvenirs; State Library & Museums Building","Royal Exhibition Building Collection","true"
"items/255293","Postcard - Southern Facade, Exhibition Building, Valentine & Sons, Melbourne, circa 1905","Publisher","circa 1905","","","","Australia","Royal exhibition building; Revenue; Souvenir postcards","Buildings; Civic Mementoes; Exterior Views; Postcards; Royal Exhibition Building; Souvenirs","Royal Exhibition Building Collection","true"
"items/255293","Postcard - Southern Facade, Exhibition Building, Valentine & Sons, Melbourne, circa 1905","Place & Date Depicted","circa 1905","Melbourne","Greater Melbourne","Victoria","Australia","Royal exhibition building; Revenue; Souvenir postcards","Buildings; Civic Mementoes; Exterior Views; Postcards; Royal Exhibition Building; Souvenirs","Royal Exhibition Building Collection","true"
"items/255296","Postcard - Southern Facade & Hochgurtel Fountain, Exhibition Building, VSM Series, Melbourne, circa 1906","Publisher","circa 1906","Melbourne","","Victoria","Australia","Royal exhibition building; Revenue; Souvenir postcards","Buildings; Civic Mementoes; Exterior Views; Postcards; Royal Exhibition Building; Souvenirs","Royal Exhibition Building Collection","true"
"items/255296","Postcard - Southern Facade & Hochgurtel Fountain, Exhibition Building, VSM Series, Melbourne, circa 1906","Place Depicted","","","","","","Royal exhibition building; Revenue; Souvenir postcards","Buildings; Civic Mementoes; Exterior Views; Postcards; Royal Exhibition Building; Souvenirs","Royal Exhibition Building Collection","true"
"items/255300","Postcard - Sketch of the Royal Exhibition Building & Centenary Celebrations, Honey Clarke, Melbourne, 1980","Publisher","1980","Richmond","Greater Melbourne","Victoria","Australia","Royal exhibition building; Revenue; Souvenir postcards","Buildings; Centenaries; Civic Mementoes; Exterior Views; Postcards; Royal Exhibition Building; Souvenirs","Royal Exhibition Building Collection","true"
"items/255300","Postcard - Sketch of the Royal Exhibition Building & Centenary Celebrations, Honey Clarke, Melbourne, 1980","Place & Date Depicted","1980","Melbourne","Greater Melbourne","Victoria","Australia","Royal exhibition building; Revenue; Souvenir postcards","Buildings; Centenaries; Civic Mementoes; Exterior Views; Postcards; Royal Exhibition Building; Souvenirs","Royal Exhibition Building Collection","true"
"items/253905","Postcard - Southern Facade, Exhibition Building, Stile Series, Melbourne, circa 1908","Publisher","circa 1908","","","","Germany","Royal exhibition building; Revenue; Souvenir postcards","Buildings; Civic Mementoes; Exterior Views; Postcards; Royal Exhibition Building; Souvenirs","Royal Exhibition Building Collection","true"
"items/253905","Postcard - Southern Facade, Exhibition Building, Stile Series, Melbourne, circa 1908","Place & Date Depicted","circa 1908","","","","","Royal exhibition building; Revenue; Souvenir postcards","Buildings; Civic Mementoes; Exterior Views; Postcards; Royal Exhibition Building; Souvenirs","Royal Exhibition Building Collection","true"
"items/255256","Postcard - Southern Facade, Exhibition Building, Melbourne, circa 1906","Place & Date Made","circa 1906","","","","Germany","Royal exhibition building; Revenue; Souvenir postcards","Buildings; Civic Mementoes; Exterior Views; Postcards; Royal Exhibition Building; Souvenirs","Royal Exhibition Building Collection","true"
"items/255256","Postcard - Southern Facade, Exhibition Building, Melbourne, circa 1906","Place & Date Depicted","circa 1906","Melbourne","Greater Melbourne","Victoria","Australia","Royal exhibition building; Revenue; Souvenir postcards","Buildings; Civic Mementoes; Exterior Views; Postcards; Royal Exhibition Building; Souvenirs","Royal Exhibition Building Collection","true"
"items/255291","Postcard - Southern Facade, Exhibition Building, Valentine's Series, Melbourne, circa 1905","Publisher","circa 1905","Glasgow","","","Scotland, Great Britain","Royal exhibition building; Revenue; Souvenir postcards","Buildings; Civic Mementoes; Exterior Views; Postcards; Royal Exhibition Building; Souvenirs","Royal Exhibition Building Collection","true"
"items/255291","Postcard - Southern Facade, Exhibition Building, Valentine's Series, Melbourne, circa 1905","Place & Date Depicted","circa 1905","Melbourne","Greater Melbourne","Victoria","Australia","Royal exhibition building; Revenue; Souvenir postcards","Buildings; Civic Mementoes; Exterior Views; Postcards; Royal Exhibition Building; Souvenirs","Royal Exhibition Building Collection","true"
"items/255259","Postcard - South West Facade, Exhibition Building, Melbourne, circa 1908","Place & Date Made","circa 1908","","","","Belgium","Royal exhibition building; Revenue; Souvenir postcards","Buildings; Civic Mementoes; Exterior Views; Postcards; Royal Exhibition Building; Souvenirs","Royal Exhibition Building Collection","true"
"items/255259","Postcard - South West Facade, Exhibition Building, Melbourne, circa 1908","Place & Date Depicted","circa 1908","Melbourne","Greater Melbourne","Victoria","Australia","Royal exhibition building; Revenue; Souvenir postcards","Buildings; Civic Mementoes; Exterior Views; Postcards; Royal Exhibition Building; Souvenirs","Royal Exhibition Building Collection","true"
"items/255339","Postcard - Royal Exhibition Building & Views of Melbourne, Biscay Greetings, Melbourne, circa 1990","Publisher","circa 1990","Melbourne","Greater Melbourne","Victoria","Australia","Royal exhibition building; Revenue; Souvenir postcards","Buildings; Civic Mementoes; Exterior Views; Gardens; Postcards; Royal Exhibition Building; Souvenirs","Royal Exhibition Building Collection","true"
"items/255339","Postcard - Royal Exhibition Building & Views of Melbourne, Biscay Greetings, Melbourne, circa 1990","Place & Date Depicted","circa 1990","Melbourne","Greater Melbourne","Victoria","Australia","Royal exhibition building; Revenue; Souvenir postcards","Buildings; Civic Mementoes; Exterior Views; Gardens; Postcards; Royal Exhibition Building; Souvenirs","Royal Exhibition Building Collection","true"
"items/255339","Postcard - Royal Exhibition Building & Views of Melbourne, Biscay Greetings, Melbourne, circa 1990","Place & Date Depicted","circa 1990","Melbourne","Greater Melbourne","Victoria","Australia","Royal exhibition building; Revenue; Souvenir postcards","Buildings; Civic Mementoes; Exterior Views; Gardens; Postcards; Royal Exhibition Building; Souvenirs","Royal Exhibition Building Collection","true"
"items/255295","Postcard - South West Facade, Exhibition Building, Victoria Stamp Market, Melbourne, circa 1905","Publisher","circa 1905","Melbourne","Greater Melbourne","Victoria","Australia","Royal exhibition building; Revenue; Souvenir postcards","Buildings; Civic Mementoes; Exterior Views; Postcards; Royal Exhibition Building; Souvenirs","Royal Exhibition Building Collection","true"
"items/255295","Postcard - South West Facade, Exhibition Building, Victoria Stamp Market, Melbourne, circa 1905","Place & Date Depicted","circa 1905","Melbourne","Greater Melbourne","Victoria","Australia","Royal exhibition building; Revenue; Souvenir postcards","Buildings; Civic Mementoes; Exterior Views; Postcards; Royal Exhibition Building; Souvenirs","Royal Exhibition Building Collection","true"
"items/255298","Postcard - South West Facade, Exhibition Building, VSM Series, Melbourne, circa 1905","Publisher","circa 1905","","","","Australia","Royal exhibition building; Revenue; Souvenir postcards","Buildings; Civic Mementoes; Exterior Views; Postcards; Royal Exhibition Building; Souvenirs","Royal Exhibition Building Collection","true"
"items/255298","Postcard - South West Facade, Exhibition Building, VSM Series, Melbourne, circa 1905","Place & Date Depicted","circa 1905","Melbourne","Greater Melbourne","Victoria","Australia","Royal exhibition building; Revenue; Souvenir postcards","Buildings; Civic Mementoes; Exterior Views; Postcards; Royal Exhibition Building; Souvenirs","Royal Exhibition Building Collection","true"
"items/255340","Postcard - Southern Facade, Exhibition Building, Melbourne, circa 1910","Place & Date Made","circa 1910","","","","Australia","Royal exhibition building; Revenue; Souvenir postcards","Buildings; Civic Mementoes; Exterior Views; Postcards; Royal Exhibition Building; Souvenirs","Royal Exhibition Building Collection","true"
"items/255340","Postcard - Southern Facade, Exhibition Building, Melbourne, circa 1910","Place & Date Depicted","circa 1910","Melbourne","Greater Melbourne","Victoria","Australia","Royal exhibition building; Revenue; Souvenir postcards","Buildings; Civic Mementoes; Exterior Views; Postcards; Royal Exhibition Building; Souvenirs","Royal Exhibition Building Collection","true"
"items/255255","Postcard - Southern Facade, Exhibition Building, Melbourne, post 1905","Place & Date Made","post 1905","","","","England, Great Britain","Royal exhibition building; Revenue; Souvenir postcards","Buildings; Civic Mementoes; Exterior Views; Postcards; Royal Exhibition Building; Souvenirs","Royal Exhibition Building Collection","true"
"items/255255","Postcard - Southern Facade, Exhibition Building, Melbourne, post 1905","Place & Date Depicted","post 1905","Melbourne","Greater Melbourne","Victoria","Australia","Royal exhibition building; Revenue; Souvenir postcards","Buildings; Civic Mementoes; Exterior Views; Postcards; Royal Exhibition Building; Souvenirs","Royal Exhibition Building Collection","true"
"items/255247","Postcard - Southern Facade, Exhibition Building, Marlborough Art Series, Melbourne, circa 1905","Date Made","circa 1905","","","","","Royal exhibition building; Revenue; Souvenir postcards","Buildings; Civic Mementoes; Exterior Views; Postcards; Royal Exhibition Building; Souvenirs","Royal Exhibition Building Collection","true"
"items/255247","Postcard - Southern Facade, Exhibition Building, Marlborough Art Series, Melbourne, circa 1905","Place & Date Depicted","circa 1905","Melbourne","Greater Melbourne","Victoria","Australia","Royal exhibition building; Revenue; Souvenir postcards","Buildings; Civic Mementoes; Exterior Views; Postcards; Royal Exhibition Building; Souvenirs","Royal Exhibition Building Collection","true"
"items/255203","Postcard - Eastern Facade, Exhibition Building, REM Series, Melbourne, circa 1905","Place & Date Made","circa 1905","","","Saxony","Germany","Royal exhibition building; Revenue; Souvenir postcards","Buildings; Civic Mementoes; Exterior Views; Postcards; Royal Exhibition Building; Souvenirs","Royal Exhibition Building Collection","true"
"items/255203","Postcard - Eastern Facade, Exhibition Building, REM Series, Melbourne, circa 1905","Place & Date Depicted","circa 1905","Melbourne","Greater Melbourne","Victoria","Australia","Royal exhibition building; Revenue; Souvenir postcards","Buildings; Civic Mementoes; Exterior Views; Postcards; Royal Exhibition Building; Souvenirs","Royal Exhibition Building Collection","true"
"items/255232","Postcard - South West Facade, Exhibition Building, Melbourne, circa 1908","Place & Date Made","circa 1908","","","","Belgium","Royal exhibition building; Revenue; Souvenir postcards","Buildings; Civic Mementoes; Exterior Views; Postcards; Royal Exhibition Building; Souvenirs","Royal Exhibition Building Collection","true"
"items/255232","Postcard - South West Facade, Exhibition Building, Melbourne, circa 1908","Place & Date Depicted","circa 1908","Melbourne","Greater Melbourne","Victoria","Australia","Royal exhibition building; Revenue; Souvenir postcards","Buildings; Civic Mementoes; Exterior Views; Postcards; Royal Exhibition Building; Souvenirs","Royal Exhibition Building Collection","true"
"items/255336","Postcard Folder - South West Facade, Exhibition Building, Melbourne, circa 1900","Place & Date Published","circa 1900","","","","Australia","Royal exhibition building; Revenue; Souvenir postcards","Aboriginal People; Buildings; Civic Mementoes; Exterior Views; Postcards; Royal Exhibition Building; Souvenirs; Streetscapes","Royal Exhibition Building Collection","true"
"items/255336","Postcard Folder - South West Facade, Exhibition Building, Melbourne, circa 1900","Place & Date Depicted","circa 1900","Carlton","Greater Melbourne","Victoria","Australia","Royal exhibition building; Revenue; Souvenir postcards","Aboriginal People; Buildings; Civic Mementoes; Exterior Views; Postcards; Royal Exhibition Building; Souvenirs; Streetscapes","Royal Exhibition Building Collection","true"
"items/255336","Postcard Folder - South West Facade, Exhibition Building, Melbourne, circa 1900","Place & Date Depicted","circa 1900","Melbourne","Greater Melbourne","Victoria","Australia","Royal exhibition building; Revenue; Souvenir postcards","Aboriginal People; Buildings; Civic Mementoes; Exterior Views; Postcards; Royal Exhibition Building; Souvenirs; Streetscapes","Royal Exhibition Building Collection","true"
"items/255336","Postcard Folder - South West Facade, Exhibition Building, Melbourne, circa 1900","Place & Date Depicted","circa 1900","Melbourne","Greater Melbourne","Victoria","Australia","Royal exhibition building; Revenue; Souvenir postcards","Aboriginal People; Buildings; Civic Mementoes; Exterior Views; Postcards; Royal Exhibition Building; Souvenirs; Streetscapes","Royal Exhibition Building Collection","true"
"items/255336","Postcard Folder - South West Facade, Exhibition Building, Melbourne, circa 1900","Place & Date Depicted","circa 1900","Melbourne","Greater Melbourne","Victoria","Australia","Royal exhibition building; Revenue; Souvenir postcards","Aboriginal People; Buildings; Civic Mementoes; Exterior Views; Postcards; Royal Exhibition Building; Souvenirs; Streetscapes","Royal Exhibition Building Collection","true"
"items/255336","Postcard Folder - South West Facade, Exhibition Building, Melbourne, circa 1900","Place & Date Depicted","circa 1900","Melbourne","Greater Melbourne","Victoria","Australia","Royal exhibition building; Revenue; Souvenir postcards","Aboriginal People; Buildings; Civic Mementoes; Exterior Views; Postcards; Royal Exhibition Building; Souvenirs; Streetscapes","Royal Exhibition Building Collection","true"
"items/255336","Postcard Folder - South West Facade, Exhibition Building, Melbourne, circa 1900","Place & Date Depicted","circa 1900","Lake Tyers","Gippsland","Victoria","Australia","Royal exhibition building; Revenue; Souvenir postcards","Aboriginal People; Buildings; Civic Mementoes; Exterior Views; Postcards; Royal Exhibition Building; Souvenirs; Streetscapes","Royal Exhibition Building Collection","true"
"items/255336","Postcard Folder - South West Facade, Exhibition Building, Melbourne, circa 1900","Place & Date Depicted","circa 1900","Melbourne","Greater Melbourne","Victoria","Australia","Royal exhibition building; Revenue; Souvenir postcards","Aboriginal People; Buildings; Civic Mementoes; Exterior Views; Postcards; Royal Exhibition Building; Souvenirs; Streetscapes","Royal Exhibition Building Collection","true"
"items/255381","Postcard - Eastern Facade, Exhibition Building, REM Series, Melbourne, circa 1914","Place & Date Made","by 1914","","","Saxony","Germany","Royal exhibition building; Revenue; Souvenir postcards","Buildings; Christmas Cards; Civic Mementoes; Correspondence; Exterior Views; Postcards; Royal Exhibition Building; Souvenirs","Royal Exhibition Building Collection","true"
"items/255381","Postcard - Eastern Facade, Exhibition Building, REM Series, Melbourne, circa 1914","Place & Date Depicted","circa 1914","Melbourne","Greater Melbourne","Victoria","Australia","Royal exhibition building; Revenue; Souvenir postcards","Buildings; Christmas Cards; Civic Mementoes; Correspondence; Exterior Views; Postcards; Royal Exhibition Building; Souvenirs","Royal Exhibition Building Collection","true"
"items/255381","Postcard - Eastern Facade, Exhibition Building, REM Series, Melbourne, circa 1914","Addressed To","","","","","","Royal exhibition building; Revenue; Souvenir postcards","Buildings; Christmas Cards; Civic Mementoes; Correspondence; Exterior Views; Postcards; Royal Exhibition Building; Souvenirs","Royal Exhibition Building Collection","true"
"items/255381","Postcard - Eastern Facade, Exhibition Building, REM Series, Melbourne, circa 1914","Place & Date Used","1914","Sunbury","Greater Melbourne","Victoria","Australia","Royal exhibition building; Revenue; Souvenir postcards","Buildings; Christmas Cards; Civic Mementoes; Correspondence; Exterior Views; Postcards; Royal Exhibition Building; Souvenirs","Royal Exhibition Building Collection","true"
"items/255365","Postcard - Exhibition Building & General Post Office, Ward, Lock & Co, Melbourne, circa 1910","Publisher","circa 1910","London","","","England, Great Britain","Royal exhibition building; Revenue; Souvenir postcards","Buildings; Christmas Cards; Civic Mementoes; Correspondence; Exterior Views; Postcards; Royal Exhibition Building; Souvenirs","Royal Exhibition Building Collection","true"
"items/255365","Postcard - Exhibition Building & General Post Office, Ward, Lock & Co, Melbourne, circa 1910","Place & Date Depicted","circa 1910","Melbourne","Greater Melbourne","Victoria","Australia","Royal exhibition building; Revenue; Souvenir postcards","Buildings; Christmas Cards; Civic Mementoes; Correspondence; Exterior Views; Postcards; Royal Exhibition Building; Souvenirs","Royal Exhibition Building Collection","true"
"items/255365","Postcard - Exhibition Building & General Post Office, Ward, Lock & Co, Melbourne, circa 1910","Place & Date Depicted","circa 1910","Melbourne","Greater Melbourne","Victoria","Australia","Royal exhibition building; Revenue; Souvenir postcards","Buildings; Christmas Cards; Civic Mementoes; Correspondence; Exterior Views; Postcards; Royal Exhibition Building; Souvenirs","Royal Exhibition Building Collection","true"
"items/255365","Postcard - Exhibition Building & General Post Office, Ward, Lock & Co, Melbourne, circa 1910","Addressed To","1910","London","","","England, Great Britain","Royal exhibition building; Revenue; Souvenir postcards","Buildings; Christmas Cards; Civic Mementoes; Correspondence; Exterior Views; Postcards; Royal Exhibition Building; Souvenirs","Royal Exhibition Building Collection","true"
"items/255365","Postcard - Exhibition Building & General Post Office, Ward, Lock & Co, Melbourne, circa 1910","Date Used","1910","","","","","Royal exhibition building; Revenue; Souvenir postcards","Buildings; Christmas Cards; Civic Mementoes; Correspondence; Exterior Views; Postcards; Royal Exhibition Building; Souvenirs","Royal Exhibition Building Collection","true"
"items/255407","Postcard - Royal Exhibition Building, Gardens & Views of Melbourne, Nucolorvue, Melbourne, circa 1984","Publisher","circa 1984","Melbourne","Greater Melbourne","Victoria","Australia","Royal exhibition building; Revenue; Souvenir postcards","Buildings; Civic Mementoes; Exterior Views; Gardens; Postcards; Royal Exhibition Building; Souvenirs","Royal Exhibition Building Collection","true"
"items/255407","Postcard - Royal Exhibition Building, Gardens & Views of Melbourne, Nucolorvue, Melbourne, circa 1984","Place & Date Depicted","circa 1984","Melbourne","Greater Melbourne","Victoria","Australia","Royal exhibition building; Revenue; Souvenir postcards","Buildings; Civic Mementoes; Exterior Views; Gardens; Postcards; Royal Exhibition Building; Souvenirs","Royal Exhibition Building Collection","true"
"items/255407","Postcard - Royal Exhibition Building, Gardens & Views of Melbourne, Nucolorvue, Melbourne, circa 1984","Place & Date Depicted","circa 1984","Melbourne","Greater Melbourne","Victoria","Australia","Royal exhibition building; Revenue; Souvenir postcards","Buildings; Civic Mementoes; Exterior Views; Gardens; Postcards; Royal Exhibition Building; Souvenirs","Royal Exhibition Building Collection","true"
"items/255407","Postcard - Royal Exhibition Building, Gardens & Views of Melbourne, Nucolorvue, Melbourne, circa 1984","Place & Date Depicted","circa 1984","Melbourne","Greater Melbourne","Victoria","Australia","Royal exhibition building; Revenue; Souvenir postcards","Buildings; Civic Mementoes; Exterior Views; Gardens; Postcards; Royal Exhibition Building; Souvenirs","Royal Exhibition Building Collection","true"
"items/255407","Postcard - Royal Exhibition Building, Gardens & Views of Melbourne, Nucolorvue, Melbourne, circa 1984","Place & Date Depicted","circa 1984","Melbourne","Greater Melbourne","Victoria","Australia","Royal exhibition building; Revenue; Souvenir postcards","Buildings; Civic Mementoes; Exterior Views; Gardens; Postcards; Royal Exhibition Building; Souvenirs","Royal Exhibition Building Collection","true"
"items/255407","Postcard - Royal Exhibition Building, Gardens & Views of Melbourne, Nucolorvue, Melbourne, circa 1984","Place & Date Depicted","circa 1984","Melbourne","Greater Melbourne","Victoria","Australia","Royal exhibition building; Revenue; Souvenir postcards","Buildings; Civic Mementoes; Exterior Views; Gardens; Postcards; Royal Exhibition Building; Souvenirs","Royal Exhibition Building Collection","true"
"items/255337","Postcard - 'Historic Melbourne', Australian Souvenirs & Marketing, Melbourne, 2003","Publisher","2003","Moorabbin","Greater Melbourne","Victoria","Australia","Royal exhibition building; Revenue; Souvenir postcards","Buildings; Civic Mementoes; Exterior Views; Houses; Postcards; Royal Exhibition Building; Ships; Souvenirs","Royal Exhibition Building Collection","true"
"items/255337","Postcard - 'Historic Melbourne', Australian Souvenirs & Marketing, Melbourne, 2003","Photographer","2003","","","","Australia","Royal exhibition building; Revenue; Souvenir postcards","Buildings; Civic Mementoes; Exterior Views; Houses; Postcards; Royal Exhibition Building; Ships; Souvenirs","Royal Exhibition Building Collection","true"
"items/255337","Postcard - 'Historic Melbourne', Australian Souvenirs & Marketing, Melbourne, 2003","Place & Date Depicted","2003","Melbourne","Greater Melbourne","Victoria","Australia","Royal exhibition building; Revenue; Souvenir postcards","Buildings; Civic Mementoes; Exterior Views; Houses; Postcards; Royal Exhibition Building; Ships; Souvenirs","Royal Exhibition Building Collection","true"
"items/255337","Postcard - 'Historic Melbourne', Australian Souvenirs & Marketing, Melbourne, 2003","Place & Date Depicted","2003","South Yarra","Greater Melbourne","Victoria","Australia","Royal exhibition building; Revenue; Souvenir postcards","Buildings; Civic Mementoes; Exterior Views; Houses; Postcards; Royal Exhibition Building; Ships; Souvenirs","Royal Exhibition Building Collection","true"
"items/255337","Postcard - 'Historic Melbourne', Australian Souvenirs & Marketing, Melbourne, 2003","Place & Date Depicted","2003","Elsternwick","Greater Melbourne","Victoria","Australia","Royal exhibition building; Revenue; Souvenir postcards","Buildings; Civic Mementoes; Exterior Views; Houses; Postcards; Royal Exhibition Building; Ships; Souvenirs","Royal Exhibition Building Collection","true"
"items/255337","Postcard - 'Historic Melbourne', Australian Souvenirs & Marketing, Melbourne, 2003","Place & Date Depicted","2003","Melbourne","Greater Melbourne","Victoria","Australia","Royal exhibition building; Revenue; Souvenir postcards","Buildings; Civic Mementoes; Exterior Views; Houses; Postcards; Royal Exhibition Building; Ships; Souvenirs","Royal Exhibition Building Collection","true"
"items/255337","Postcard - 'Historic Melbourne', Australian Souvenirs & Marketing, Melbourne, 2003","Place & Date Depicted","2003","Melbourne","Greater Melbourne","Victoria","Australia","Royal exhibition building; Revenue; Souvenir postcards","Buildings; Civic Mementoes; Exterior Views; Houses; Postcards; Royal Exhibition Building; Ships; Souvenirs","Royal Exhibition Building Collection","true"
"items/255288","Postcard - Southern Facade, Exhibition Building, Valentine's Series, Melbourne, circa 1905","Publisher","circa 1905","Glasgow","","","Scotland, Great Britain","Royal exhibition building; Revenue; Souvenir postcards","Buildings; Civic Mementoes; Exterior Views; Postcards; Royal Exhibition Building; Souvenirs","Royal Exhibition Building Collection","true"
"items/255288","Postcard - Southern Facade, Exhibition Building, Valentine's Series, Melbourne, circa 1905","Place & Date Depicted","circa 1905","Melbourne","Greater Melbourne","Victoria","Australia","Royal exhibition building; Revenue; Souvenir postcards","Buildings; Civic Mementoes; Exterior Views; Postcards; Royal Exhibition Building; Souvenirs","Royal Exhibition Building Collection","true"
"items/255264","Postcard - South West Facade, Exhibition Building, Cole's Sunny Australia Series, Melbourne, 1905","Publisher","1905","Melbourne","Greater Melbourne","Victoria","Australia","Royal exhibition building; Revenue; Souvenir postcards","Buildings; Civic Mementoes; Exterior Views; Postcards; Royal Exhibition Building; Souvenirs","Royal Exhibition Building Collection; Cole's Book Arcade Collection","true"
"items/255264","Postcard - South West Facade, Exhibition Building, Cole's Sunny Australia Series, Melbourne, 1905","Place & Date Depicted","1905","Melbourne","Greater Melbourne","Victoria","Australia","Royal exhibition building; Revenue; Souvenir postcards","Buildings; Civic Mementoes; Exterior Views; Postcards; Royal Exhibition Building; Souvenirs","Royal Exhibition Building Collection; Cole's Book Arcade Collection","true"
"items/255364","Postcard - South West Facade, Exhibition Building, Valentine's Series, Melbourne, 1908","Publisher","1908","Dundee","","","Scotland, Great Britain","Royal exhibition building; Revenue; Souvenir postcards","Buildings; Christmas Cards; Civic Mementoes; Correspondence; Exterior Views; Postcards; Royal Exhibition Building; Souvenirs","Royal Exhibition Building Collection","true"
"items/255364","Postcard - South West Facade, Exhibition Building, Valentine's Series, Melbourne, 1908","Place & Date Depicted","1908","Melbourne","Greater Melbourne","Victoria","Australia","Royal exhibition building; Revenue; Souvenir postcards","Buildings; Christmas Cards; Civic Mementoes; Correspondence; Exterior Views; Postcards; Royal Exhibition Building; Souvenirs","Royal Exhibition Building Collection","true"
"items/255364","Postcard - South West Facade, Exhibition Building, Valentine's Series, Melbourne, 1908","Sender","22 Dec 1908","","","","","Royal exhibition building; Revenue; Souvenir postcards","Buildings; Christmas Cards; Civic Mementoes; Correspondence; Exterior Views; Postcards; Royal Exhibition Building; Souvenirs","Royal Exhibition Building Collection","true"
"items/255364","Postcard - South West Facade, Exhibition Building, Valentine's Series, Melbourne, 1908","Person Named","22 Dec 1908","","","","","Royal exhibition building; Revenue; Souvenir postcards","Buildings; Christmas Cards; Civic Mementoes; Correspondence; Exterior Views; Postcards; Royal Exhibition Building; Souvenirs","Royal Exhibition Building Collection","true"
"items/255233","Postcard - South West Facade, Exhibition Building, Melbourne, circa 1902","Place Made","circa 1902","","","","England, Great Britain","Royal exhibition building; Revenue; Souvenir postcards","Buildings; Civic Mementoes; Exterior Views; Postcards; Royal Exhibition Building; Souvenirs","Royal Exhibition Building Collection","true"
"items/255233","Postcard - South West Facade, Exhibition Building, Melbourne, circa 1902","Place & Date Depicted","circa 1902","Melbourne","Greater Melbourne","Victoria","Australia","Royal exhibition building; Revenue; Souvenir postcards","Buildings; Civic Mementoes; Exterior Views; Postcards; Royal Exhibition Building; Souvenirs","Royal Exhibition Building Collection","true"
"items/255250","Postcard - Southern Facade, Exhibition Building, Melbourne, pre 1905","Publisher","pre 1905","","","","Australia","Royal exhibition building; Revenue; Souvenir postcards","Buildings; Civic Mementoes; Exterior Views; Postcards; Royal Exhibition Building; Souvenirs","Royal Exhibition Building Collection","true"
"items/255250","Postcard - Southern Facade, Exhibition Building, Melbourne, pre 1905","Place & Date Depicted","pre 1905","Melbourne","Greater Melbourne","Victoria","Australia","Royal exhibition building; Revenue; Souvenir postcards","Buildings; Civic Mementoes; Exterior Views; Postcards; Royal Exhibition Building; Souvenirs","Royal Exhibition Building Collection","true"
"items/255249","Postcard - Southern Facade, Exhibition Building, Melbourne, circa 1905","Place & Date Made","circa 1905","","","","England, Great Britain","Royal exhibition building; Revenue; Souvenir postcards","Buildings; Civic Mementoes; Exterior Views; Postcards; Royal Exhibition Building; Souvenirs","Royal Exhibition Building Collection","true"
"items/255249","Postcard - Southern Facade, Exhibition Building, Melbourne, circa 1905","Place Depicted","","","","","","Royal exhibition building; Revenue; Souvenir postcards","Buildings; Civic Mementoes; Exterior Views; Postcards; Royal Exhibition Building; Souvenirs","Royal Exhibition Building Collection","true"
"items/255358","Postcard - 'A Peep at the Exhibition Building', Southern Facade, Exhibition Building, Melbourne, circa 1905","Date Made","circa 1905","","","","Australia","Royal exhibition building; Revenue; Souvenir postcards","Buildings; Civic Mementoes; Correspondence; Exterior Views; Postcards; Royal Exhibition Building; Souvenirs","Royal Exhibition Building Collection","true"
"items/255358","Postcard - 'A Peep at the Exhibition Building', Southern Facade, Exhibition Building, Melbourne, circa 1905","Place & Date Depicted","circa 1905","Melbourne","Greater Melbourne","Victoria","Australia","Royal exhibition building; Revenue; Souvenir postcards","Buildings; Civic Mementoes; Correspondence; Exterior Views; Postcards; Royal Exhibition Building; Souvenirs","Royal Exhibition Building Collection","true"
"items/255358","Postcard - 'A Peep at the Exhibition Building', Southern Facade, Exhibition Building, Melbourne, circa 1905","Addressed To","1905","Footscray","Greater Melbourne","Victoria","Australia","Royal exhibition building; Revenue; Souvenir postcards","Buildings; Civic Mementoes; Correspondence; Exterior Views; Postcards; Royal Exhibition Building; Souvenirs","Royal Exhibition Building Collection","true"
"items/255323","Postcard - South West Facade, Exhibition Building, Marlborough Art Company, Melbourne, 1913","Publisher","1913","","","","Australia","Royal exhibition building; Revenue; Souvenir postcards","Buildings; Christmas Cards; Civic Mementoes; Correspondence; Exterior Views; Postcards; Royal Exhibition Building; Souvenirs","Royal Exhibition Building Collection","true"
"items/255323","Postcard - South West Facade, Exhibition Building, Marlborough Art Company, Melbourne, 1913","Place & Date Depicted","1913","Melbourne","Greater Melbourne","Victoria","Australia","Royal exhibition building; Revenue; Souvenir postcards","Buildings; Christmas Cards; Civic Mementoes; Correspondence; Exterior Views; Postcards; Royal Exhibition Building; Souvenirs","Royal Exhibition Building Collection","true"
"items/255323","Postcard - South West Facade, Exhibition Building, Marlborough Art Company, Melbourne, 1913","Addressed To","1913","","","Victoria","Australia","Royal exhibition building; Revenue; Souvenir postcards","Buildings; Christmas Cards; Civic Mementoes; Correspondence; Exterior Views; Postcards; Royal Exhibition Building; Souvenirs","Royal Exhibition Building Collection","true"
"items/255323","Postcard - South West Facade, Exhibition Building, Marlborough Art Company, Melbourne, 1913","Place & Date Used","1913","","","","Australia","Royal exhibition building; Revenue; Souvenir postcards","Buildings; Christmas Cards; Civic Mementoes; Correspondence; Exterior Views; Postcards; Royal Exhibition Building; Souvenirs","Royal Exhibition Building Collection","true"
"items/255287","Postcard - Southern Facade, Exhibition Building, Valentine & Sons, Melbourne, circa 1905","Publisher","circa 1905","","","","Australia","Royal exhibition building; Revenue; Souvenir postcards","Buildings; Civic Mementoes; Exterior Views; Postcards; Royal Exhibition Building; Souvenirs","Royal Exhibition Building Collection","true"
"items/255287","Postcard - Southern Facade, Exhibition Building, Valentine & Sons, Melbourne, circa 1905","Place & Date Depicted","circa 1905","Melbourne","Greater Melbourne","Victoria","Australia","Royal exhibition building; Revenue; Souvenir postcards","Buildings; Civic Mementoes; Exterior Views; Postcards; Royal Exhibition Building; Souvenirs","Royal Exhibition Building Collection","true"
"items/255238","Postcard - Southern Facade, Exhibition Building, Harding & Billing, Melbourne, circa 1905","Publisher","circa 1905","","","","Australia","Royal exhibition building; Revenue; Souvenir postcards","Buildings; Civic Mementoes; Exterior Views; Postcards; Royal Exhibition Building; Souvenirs","Royal Exhibition Building Collection","true"
"items/255238","Postcard - Southern Facade, Exhibition Building, Harding & Billing, Melbourne, circa 1905","Place & Date Depicted","circa 1905","Melbourne","Greater Melbourne","Victoria","Australia","Royal exhibition building; Revenue; Souvenir postcards","Buildings; Civic Mementoes; Exterior Views; Postcards; Royal Exhibition Building; Souvenirs","Royal Exhibition Building Collection","true"
"items/255206","Postcard - South West Facade, Exhibition Building, VSM Series, Melbourne, circa 1905","Publisher","circa 1905","","","","Australia","Royal exhibition building; Revenue; Souvenir postcards","Buildings; Civic Mementoes; Exterior Views; Postcards; Royal Exhibition Building; Souvenirs","Royal Exhibition Building Collection","true"
"items/255206","Postcard - South West Facade, Exhibition Building, VSM Series, Melbourne, circa 1905","Place & Date Depicted","circa 1905","Melbourne","Greater Melbourne","Victoria","Australia","Royal exhibition building; Revenue; Souvenir postcards","Buildings; Civic Mementoes; Exterior Views; Postcards; Royal Exhibition Building; Souvenirs","Royal Exhibition Building Collection","true"
"items/255248","Postcard - Southern Facade, 'Exhibition Buildings, Melbourne, Australia', circa 1904","Date Made","pre 1905","","","","","Royal exhibition building; Revenue; Souvenir postcards","Buildings; Civic Mementoes; Exterior Views; Postcards; Royal Exhibition Building; Souvenirs","Royal Exhibition Building Collection","true"
"items/255248","Postcard - Southern Facade, 'Exhibition Buildings, Melbourne, Australia', circa 1904","Place & Date Depicted","pre 1905","Melbourne","Greater Melbourne","Victoria","Australia","Royal exhibition building; Revenue; Souvenir postcards","Buildings; Civic Mementoes; Exterior Views; Postcards; Royal Exhibition Building; Souvenirs","Royal Exhibition Building Collection","true"
"items/255245","Postcard - South West Facade, Exhibition Building, Valentine's Series, Melbourne, post 1902","Publisher","post 1902","Dundee","","","Scotland, Great Britain","Royal exhibition building; Revenue; Souvenir postcards","Buildings; Civic Mementoes; Exterior Views; Postcards; Royal Exhibition Building; Souvenirs","Royal Exhibition Building Collection","true"
"items/255245","Postcard - South West Facade, Exhibition Building, Valentine's Series, Melbourne, post 1902","Place & Date Depicted","post 1902","Melbourne","Greater Melbourne","Victoria","Australia","Royal exhibition building; Revenue; Souvenir postcards","Buildings; Civic Mementoes; Exterior Views; Postcards; Royal Exhibition Building; Souvenirs","Royal Exhibition Building Collection","true"
"items/255554","Postcard - Southern Facade, Exhibition Building, Rembrandt Series, Melbourne, circa 1910","Place & Date Made","circa 1910","","","Saxony","Germany","Royal exhibition building; Revenue; Souvenir postcards","Buildings; Civic Mementoes; Exterior Views; Postcards; Royal Exhibition Building; Souvenirs","Royal Exhibition Building Collection","true"
"items/255554","Postcard - Southern Facade, Exhibition Building, Rembrandt Series, Melbourne, circa 1910","Place & Date Depicted","circa 1910","Melbourne","Greater Melbourne","Victoria","Australia","Royal exhibition building; Revenue; Souvenir postcards","Buildings; Civic Mementoes; Exterior Views; Postcards; Royal Exhibition Building; Souvenirs","Royal Exhibition Building Collection","true"
"items/255399","Postcard - Southern Facade, Exhibition Building, Valentine & Sons, Melbourne, circa 1902","Publisher","circa 1902","Melbourne","Greater Melbourne","Victoria","Australia","Royal exhibition building; Revenue; Souvenir postcards","Buildings; Civic Mementoes; Exterior Views; Keepsakes; Postcards; Royal Exhibition Building; Souvenirs","Royal Exhibition Building Collection","true"
"items/255399","Postcard - Southern Facade, Exhibition Building, Valentine & Sons, Melbourne, circa 1902","Place & Date Depicted","circa 1902","Melbourne","Greater Melbourne","Victoria","Australia","Royal exhibition building; Revenue; Souvenir postcards","Buildings; Civic Mementoes; Exterior Views; Keepsakes; Postcards; Royal Exhibition Building; Souvenirs","Royal Exhibition Building Collection","true"
"items/255399","Postcard - Southern Facade, Exhibition Building, Valentine & Sons, Melbourne, circa 1902","Printer","circa 1902","Dundee","","","Scotland, Great Britain","Royal exhibition building; Revenue; Souvenir postcards","Buildings; Civic Mementoes; Exterior Views; Keepsakes; Postcards; Royal Exhibition Building; Souvenirs","Royal Exhibition Building Collection","true"
"items/255502","Postcard - James Bond (Timothy Dalton) with Aston Martin Car, 1987","Publisher","1987","","","","","Royal exhibition building; Revenue; Souvenir postcards","Advertising; Films; Motor Vehicles; Royal Exhibition Building; Events; Motor Shows","Royal Exhibition Building Collection","true"
"items/255502","Postcard - James Bond (Timothy Dalton) with Aston Martin Car, 1987","Date of Event","Dec 1987","Melbourne","","Victoria","Australia","Royal exhibition building; Revenue; Souvenir postcards","Advertising; Films; Motor Vehicles; Royal Exhibition Building; Events; Motor Shows","Royal Exhibition Building Collection","true"
"items/255502","Postcard - James Bond (Timothy Dalton) with Aston Martin Car, 1987","Fictitious Character","1987","","","","","Royal exhibition building; Revenue; Souvenir postcards","Advertising; Films; Motor Vehicles; Royal Exhibition Building; Events; Motor Shows","Royal Exhibition Building Collection","true"
"items/255502","Postcard - James Bond (Timothy Dalton) with Aston Martin Car, 1987","Person Depicted","1987","","","","","Royal exhibition building; Revenue; Souvenir postcards","Advertising; Films; Motor Vehicles; Royal Exhibition Building; Events; Motor Shows","Royal Exhibition Building Collection","true"
"items/255327","Postcard - Southern Facade, Exhibition Building, Valentine's Series, Melbourne, circa 1905","Publisher","circa 1905","","","","England, Great Britain","Royal exhibition building; Revenue; Souvenir postcards","Buildings; Civic Mementoes; Correspondence; Exterior Views; Postcards; Royal Exhibition Building; Souvenirs","Royal Exhibition Building Collection","true"
"items/255327","Postcard - Southern Facade, Exhibition Building, Valentine's Series, Melbourne, circa 1905","Place & Date Depicted","circa 1905","Melbourne","Greater Melbourne","Victoria","Australia","Royal exhibition building; Revenue; Souvenir postcards","Buildings; Civic Mementoes; Correspondence; Exterior Views; Postcards; Royal Exhibition Building; Souvenirs","Royal Exhibition Building Collection","true"
"items/255327","Postcard - Southern Facade, Exhibition Building, Valentine's Series, Melbourne, circa 1905","Addressed To","circa 1905","Prahran","Greater Melbourne","Victoria","Australia","Royal exhibition building; Revenue; Souvenir postcards","Buildings; Civic Mementoes; Correspondence; Exterior Views; Postcards; Royal Exhibition Building; Souvenirs","Royal Exhibition Building Collection","true"
"items/255327","Postcard - Southern Facade, Exhibition Building, Valentine's Series, Melbourne, circa 1905","Place Used","","Melbourne","Greater Melbourne","Victoria","Australia","Royal exhibition building; Revenue; Souvenir postcards","Buildings; Civic Mementoes; Correspondence; Exterior Views; Postcards; Royal Exhibition Building; Souvenirs","Royal Exhibition Building Collection","true"
"items/255359","Postcard - Monument to Sir William Clarke, Treasury Gardens, Melbourne, 1907","Place & Date Made","1907","","","","Germany","Royal exhibition building; Revenue; Souvenir postcards","Civic Mementoes; Correspondence; Postcards; Royal Exhibition Building; Sculptures; Souvenirs","Royal Exhibition Building Collection","true"
"items/255359","Postcard - Monument to Sir William Clarke, Treasury Gardens, Melbourne, 1907","Addressed To","02 Jun 1907","Clarence Park, Adelaide","Greater Adelaide","South Australia","Australia","Royal exhibition building; Revenue; Souvenir postcards","Civic Mementoes; Correspondence; Postcards; Royal Exhibition Building; Sculptures; Souvenirs","Royal Exhibition Building Collection","true"
"items/255359","Postcard - Monument to Sir William Clarke, Treasury Gardens, Melbourne, 1907","Date Inscribed","1907","","","","","Royal exhibition building; Revenue; Souvenir postcards","Civic Mementoes; Correspondence; Postcards; Royal Exhibition Building; Sculptures; Souvenirs","Royal Exhibition Building Collection","true"
"items/255359","Postcard - Monument to Sir William Clarke, Treasury Gardens, Melbourne, 1907","Place Depicted","","","","","","Royal exhibition building; Revenue; Souvenir postcards","Civic Mementoes; Correspondence; Postcards; Royal Exhibition Building; Sculptures; Souvenirs","Royal Exhibition Building Collection","true"
"items/255376","Postcard - South West Facade, Exhibition Building, Cole's Sunny Australia Series, Melbourne, 1905","Publisher","1905","Melbourne","Greater Melbourne","Victoria","Australia","Royal exhibition building; Revenue; Souvenir postcards","Buildings; Civic Mementoes; Correspondence; Exterior Views; Postcards; Royal Exhibition Building; Souvenirs","Royal Exhibition Building Collection; Cole's Book Arcade Collection","true"
"items/255376","Postcard - South West Facade, Exhibition Building, Cole's Sunny Australia Series, Melbourne, 1905","Place & Date Depicted","1905","Melbourne","Greater Melbourne","Victoria","Australia","Royal exhibition building; Revenue; Souvenir postcards","Buildings; Civic Mementoes; Correspondence; Exterior Views; Postcards; Royal Exhibition Building; Souvenirs","Royal Exhibition Building Collection; Cole's Book Arcade Collection","true"
"items/255376","Postcard - South West Facade, Exhibition Building, Cole's Sunny Australia Series, Melbourne, 1905","Addressed To","08 Nov1905","Sydney","Greater Sydney","New South Wales","Australia","Royal exhibition building; Revenue; Souvenir postcards","Buildings; Civic Mementoes; Correspondence; Exterior Views; Postcards; Royal Exhibition Building; Souvenirs","Royal Exhibition Building Collection; Cole's Book Arcade Collection","true"
"items/255376","Postcard - South West Facade, Exhibition Building, Cole's Sunny Australia Series, Melbourne, 1905","Date Used","08 Nov 1905","","","","","Royal exhibition building; Revenue; Souvenir postcards","Buildings; Civic Mementoes; Correspondence; Exterior Views; Postcards; Royal Exhibition Building; Souvenirs","Royal Exhibition Building Collection; Cole's Book Arcade Collection","true"
"items/1243820","Postcard - Private Albert Edward Kemp to George Kemp, 'A British Heavy Gun in Action', 1917","Author","1917","","","","Europe","Military history; Personal effects; Correspondence","Death & Mourning; Domestic Life; Propaganda; Wars & Conflicts; World War I, 1914-1918; Making History - Kemp Mourning Collection","Albert Edward Kemp Mourning Collection","true"
"items/1243820","Postcard - Private Albert Edward Kemp to George Kemp, 'A British Heavy Gun in Action', 1917","Addressed To","1917","Malvern","Greater Melbourne","Victoria","Australia","Military history; Personal effects; Correspondence","Death & Mourning; Domestic Life; Propaganda; Wars & Conflicts; World War I, 1914-1918; Making History - Kemp Mourning Collection","Albert Edward Kemp Mourning Collection","true"
"items/1243820","Postcard - Private Albert Edward Kemp to George Kemp, 'A British Heavy Gun in Action', 1917","Organisation Named","","","","","England, Great Britain","Military history; Personal effects; Correspondence","Death & Mourning; Domestic Life; Propaganda; Wars & Conflicts; World War I, 1914-1918; Making History - Kemp Mourning Collection","Albert Edward Kemp Mourning Collection","true"
"items/2623561","Postcard - New Year, To Setsutaro Hasegawa From Okarno, 2 Dec 1905","Recipient","2 Dec 1905","","","Victoria","Australia","Communications; Postal; Correspondence","Japanese Culture; Japanese Immigration; Japanese Communities; Postcards; Flags; Children","","true"
"items/250775","Postcard - MS Johan Van Oldenbarnevelt, circa 1957","Past Owner","circa 1957","","","Victoria","Australia","Migration; Travel - shipboard life; Souvenirs","Hungarian Communities; Hungarian Immigration; Immigrant Shipping; Immigration; Immigrant Voyages; Ship Memorabilia; Shipping Lines; Travel","Hungarian Immigration Collection","true"
"items/250775","Postcard - MS Johan Van Oldenbarnevelt, circa 1957","Ship Depicted","circa 1957","","","","","Migration; Travel - shipboard life; Souvenirs","Hungarian Communities; Hungarian Immigration; Immigrant Shipping; Immigration; Immigrant Voyages; Ship Memorabilia; Shipping Lines; Travel","Hungarian Immigration Collection","true"
"items/2132880","Postcard - Church of Saint Bartholomew, Stromboli, Italy, circa 1939","Recipient","circa 1939","Melbourne","","Victoria","Australia","Migration; Settlement - first home & family; Correspondence","Internment Camps; World War II, 1939-1945; Italian Immigration; Religions: Roman Catholic","","true"
"items/1922521","Postcard - 'Clot Bey Street', Egypt, Peile Brothers, World War I, 1914-1916","Place & Date Depicted","1914-1916","Cairo","","","Egypt","Military history; Souvenirs & mementoes; Postcards","World War I, 1914-1918; Streets; Egyptian; Postcards; Trams; Donkeys","Military Memorabilia Collection; Returned and Services League (RSL) Collection","true"
"items/1922512","Postcard - Bridge Over the Nile, Egypt, Peile Brothers, World War I, 1914-1918","Place & Date Depicted","1914-1916","Cairo","","","Egypt","Military history; Souvenirs & mementoes; Postcards","World War I, 1914-1918; Dams; Rivers; Postcards","Military Memorabilia Collection; Returned and Services League (RSL) Collection","true"
"items/1922518","Postcard - 'Eden Palace Hotel', Egypt, Peile Brothers, World War I, 1914-1916","Place & Date Depicted","1914-1916","Cairo","","","Egypt","Military history; Souvenirs & mementoes; Postcards","World War I, 1914-1918; Hotels; Streetscapes; Postcards; Trams","Returned and Services League (RSL) Collection","true"
"items/1922515","Postcard - 'Grand Hotel Liverpool', Egypt, World War I, Peile Brothers, 1914-1916","Place & Date Depicted","1914-1916","Cairo","","","Egypt","Military history; Souvenirs & mementoes; Postcards","World War I, 1914-1918; Hotels; Streetscapes; Postcards","Military Memorabilia Collection; Returned and Services League (RSL) Collection","true"
"items/1922502","Postcard - 'Native Sweet Seller', Egypt, Peile Brothers, World War I, 1914-1918","Place & Date Depicted","1914-1916","","","","Egypt","Military history; Souvenirs & mementoes; Postcards","World War I, 1914-1918; Street Vendors; Postcards","Military Memorabilia Collection; Returned and Services League (RSL) Collection","true"
"items/1922508","Postcard - 'Damanhour, Eglise Cophte', Egypt, Peile Brothers, World War I, 1914-1916","Place & Date Depicted","1914-1916","Damanhour","","","Egypt","Military history; Souvenirs & mementoes; Postcards","World War I, 1914-1918; Streetscapes; Postcards; Churches; Religions: Christianity","Military Memorabilia Collection; Returned and Services League (RSL) Collection","true"
"items/1922503","Postcard - 'Omnibus Station', Egypt, Peile Brothers, World War I, 1914-1916","Place & Date Depicted","1914-1916","Cairo","","","Egypt","Military history; Souvenirs & mementoes; Postcards","World War I, 1914-1918; Streetscapes; Buses; Public Transport; Postcards","Military Memorabilia Collection; Returned and Services League (RSL) Collection","true"
"items/1922514","Postcard - Entrance to Mousky, Peile Brothers, World War I, 1914-1916","Place & Date Depicted","1914-1916","Cairo","","","Egypt","Military history; Souvenirs & mementoes; Postcards","World War I, 1914-1918; Streetscapes; Markets; Postcards","Military Memorabilia Collection; Returned and Services League (RSL) Collection","true"
"items/1922509","Postcard - 'Denderah, The Small Temple', Egypt, Peile Brothers, World War I, 1914-1916","Place & Date Depicted","1914-1916","Dendera","","","Egypt","Military history; Souvenirs & mementoes; Postcards","World War I, 1914-1918; Egyptian Archaeology; Temples; Postcards; Religions; Temples","Military Memorabilia Collection; Returned and Services League (RSL) Collection","true"
"items/1922486","Postcard - 'The Avenue to the Pyramids', Egypt, World War I, Peile Brothers, World War I, 1914-1916","Place & Date Depicted","1914-1916","Giza","","","Egypt","Military history; Souvenirs & mementoes; Postcards","World War I, 1914-1918; Streetscapes; Pyramids; Postcards","Military Memorabilia Collection; Returned and Services League (RSL) Collection","true"
"items/1922510","Postcard - 'Le Caire, Tribunal Mixte', Egypt, Peile Brothers, World War I, 1914-1916","Place & Date Depicted","1914-1916","Cairo","","","Egypt","Military history; Souvenirs & mementoes; Postcards","World War I, 1914-1918; Streetscapes; Court Houses; Postcards","Military Memorabilia Collection; Returned and Services League (RSL) Collection","true"
"items/1922504","Postcard - Al-Azhar Mosque Interior, Egypt, Peile Brothers, World War I, 1914-1916","Place & Date Depicted","1914-1916","Cairo","","","Egypt","Military history; Souvenirs & mementoes; Postcards","World War I, 1914-1918; Mosques; Postcards; Architecture","Military Memorabilia Collection; Returned and Services League (RSL) Collection","true"
"items/1922506","Postcard - 'Native Young Men', Egypt, Peile Brothers, World War I, 1914-1916","Place & Date Depicted","1914-1916","Cairo","","","Egypt","Military history; Souvenirs & mementoes; Postcards","World War I, 1914-1918; Youth; Postcards; Smoking","Military Memorabilia Collection; Returned and Services League (RSL) Collection","true"
"items/1922481","Postcard - Great Sphinx, Egypt, Peile Brothers, World War I, 1914-1916","Place & Date Depicted","1914-1916","Giza Plateau","","","Egypt","Military history; Service; Recreation & tourism","World War I, 1914-1918; Egyptian Archaeology; Sphinx; Pyramids; Postcards","Military Memorabilia Collection; Returned and Services League (RSL) Collection","true"
"items/1922496","Postcard - 'General View of the Pyramids of Giza', Egypt, Peile Brothers, World War I, 1914-1916","Place & Date Depicted","1914-1916","Giza Plateau","","","Egypt","Military history; Service; Recreation & tourism","World War I, 1914-1918; Pyramids; Egyptian Archaeology; Postcards","Military Memorabilia Collection; Returned and Services League (RSL) Collection","true"
"items/2299173","Postcard - The Post Office and Bourke Street, Melbourne, 1967","Organisation Named","","","","","","Migration; Travel - arrival; Souvenirs","Travel; Immigration; British Immigration","","true"
"items/2299175","Postcard - Swanston Street, City of Melbourne, 1967","Organisation Named","","","","","","Migration; Travel - arrival; Souvenirs","Travel; Immigration; British Immigration; Ship Memorabilia","","true"
"items/2299255","Postcard Set - Views of Orient Line Oronsay, SS Oronsay, 1959","Organisation Named","","","","","","Migration; Travel - shipboard life; Souvenirs","Travel; Immigration; British Immigration; Ship Memorabilia","","true"
"items/2299193","Postcard - Prayer Near the Great Sphinx, Egypt, 1967","Organisation Named","","","","","","Migration; Travel - shipboard life; Souvenirs","Travel; Immigration; British Immigration; Ship Memorabilia","","true"
"items/2299195","Postcard - Maritime Station & Vesuvius, Naples, 1967","Organisation Named","","","","","","Migration; Travel - shipboard life; Souvenirs","Travel; Immigration; British Immigration; Ship Memorabilia","","true"
"items/2299196","Postcard - Saluti da Napoli, Naples, 1967","Organisation Named","","","","","","Migration; Travel - shipboard life; Souvenirs","Travel; Immigration; British Immigration; Ship Memorabilia","","true"
"items/2299199","Postcard - Souvenir of Perth, Perth, 1967","Organisation Named","","","","","","Migration; Travel - arrival; Souvenirs","Travel; Immigration; British Immigration; Ship Memorabilia","","true"
"items/2299200","Postcard - Forrest Place, Perth, 1967","Organisation Named","","","","","","Migration; Travel - arrival; Souvenirs","Travel; Immigration; British Immigration; Ship Memorabilia","","true"
"items/2299201","Postcard - Murray Views No 73, Rundle Street, Adelaide, South Australia, 1967","Organisation Named","","","","","","Migration; Travel - arrival; Souvenirs","Travel; Immigration; British Immigration; Ship Memorabilia","","true"
"items/2299202","Postcard - Adelaide Railway Station, Adelaide, South Australia, 1967","Organisation Named","","","","","","Migration; Travel - arrival; Souvenirs","Travel; Immigration; British Immigration; Ship Memorabilia","","true"
"items/2299203","Postcard - King William Street, Adelaide, South Australia, 1967","Organisation Named","","","","","","Migration; Travel - arrival; Souvenirs","Travel; Immigration; British Immigration; Ship Memorabilia","","true"
"items/2299208","Postcard - Station Pier, Port Melbourne, Victoria, 1967","Organisation Named","","","","","","Migration; Travel - arrival; Souvenirs","Travel; Immigration; British Immigration; Ship Memorabilia","","true"
"items/2299234","Postcard - Piazza Amedeo, Naples, 1967","Organisation Named","","","","","","Migration; Travel - shipboard life; Mementoes","Travel; Immigration; British Immigration; Ship Memorabilia","","true"
"items/2299108","Postcard - Casa de Colon, Las Palmas, Spain, 1959","Organisation Named","","","","","","Migration; Travel - bought goods; Mementoes","Travel; Immigration; British Immigration; Ten Pound Tourists","","true"
"items/2299109","Postcard - Castle of La Luz and Harbour, Las Palmas, Spain, 1959","Organisation Named","","","","","","Migration; Travel - bought goods; Mementoes","Travel; Immigration; British Immigration; Ten Pound Tourists","","true"
"items/2299110","Postcard - Cape Town by Night, South Africa, 1959","Organisation Named","","","","","","Migration; Travel - bought goods; Mementoes","Travel; Immigration; British Immigration; Ten Pound Tourists","","true"
"items/2299111","Postcard - Outward Bound Mail Ship Leaving Cape Town, South Africa, 1959","Organisation Named","","","","","","Migration; Travel - bought goods; Mementoes","Travel; Immigration; British Immigration; Ten Pound Tourists","","true"
"items/2299112","Postcard - Aerial View of the Cape Peninsula, South Africa, 1959","Organisation Named","","","","","","Migration; Travel - bought goods; Mementoes","Travel; Immigration; British Immigration; Ten Pound Tourists","","true"
"items/2493070","Postcard - Hans Hukom, Indonesia To Richard & Edith Winnett, Gundagai, New South Wales, 1970","Author","1970","Jakarta","Java","","Indonesia","Migration; Processing - immigration selection; Correspondence","Immigration Policies; Immigration Selection; White Australia Policy; Letters; Working Life; Employment Records; Religions; Indonesian Immigration","","true"
"items/2493070","Postcard - Hans Hukom, Indonesia To Richard & Edith Winnett, Gundagai, New South Wales, 1970","Recipient","1970","Gundagai","","New South Wales","Australia","Migration; Processing - immigration selection; Correspondence","Immigration Policies; Immigration Selection; White Australia Policy; Letters; Working Life; Employment Records; Religions; Indonesian Immigration","","true"
"items/2126074","Postcard - 'I am the Bread of Life', Private Will Nairn to Mother, World War I, 26 Mar 1918","Place & Date Written","26 Mar 1918","London","","","England","Military history; Service; Correspondence","World War I, 1914-1918; Military Memorabilia; Death & Mourning; Religions: Roman Catholic; Correspondence","","true"
"items/2126074","Postcard - 'I am the Bread of Life', Private Will Nairn to Mother, World War I, 26 Mar 1918","Author","","","","","","Military history; Service; Correspondence","World War I, 1914-1918; Military Memorabilia; Death & Mourning; Religions: Roman Catholic; Correspondence","","true"
"items/287064","Postcard - Letho Sigalas to Lili Vrahamis, Cairo, 29 Aug 1921","Sender","29 Aug 1921","Cairo","","","Egypt","Migration; Processing - planning & departure; Correspondence","Arranged Marriages; Correspondence; Greek Communities; Greek Immigration; Immigration; Weddings; Travel","","true"
"items/287064","Postcard - Letho Sigalas to Lili Vrahamis, Cairo, 29 Aug 1921","Addressed To","29 Aug 1921","","","","Greece","Migration; Processing - planning & departure; Correspondence","Arranged Marriages; Correspondence; Greek Communities; Greek Immigration; Immigration; Weddings; Travel","","true"
"items/2299115","Postcard - SS Oronsay, Orient Line, 1959","Organisation Named","","","","","","Migration; Travel - shipboard life; Souvenirs","Travel; Immigration; British Immigration; Correspondence","","true"
"items/1763664","Postcard - Collins Street, Melbourne, To J. B. Scott from Marion Flinn, Melbourne, 1 Jun 1904","Sender","1 Jun 1904","Melbourne","","Victoria","Australia","Communications; Postal; Correspondence","Civic Life; Correspondence; Horsedrawn Vehicles; Melbourne Landmarks; Postcards; Scottish Communities; Scottish Immigration; Streets; Streetscapes; Trams","","true"
"items/1763664","Postcard - Collins Street, Melbourne, To J. B. Scott from Marion Flinn, Melbourne, 1 Jun 1904","Addressed To","1 Jun 1904","Paisley","","","Scotland","Communications; Postal; Correspondence","Civic Life; Correspondence; Horsedrawn Vehicles; Melbourne Landmarks; Postcards; Scottish Communities; Scottish Immigration; Streets; Streetscapes; Trams","","true"
"items/1763665","Postcard - Neutral Bay, Sydney, To Misses Scott from Marion Flinn, Melbourne, 29 Jun 1904","Sender","29 Jun 1904","Melbourne","","Victoria","Australia","Communications; Postal; Correspondence","Bays; Boats; Coastal Landscapes; Correspondence; Postcards; Scottish Communities; Scottish Immigration","","true"
"items/1763665","Postcard - Neutral Bay, Sydney, To Misses Scott from Marion Flinn, Melbourne, 29 Jun 1904","Addressed To","29 Jun 1904","","","","Scotland","Communications; Postal; Correspondence","Bays; Boats; Coastal Landscapes; Correspondence; Postcards; Scottish Communities; Scottish Immigration","","true"
"items/1763666","Postcard - Town Hall, Sydney, To Jas. B. Scott from Marion Flinn, Melbourne, 29 Jun 1904","Sender","29 Jun 1904","Melbourne","","Victoria","Australia","Communications; Postal; Correspondence","Buildings; Civic Life; Correspondence; Postcards; Scottish Communities; Scottish Immigration; Town Halls","","true"
"items/1763666","Postcard - Town Hall, Sydney, To Jas. B. Scott from Marion Flinn, Melbourne, 29 Jun 1904","Addressed to","29 Jun 1904","Paisley","","","Scotland","Communications; Postal; Correspondence","Buildings; Civic Life; Correspondence; Postcards; Scottish Communities; Scottish Immigration; Town Halls","","true"
"items/1763667","Postcard - Bird's-eye View of Healesville, To J. B. Scott from Marion Flinn, Melbourne, 6 Jul 1904","Sender","6 Jul 1904","Melbourne","","Victoria","Australia","Communications; Postal; Correspondence","Correspondence; Houses; Postcards; Rural Landscapes; Rural Victoria; Scottish Communities; Scottish Immigration","","true"
"items/1763667","Postcard - Bird's-eye View of Healesville, To J. B. Scott from Marion Flinn, Melbourne, 6 Jul 1904","Addressed To","6 Jul 1904","Paisley","","","Scotland","Communications; Postal; Correspondence","Correspondence; Houses; Postcards; Rural Landscapes; Rural Victoria; Scottish Communities; Scottish Immigration","","true"
"items/1763662","Postcard - Sydney Harbour at Sundown, To J. B. Scott from Marion Flinn, Melbourne, 22 Jun 1904","Sender","22 Jun 1904","Melbourne","","Victoria","Australia","Communications; Postal; Correspondence","Coastal Landscapes; Correspondence; Harbours; Postcards; Sailing; Scottish Communities; Scottish Immigration; Ships","","true"
"items/1763662","Postcard - Sydney Harbour at Sundown, To J. B. Scott from Marion Flinn, Melbourne, 22 Jun 1904","Addressed To","22 Jun 1904","paisley","","","Scotland","Communications; Postal; Correspondence","Coastal Landscapes; Correspondence; Harbours; Postcards; Sailing; Scottish Communities; Scottish Immigration; Ships","","true"
"items/1763663","Postcard - Exhibition Building, Melbourne, To J. B. Scott from Marion Flinn, Melbourne, 24 May 1904","Sender","24 May 1904","Melbourne","","Victoria","Australia","Communications; Postal; Correspondence","Buildings; Correspondence; Melbourne Landmarks; Postcards; Royal Exhibition Building; Scottish Communities; Scottish Immigration","","true"
"items/1763663","Postcard - Exhibition Building, Melbourne, To J. B. Scott from Marion Flinn, Melbourne, 24 May 1904","Addressed To","24 May 1904","Paisley","","","Scotland","Communications; Postal; Correspondence","Buildings; Correspondence; Melbourne Landmarks; Postcards; Royal Exhibition Building; Scottish Communities; Scottish Immigration","","true"
"items/1763668","Postcard - Gold Digging on Ovens River, Victoria, To James B. Scott from Chris, Melbourne, 24 Aug 1904","Sender","24 Aug 1904","Melbourne","","Victoria","Australia","Communications; Postal; Correspondence","Correspondence; Gold Mines; Postcards; Rivers; Rural Landscapes; Scottish Communities; Scottish Immigration","","true"
"items/1763668","Postcard - Gold Digging on Ovens River, Victoria, To James B. Scott from Chris, Melbourne, 24 Aug 1904","Addressed To","24 Aug 1904","Paisley","","","Scotland","Communications; Postal; Correspondence","Correspondence; Gold Mines; Postcards; Rivers; Rural Landscapes; Scottish Communities; Scottish Immigration","","true"
"items/1557689","Postcard - Aboriginal Australian with Boomerang, To Anna Scott from Marion Flinn, Melbourne, 16 Apr 1907","Sender","16 Apr 1907","Melbourne","","Victoria","Australia","Communications; Postal; Correspondence","Aboriginal Depictions; Aboriginal People; Correspondence; Postcards; Scottish Communities; Scottish Immigration","","true"
"items/1557689","Postcard - Aboriginal Australian with Boomerang, To Anna Scott from Marion Flinn, Melbourne, 16 Apr 1907","Addressed To","16 Apr 1907","","","","Scotland","Communications; Postal; Correspondence","Aboriginal Depictions; Aboriginal People; Correspondence; Postcards; Scottish Communities; Scottish Immigration","","true"
"items/1763650","Postcard - At Heidelberg, near Melbourne, To Nettie Scott from Marion Flinn, Melbourne, 16 Mar 1904","Sender","16 Mar 1904","Melbourne","","Victoria","Australia","Communications; Postal; Correspondence","Bridges; Children; Correspondence; Postcards; Rivers; Scottish Communities; Scottish Immigration; Social Life; Suburbia; Suburbs","","true"
"items/1763650","Postcard - At Heidelberg, near Melbourne, To Nettie Scott from Marion Flinn, Melbourne, 16 Mar 1904","Addressed To","16 Mar 1904","","","","Scotland","Communications; Postal; Correspondence","Bridges; Children; Correspondence; Postcards; Rivers; Scottish Communities; Scottish Immigration; Social Life; Suburbia; Suburbs","","true"
"items/1763642","Postcard - Elizabeth Street, Melbourne, To Anna Scott from Marion Flinn, Melbourne, 5 Jan 1904","Sender","5 Jan 1904","Melbourne","","Victoria","Australia","Communications; Postal; Correspondence","Civic Life; Correspondence; Melbourne Landmarks; Postcards; Scottish Communities; Scottish Immigration; Streets; Streetscapes; Urban Landscapes","","true"
"items/1763642","Postcard - Elizabeth Street, Melbourne, To Anna Scott from Marion Flinn, Melbourne, 5 Jan 1904","Addressed To","5 Jan 1904","","","","Scotland","Communications; Postal; Correspondence","Civic Life; Correspondence; Melbourne Landmarks; Postcards; Scottish Communities; Scottish Immigration; Streets; Streetscapes; Urban Landscapes","","true"
"items/1763643","Postcard - Town Hall, Melbourne, To Nettie Scott from Marion Flinn, Melbourne, 13 Jan 1904","Sender","13 Jan 1904","Melbourne","","Victoria","Australia","Communications; Postal; Correspondence","Buildings; Civic Life; Correspondence; Melbourne Landmarks; Postcards; Scottish Communities; Scottish Immigration; Town Halls; Trams; Urban Landscapes","","true"
"items/1763643","Postcard - Town Hall, Melbourne, To Nettie Scott from Marion Flinn, Melbourne, 13 Jan 1904","Addressed To","13 Jan 1904","","","","Scotland","Communications; Postal; Correspondence","Buildings; Civic Life; Correspondence; Melbourne Landmarks; Postcards; Scottish Communities; Scottish Immigration; Town Halls; Trams; Urban Landscapes","","true"
"items/1763651","Postcard - Spring Street, Melbourne, To Anna Scott from Marion Flinn, Melbourne, 16 Mar 1904","Sender","16 Mar 1904","Melbourne","","Victoria","Australia","Communications; Postal; Correspondence","Buildings; Civic Life; Correspondence; Melbourne Landmarks; Postcards; Scottish Communities; Scottish Immigration; Streets; Streetscapes; Urban Landscapes","","true"
"items/1763651","Postcard - Spring Street, Melbourne, To Anna Scott from Marion Flinn, Melbourne, 16 Mar 1904","Addressed To","16 Mar 1904","","","","Scotland","Communications; Postal; Correspondence","Buildings; Civic Life; Correspondence; Melbourne Landmarks; Postcards; Scottish Communities; Scottish Immigration; Streets; Streetscapes; Urban Landscapes","","true"
"items/1763652","Postcard - Sunset Williamstown, Melbourne, To Mr Scott from Marion Flinn, Melbourne, 29 Mar 1904","Sender","29 Mar 1904","Melbourne","","Victoria","Australia","Communications; Postal; Correspondence","Correspondence; Landscapes; Postcards; Sailing Vessels; Scottish Communities; Scottish Immigration; Ships; Suburbs","","true"
"items/1763652","Postcard - Sunset Williamstown, Melbourne, To Mr Scott from Marion Flinn, Melbourne, 29 Mar 1904","Addressed To","29 Mar 1904","","","","Scotland","Communications; Postal; Correspondence","Correspondence; Landscapes; Postcards; Sailing Vessels; Scottish Communities; Scottish Immigration; Ships; Suburbs","","true"
"items/1557650","Postcard - Collins Street Melbourne, To Nettie Scott from Marion Flinn, Melbourne, 5 Jan 1904","Sender","5 Jan 1904","Melbourne","","Victoria","Australia","Communications; Postal; Correspondence","Buildings; Civic Life; Correspondence; Immigration; Melbourne Landmarks; Postcards; Scottish Communities; Scottish Immigration; Streets; Streetscapes; Urban Landscapes","","true"
"items/1557650","Postcard - Collins Street Melbourne, To Nettie Scott from Marion Flinn, Melbourne, 5 Jan 1904","Addressed To","5 Jan 1904","","","","Scotland","Communications; Postal; Correspondence","Buildings; Civic Life; Correspondence; Immigration; Melbourne Landmarks; Postcards; Scottish Communities; Scottish Immigration; Streets; Streetscapes; Urban Landscapes","","true"
"items/1763670","Postcard - Town Hall, Sydney, To J. B. Scott from Marion Flinn, Melbourne, 24 Aug 1904","Sender","24 Aug 1904","Melbourne","","Victoria","Australia","Communications; Postal; Correspondence","Buildings; Civic Life; Correspondence; Postcards; Scottish Communities; Scottish Immigration; Town Halls","","true"
"items/1763670","Postcard - Town Hall, Sydney, To J. B. Scott from Marion Flinn, Melbourne, 24 Aug 1904","Addressed To","24 Aug 1904","Paisley","","","Scotland","Communications; Postal; Correspondence","Buildings; Civic Life; Correspondence; Postcards; Scottish Communities; Scottish Immigration; Town Halls","","true"
"items/1763671","Postcard - Neutral Bay, Sydney, To J. B. Scott from Marion Flinn, Melbourne, 31 Aug 1904","Sender","31 Aug 1904","Melbourne","","Victoria","Australia","Communications; Postal; Correspondence","Bays; Boats; Coastal Landscapes; Correspondence; Postcards; Scottish Communities; Scottish Immigration","","true"
"items/1763671","Postcard - Neutral Bay, Sydney, To J. B. Scott from Marion Flinn, Melbourne, 31 Aug 1904","Addressed To","31 Aug 1904","Paisley","","","Scotland","Communications; Postal; Correspondence","Bays; Boats; Coastal Landscapes; Correspondence; Postcards; Scottish Communities; Scottish Immigration","","true"
"items/1763673","Postcard - Sydney Harbour at Sundown, To J. B. Scott from Marion Flinn, Melbourne, 7 Sep 1904","Sender","7 Sep 1904","Melbourne","","Victoria","Australia","Communications; Postal; Correspondence","Boats; Correspondence; Harbours; Postcards; Sailing; Scottish Communities; Scottish Immigration","","true"
"items/1763673","Postcard - Sydney Harbour at Sundown, To J. B. Scott from Marion Flinn, Melbourne, 7 Sep 1904","Addressed To","7 Sep 1904","Paisley","","","Scotland","Communications; Postal; Correspondence","Boats; Correspondence; Harbours; Postcards; Sailing; Scottish Communities; Scottish Immigration","","true"
"items/1763674","Postcard - Govett's Leap, Blackheath, To J. B. Scott from Marion Flinn, Melbourne, 14 Sep 1904","Sender","14 Sep 1904","Melbourne","","Victoria","Australia","Communications; Postal; Correspondence","Correspondence; Postcards; Rural Landscapes; Scottish Communities; Scottish Immigration; Waterfalls","","true"
"items/1763674","Postcard - Govett's Leap, Blackheath, To J. B. Scott from Marion Flinn, Melbourne, 14 Sep 1904","Addressed To","14 Sep 1904","Paisley","","","Scotland","Communications; Postal; Correspondence","Correspondence; Postcards; Rural Landscapes; Scottish Communities; Scottish Immigration; Waterfalls","","true"
"items/1763675","Postcard - Spring Street, Melbourne, To J. B. Scott from Marion Flinn, Melbourne, 15 Nov 1904","Sender","15 Nov 1904","Melbourne","","Victoria","Australia","Communications; Postal; Correspondence","Correspondence; Horsedrawn Vehicles; Melbourne Landmarks; Postcards; Scottish Communities; Scottish Immigration; Streets; Streetscapes; Urban Landscapes","","true"
"items/1763675","Postcard - Spring Street, Melbourne, To J. B. Scott from Marion Flinn, Melbourne, 15 Nov 1904","Addressed to","15 Nov 1904","Paisley","","","Scotland","Communications; Postal; Correspondence","Correspondence; Horsedrawn Vehicles; Melbourne Landmarks; Postcards; Scottish Communities; Scottish Immigration; Streets; Streetscapes; Urban Landscapes","","true"
"items/1763676","Postcard - St. Kilda Road, Melbourne, To J. B. Scott from Marion Flinn, Melbourne, 23 Nov 1904","Sender","23 Nov 1904","Melbourne","","Victoria","Australia","Communications; Postal; Correspondence","Correspondence; Melbourne Landmarks; Postcards; Scottish Communities; Scottish Immigration; Streets; Streetscapes; Trams; Urban Landscapes","","true"
"items/1763676","Postcard - St. Kilda Road, Melbourne, To J. B. Scott from Marion Flinn, Melbourne, 23 Nov 1904","Addressed To","23 Nov 1904","Paisley","","","Scotland","Communications; Postal; Correspondence","Correspondence; Melbourne Landmarks; Postcards; Scottish Communities; Scottish Immigration; Streets; Streetscapes; Trams; Urban Landscapes","","true"
"items/1763679","Postcard - Lake, Botanical Gardens, Melbourne, To J. B. Scott from Marion Flinn, Melbourne, 20 Dec 1904","Sender","20 Dec 1904","Melbourne","","Victoria","Australia","Communications; Postal; Correspondence","Bridges; Correspondence; Gardens; Government House, Victoria; Lakes; Melbourne Landmarks; Postcards; Scottish Communities; Scottish Immigration","","true"
"items/1763679","Postcard - Lake, Botanical Gardens, Melbourne, To J. B. Scott from Marion Flinn, Melbourne, 20 Dec 1904","Addressed To","20 Dec 1904","Paisley","","","Scotland","Communications; Postal; Correspondence","Bridges; Correspondence; Gardens; Government House, Victoria; Lakes; Melbourne Landmarks; Postcards; Scottish Communities; Scottish Immigration","","true"
"items/1763680","Postcard - Mordialloc, the Creek, To J. B. Scott from Marion Flinn, Mordialloc, 28 Dec 1904","Sender","28 Dec 1904","Melbourne","","Victoria","Australia","Communications; Postal; Correspondence","Correspondence; Postcards; Rivers; Rural Landscapes; Rural Victoria; Scottish Communities; Scottish Immigration","","true"
"items/1763680","Postcard - Mordialloc, the Creek, To J. B. Scott from Marion Flinn, Mordialloc, 28 Dec 1904","Addressed To","28 Dec 1904","Paisley","","","Scotland","Communications; Postal; Correspondence","Correspondence; Postcards; Rivers; Rural Landscapes; Rural Victoria; Scottish Communities; Scottish Immigration","","true"
"items/1763681","Postcard - Mordialloc, To Misses Scott from Marion Flinn, Mordialloc, 1 Jan 1905","Sender","1 Jan 1905","Melbourne","","Victoria","Australia","Communications; Postal; Correspondence","Boats; Correspondence; Postcards; Rivers; Rural Landscapes; Rural Victoria; Scottish Communities; Scottish Immigration","","true"
"items/1763681","Postcard - Mordialloc, To Misses Scott from Marion Flinn, Mordialloc, 1 Jan 1905","Addressed To","1 Jan 1905","","","","Scotland","Communications; Postal; Correspondence","Boats; Correspondence; Postcards; Rivers; Rural Landscapes; Rural Victoria; Scottish Communities; Scottish Immigration","","true"
"items/1763682","Postcard - Mordialloc Creek & Bridge Hotel, To J. B. Scott from Marion Flinn, Melbourne, 15 Jan 1905","Sender","15 Jan 1905","Melbourne","","Victoria","Australia","Communications; Postal; Correspondence","Correspondence; Hotels; Postcards; Rivers; Rural Landscapes; Rural Victoria; Scottish Communities; Scottish Immigration","","true"
"items/1763682","Postcard - Mordialloc Creek & Bridge Hotel, To J. B. Scott from Marion Flinn, Melbourne, 15 Jan 1905","Addressed To","15 Jan 1905","Paisley","","","Scotland","Communications; Postal; Correspondence","Correspondence; Hotels; Postcards; Rivers; Rural Landscapes; Rural Victoria; Scottish Communities; Scottish Immigration","","true"
"items/1763683","Postcard - Scene on the Goulburn River, To J. B. Scott from Marion Flinn, Melbourne, 25 Jan 1905","Sender","25 Jan 1905","Melbourne","","Victoria","Australia","Communications; Postal; Correspondence","Bushland; Camp Sites; Correspondence; Postcards; Rivers; Rural Landscapes; Rural Victoria; Scottish Communities; Scottish Immigration","","true"
"items/1763683","Postcard - Scene on the Goulburn River, To J. B. Scott from Marion Flinn, Melbourne, 25 Jan 1905","Addressed To","25 Jan 1905","Paisley","","","Scotland","Communications; Postal; Correspondence","Bushland; Camp Sites; Correspondence; Postcards; Rivers; Rural Landscapes; Rural Victoria; Scottish Communities; Scottish Immigration","","true"
"items/1763684","Postcard - Black Spur, Fernshawe, To J. B. Scott from Marion Flinn, Melbourne, 31 Jan 1905","Sender","31 Jan 1905","Melbourne","","Victoria","Australia","Communications; Postal; Correspondence","Bushland; Correspondence; Postcards; Scottish Communities; Scottish Immigration; Trees","","true"
"items/1763684","Postcard - Black Spur, Fernshawe, To J. B. Scott from Marion Flinn, Melbourne, 31 Jan 1905","Addressed To","31 Jan 1905","Paisley","","","Scotland","Communications; Postal; Correspondence","Bushland; Correspondence; Postcards; Scottish Communities; Scottish Immigration; Trees","","true"
"items/1763687","Postcard - The Law Courts, Melbourne, To J. B. Scott from Marion Flinn, Melbourne, 25 Jul 1906","Sender","25 Jul 1906","Melbourne","","Victoria","Australia","Communications; Postal; Correspondence","Buildings; Correspondence; Law Courts; Melbourne Landmarks; Postcards; Scottish Communities; Scottish Immigration","","true"
"items/1763687","Postcard - The Law Courts, Melbourne, To J. B. Scott from Marion Flinn, Melbourne, 25 Jul 1906","Addressed To","25 Jul 1906","Paisley","","","Scotland","Communications; Postal; Correspondence","Buildings; Correspondence; Law Courts; Melbourne Landmarks; Postcards; Scottish Communities; Scottish Immigration","","true"
"items/1763688","Postcard - William Tell Summer House Botanical Gardens, Melbourne, To Nettie Scott from Janet Flinn, Melbourne, 20 Oct 1906","Sender","20 Oct 1906","Melbourne","","Victoria","Australia","Communications; Postal; Correspondence","Correspondence; Gardens; Houses; Melbourne Landmarks; Postcards; Scottish Communities; Scottish Immigration","","true"
"items/1763688","Postcard - William Tell Summer House Botanical Gardens, Melbourne, To Nettie Scott from Janet Flinn, Melbourne, 20 Oct 1906","Addressed To","20 Oct 1906","","","","Scotland","Communications; Postal; Correspondence","Correspondence; Gardens; Houses; Melbourne Landmarks; Postcards; Scottish Communities; Scottish Immigration","","true"
"items/1763689","Postcard - Botany Bay, N.S.W., To J. B. Scott from Marion Flinn, Melbourne, 12 Dec 1906","Sender","12 Dec 1906","Melbourne","","Victoria","Australia","Communications; Postal; Correspondence","Bays; Beaches; Bridges; Coastal Landscapes; Correspondence; Postcards; Scottish Communities; Scottish Immigration","","true"
"items/1763689","Postcard - Botany Bay, N.S.W., To J. B. Scott from Marion Flinn, Melbourne, 12 Dec 1906","Addressed To","12 Dec 1906","Paisley","","","Scotland","Communications; Postal; Correspondence","Bays; Beaches; Bridges; Coastal Landscapes; Correspondence; Postcards; Scottish Communities; Scottish Immigration","","true"
"items/1763690","Postcard - 'Australian Aboriginal, A Chief', To Nettie Scott From Janet Flinn, Melbourne, 9 Apr 1907","Sender","9 Apr 1907","Melbourne","","Victoria","Australia","Communications; Postal; Correspondence","Aboriginal Depictions; Aboriginal People; Correspondence; Decorations; Postcards; Scottish Communities; Scottish Immigration","","true"
"items/1763690","Postcard - 'Australian Aboriginal, A Chief', To Nettie Scott From Janet Flinn, Melbourne, 9 Apr 1907","Addressed To","9 Apr 1907","","","","Scotland","Communications; Postal; Correspondence","Aboriginal Depictions; Aboriginal People; Correspondence; Decorations; Postcards; Scottish Communities; Scottish Immigration","","true"
"items/1763692","Postcard - Glenelg, near Adelaide, To Anna Scott from Marion Flinn, circa 1904 - 1907","Sender","1900s","Glenelg","Greater Adelaide","South Australia","Australia","Communications; Postal; Correspondence","Boats; Coastlines; Correspondence; Piers; Postcards; Scottish Communities; Scottish Immigration; Suburbs; Urban Landscapes","","true"
"items/1763692","Postcard - Glenelg, near Adelaide, To Anna Scott from Marion Flinn, circa 1904 - 1907","Addressed To","1900s","","","","Scotland","Communications; Postal; Correspondence","Boats; Coastlines; Correspondence; Piers; Postcards; Scottish Communities; Scottish Immigration; Suburbs; Urban Landscapes","","true"
"items/1763693","Postcard - Government Hill from Duketown, Old Calabar, To J. B. Scott  from Bob, Old Calabar, 2 Feb 1903","Sender","2 Feb 1903","","","","Nigeria","Communications; Postal; Correspondence","Correspondence; Governments; Huts; Postcards; Rural Landscapes; Scottish Communities; Scottish Immigration","","true"
"items/1763693","Postcard - Government Hill from Duketown, Old Calabar, To J. B. Scott  from Bob, Old Calabar, 2 Feb 1903","Addressed To","2 Feb 1903","Paisley","","","Scotland","Communications; Postal; Correspondence","Correspondence; Governments; Huts; Postcards; Rural Landscapes; Scottish Communities; Scottish Immigration","","true"
"items/1763694","Postcard - Division Head-quarters at Bonny, Southern Nigeria, To J. B. Scott, 20 Nov 1905","Sender","20 Nov 1905","","","","Nigeria","Communications; Postal; Correspondence","Buildings; Correspondence; Postcards; Scottish Communities; Scottish Immigration","","true"
"items/1763694","Postcard - Division Head-quarters at Bonny, Southern Nigeria, To J. B. Scott, 20 Nov 1905","Addressed To","20 Nov 1905","Paisley","","","Scotland","Communications; Postal; Correspondence","Buildings; Correspondence; Postcards; Scottish Communities; Scottish Immigration","","true"
"items/1763695","Postcard - Singapore, To Jas B. Scott from Willie, circa 1904 - 1907","Sender","1900s","","","","Singapore","Communications; Postal; Correspondence","Boats; Coastal Landscapes; Correspondence; Harbours; Horsedrawn Vehicles; Postcards; Scottish Communities; Scottish Immigration","","true"
"items/1763695","Postcard - Singapore, To Jas B. Scott from Willie, circa 1904 - 1907","Addressed To","1900s","Paisley","","","Scotland","Communications; Postal; Correspondence","Boats; Coastal Landscapes; Correspondence; Harbours; Horsedrawn Vehicles; Postcards; Scottish Communities; Scottish Immigration","","true"
"items/1763696","Postcard - Bombay, The B., B. and C. I. Railway Offices, To Jas B. Scott from W. Frew, circa 1904 - 1907","Sender","1900s","","","","India","Communications; Postal; Correspondence","Buildings; Correspondence; Offices; Postcards; Railways; Scottish Communities; Scottish Immigration","","true"
"items/1763696","Postcard - Bombay, The B., B. and C. I. Railway Offices, To Jas B. Scott from W. Frew, circa 1904 - 1907","Addressed To","1900s","Paisley","","","Scotland","Communications; Postal; Correspondence","Buildings; Correspondence; Offices; Postcards; Railways; Scottish Communities; Scottish Immigration","","true"
"items/1763697","Postcard - To Nettie Scott, Hotel de Ville, Bruxelles, Belgium, circa 1904-1907","Place & Date Sent","1900s","Bruxelles","","","Belgium","Communications; Postal; Correspondence","Buildings; Correspondence; Postcards; Scottish Communities; Scottish Immigration; Town Halls; Urban Landscapes","","true"
"items/1763697","Postcard - To Nettie Scott, Hotel de Ville, Bruxelles, Belgium, circa 1904-1907","Addressed To","1900s","","","","Scotland","Communications; Postal; Correspondence","Buildings; Correspondence; Postcards; Scottish Communities; Scottish Immigration; Town Halls; Urban Landscapes","","true"
"items/1763698","Postcard - Vierwaldstaettersee, Dampfer 'Unterwalden' mit Urirotstock, To Nettie Scott, circa 1904 - 1907","Other Association (See Comments)","1900s","Lucerne","","","Switzerland","Communications; Postal; Correspondence","Correspondence; Lakes; Mountains; Postcards; Scottish Communities; Scottish Immigration; Steam Ships","","true"
"items/1763698","Postcard - Vierwaldstaettersee, Dampfer 'Unterwalden' mit Urirotstock, To Nettie Scott, circa 1904 - 1907","Addressed To","1900s","","","","Scotland","Communications; Postal; Correspondence","Correspondence; Lakes; Mountains; Postcards; Scottish Communities; Scottish Immigration; Steam Ships","","true"
"items/1763699","Postcard - Le Boulevard Maritime, Dieppe, France, circa 1904-1907","Place & Date Depicted","circa 1900","Dieppe","","Upper Normandy","France","Communications; Postal; Correspondence","Beaches; Civic Life; Coastal Landscapes; Coastlines; Correspondence; Postcards; Scottish Communities; Scottish Immigration","","true"
"items/1763699","Postcard - Le Boulevard Maritime, Dieppe, France, circa 1904-1907","Sender","1900s","Paris","","","France","Communications; Postal; Correspondence","Beaches; Civic Life; Coastal Landscapes; Coastlines; Correspondence; Postcards; Scottish Communities; Scottish Immigration","","true"
"items/1763699","Postcard - Le Boulevard Maritime, Dieppe, France, circa 1904-1907","Addressed To","1900s","","","","Scotland","Communications; Postal; Correspondence","Beaches; Civic Life; Coastal Landscapes; Coastlines; Correspondence; Postcards; Scottish Communities; Scottish Immigration","","true"
"items/1763700","Postcard - Sackville St, Dublin, To Nettie Scott, circa 1904 - 1907","Other Association (See Comments)","1900s","Irvine","","","Scotland","Communications; Postal; Correspondence","Buildings; Civic Life; Correspondence; Postcards; Scottish Communities; Scottish Immigration; Statuettes; Streets; Streetscapes; Trams; Urban Landscapes","","true"
"items/1763700","Postcard - Sackville St, Dublin, To Nettie Scott, circa 1904 - 1907","Addressed To","1900s","","","","Scotland","Communications; Postal; Correspondence","Buildings; Civic Life; Correspondence; Postcards; Scottish Communities; Scottish Immigration; Statuettes; Streets; Streetscapes; Trams; Urban Landscapes","","true"
"items/1763701","Postcard - To Anna Scott, Grand Place, Maison des Corporations, Bruxelles, Belgium, circa 1904-1907","Place & Date Sent","1900s","Bruxelles","","","Belgium","Communications; Postal; Correspondence","Correspondence; Postcards; Scottish Communities; Scottish Immigration; Trades; Urban Landscapes","","true"
"items/1763701","Postcard - To Anna Scott, Grand Place, Maison des Corporations, Bruxelles, Belgium, circa 1904-1907","Addressed To","1900s","","","","Scotland","Communications; Postal; Correspondence","Correspondence; Postcards; Scottish Communities; Scottish Immigration; Trades; Urban Landscapes","","true"
"items/1763702","Postcard - Basler Missionsstation Buea, Gruss aus Kamerun, To J. B. Scott, S. S. Glenda, 10 Mar 1904","Other Association (See Comments)","10 Mar 1904","","","","","Communications; Postal; Correspondence","Correspondence; Houses; Missionaries; Postcards; Rural Landscapes; Scottish Communities; Scottish Immigration","","true"
"items/1763702","Postcard - Basler Missionsstation Buea, Gruss aus Kamerun, To J. B. Scott, S. S. Glenda, 10 Mar 1904","Addressed To","10 Mar 1904","Paisley","","","Scotland","Communications; Postal; Correspondence","Correspondence; Houses; Missionaries; Postcards; Rural Landscapes; Scottish Communities; Scottish Immigration","","true"
"items/1763703","Postcard - Palace of Transportation, To J. B. Scott From Polly, circa 1904 - 1907","Sender","1900s","Irvine","","","Scotland","Communications; Postal; Correspondence","Buildings; Correspondence; Palaces; Postcards; Scottish Communities; Scottish Immigration","","true"
"items/1763703","Postcard - Palace of Transportation, To J. B. Scott From Polly, circa 1904 - 1907","Addressed To","1900s","Paisley","","","Scotland","Communications; Postal; Correspondence","Buildings; Correspondence; Palaces; Postcards; Scottish Communities; Scottish Immigration","","true"
"items/1763704","Postcard - Rigi-Kulm, Zuerich, To Anna Scott, Luzern, 16 Jul 1906","Other Association (See Comments)","16 Jul 1906","","","","Switzerland","Communications; Postal; Correspondence","Correspondence; Hotels; Mountains; People; Postcards; Scottish Communities; Scottish Immigration","","true"
"items/1763704","Postcard - Rigi-Kulm, Zuerich, To Anna Scott, Luzern, 16 Jul 1906","Addressed To","16 Jul 1906","","","","Scotland","Communications; Postal; Correspondence","Correspondence; Hotels; Mountains; People; Postcards; Scottish Communities; Scottish Immigration","","true"
"items/1763705","Postcard - A village in Bombay Presideney, To Anna Scott From Willie, circa 1904 - 1907","Addressed To","1900s","","","","Scotland","Communications; Postal; Correspondence","Correspondence; Fountains; Houses; People; Postcards; Rural Landscapes; Scottish Communities; Scottish Immigration","","true"
"items/1763705","Postcard - A village in Bombay Presideney, To Anna Scott From Willie, circa 1904 - 1907","Sender","1900s","","","","India","Communications; Postal; Correspondence","Correspondence; Fountains; Houses; People; Postcards; Rural Landscapes; Scottish Communities; Scottish Immigration","","true"
"items/1763706","Postcard - A River Scene in the Perie Bush King William's Town. Greetings from South Africa. To J. B. Scott, circa 1904 - 1907","Other Association (See Comments)","1900s","","","","South Africa","Communications; Postal; Correspondence","Correspondence; Postcards; Rivers; Rural Landscapes; Scottish Communities; Scottish Immigration","","true"
"items/1763706","Postcard - A River Scene in the Perie Bush King William's Town. Greetings from South Africa. To J. B. Scott, circa 1904 - 1907","Addressed To","1900s","Paisley","","","Scotland","Communications; Postal; Correspondence","Correspondence; Postcards; Rivers; Rural Landscapes; Scottish Communities; Scottish Immigration","","true"
"items/1922520","Postcard - Assiut, Egypt, Peile Brothers, World War I, 1914-1916","Place & Date Depicted","1914-1916","Assiut","","","Egypt","Military history; Souvenirs & mementoes; Postcards","World War I, 1914-1918; Deserts; Egyptian; Postcards","Military Memorabilia Collection; Returned and Services League (RSL) Collection","true"
"items/1922522","Postcard - 'Minieh', Egypt, Peile Brothers, World War I, 1914-1916","Place & Date Depicted","1914-1916","Minya","","","Egypt","Military history; Souvenirs & mementoes; Postcards","World War I, 1914-1918; Egyptian; Postcards","Military Memorabilia Collection; Returned and Services League (RSL) Collection","true"
"items/1255124","Postcard - Norma & Nelson Marjoram, from Joan Foster, Journey on MV Georgic, May 1955","Sender","May 1955","","","","","Migration; Travel - shipboard life; Correspondence","Immigration; Immigrant Shipping; Immigrant Voyages; Assisted Immigration; English Immigration; Immigration Policies; Immigration Selection; Shipboard Travel; Shipping Docks; Migration Schemes; Ten Pound Tourists","","true"
"items/1255124","Postcard - Norma & Nelson Marjoram, from Joan Foster, Journey on MV Georgic, May 1955","Ship Depicted","1955","","","","","Migration; Travel - shipboard life; Correspondence","Immigration; Immigrant Shipping; Immigrant Voyages; Assisted Immigration; English Immigration; Immigration Policies; Immigration Selection; Shipboard Travel; Shipping Docks; Migration Schemes; Ten Pound Tourists","","true"
"items/379373","Postcard - Wishing Well, Upwey, Dorset, England, Corporal John Peile to Brother, World War I, 19 Apr 1918","Author","19 Apr 1918","","","","","Military history; Service; Recreation & tourism","World War I, 1914-1918","Returned and Services League (RSL) Collection","true"
"items/379373","Postcard - Wishing Well, Upwey, Dorset, England, Corporal John Peile to Brother, World War I, 19 Apr 1918","Place Depicted","1914-1918","Upwey","Dorset","","England, Great Britain","Military history; Service; Recreation & tourism","World War I, 1914-1918","Returned and Services League (RSL) Collection","true"
"items/379366","Postcard - Batch Valley, Little Stretton, Shropshire, England, Corporal John Peile to Sister, World War I, 3 Jan 1918","Author","3 Jan 1918","","","","","Military history; Service","World War I, 1914-1918","Returned and Services League (RSL) Collection","true"
"items/379366","Postcard - Batch Valley, Little Stretton, Shropshire, England, Corporal John Peile to Sister, World War I, 3 Jan 1918","Place Depicted","1914-1918","Little Stretton","Shropshire","West Midlands","England, Great Britain","Military history; Service","World War I, 1914-1918","Returned and Services League (RSL) Collection","true"
"items/250738","Postcard - Show Mercy Australians Welcome Boat People, Avant Card, 2002","Issued By","2002","","","","Australia","Migration; Community activity; Protest materials","Artists; Asylum Seekers; Detention Centres; Graphic Design; Political Protests; Postcards; Refugees","","true"
"items/250738","Postcard - Show Mercy Australians Welcome Boat People, Avant Card, 2002","Artist","2002","","","","Australia","Migration; Community activity; Protest materials","Artists; Asylum Seekers; Detention Centres; Graphic Design; Political Protests; Postcards; Refugees","","true"
"items/250738","Postcard - Show Mercy Australians Welcome Boat People, Avant Card, 2002","Organisation Named","2002","","","New South Wales","Australia","Migration; Community activity; Protest materials","Artists; Asylum Seekers; Detention Centres; Graphic Design; Political Protests; Postcards; Refugees","","true"
"items/250738","Postcard - Show Mercy Australians Welcome Boat People, Avant Card, 2002","Organisation Named","2002","","","","Australia","Migration; Community activity; Protest materials","Artists; Asylum Seekers; Detention Centres; Graphic Design; Political Protests; Postcards; Refugees","","true"
"items/250738","Postcard - Show Mercy Australians Welcome Boat People, Avant Card, 2002","Place & Date of Event","21 Apr 2002","Sydney","","New South Wales","Australia","Migration; Community activity; Protest materials","Artists; Asylum Seekers; Detention Centres; Graphic Design; Political Protests; Postcards; Refugees","","true"
"items/250739","Postcard - Show Mercy Australians Welcome Boat People, Avant Card, 2002","Issued By","2002","","","","Australia","Migration; Community activity; Protest materials","Artists; Asylum Seekers; Detention Centres; Graphic Design; Political Protests; Postcards; Refugees","","true"
"items/250739","Postcard - Show Mercy Australians Welcome Boat People, Avant Card, 2002","Artist","2002","","","","Australia","Migration; Community activity; Protest materials","Artists; Asylum Seekers; Detention Centres; Graphic Design; Political Protests; Postcards; Refugees","","true"
"items/250739","Postcard - Show Mercy Australians Welcome Boat People, Avant Card, 2002","Organisation Named","2002","","","New South Wales","Australia","Migration; Community activity; Protest materials","Artists; Asylum Seekers; Detention Centres; Graphic Design; Political Protests; Postcards; Refugees","","true"
"items/250739","Postcard - Show Mercy Australians Welcome Boat People, Avant Card, 2002","Organisation Named","2002","","","","Australia","Migration; Community activity; Protest materials","Artists; Asylum Seekers; Detention Centres; Graphic Design; Political Protests; Postcards; Refugees","","true"
"items/250739","Postcard - Show Mercy Australians Welcome Boat People, Avant Card, 2002","Place & Date of Event","21 Apr 2002","Sydney","","New South Wales","Australia","Migration; Community activity; Protest materials","Artists; Asylum Seekers; Detention Centres; Graphic Design; Political Protests; Postcards; Refugees","","true"
"items/287794","Postcard - Mariposa Liner, Matson Line, 1939","Manufactured For","1939","","","","United States of America","Recreation & tourism; Travel; Souvenirs","Correspondence; Greek Communities; Greek Immigration; Holidaying; Immigration; Travel & Tourism","","true"
"items/287794","Postcard - Mariposa Liner, Matson Line, 1939","User","1939","Melbourne","","Victoria","Australia","Recreation & tourism; Travel; Souvenirs","Correspondence; Greek Communities; Greek Immigration; Holidaying; Immigration; Travel & Tourism","","true"
"items/287794","Postcard - Mariposa Liner, Matson Line, 1939","User","1939","Melbourne","","Victoria","Australia","Recreation & tourism; Travel; Souvenirs","Correspondence; Greek Communities; Greek Immigration; Holidaying; Immigration; Travel & Tourism","","true"
"items/287794","Postcard - Mariposa Liner, Matson Line, 1939","Ship Depicted","1939","","","","","Recreation & tourism; Travel; Souvenirs","Correspondence; Greek Communities; Greek Immigration; Holidaying; Immigration; Travel & Tourism","","true"
"items/1388397","Postcard - 'Different Past, Shared Future', Refugee Week 23-29 Oct 2005","Publisher","2005","","","","Australia","Migration; Community activity; Promotional materials","Immigrant Voyages; Immigration; Immigration Debates; Immigration Policies; Immigration Selection; Refugee Children; Refugees","","true"
"items/1388397","Postcard - 'Different Past, Shared Future', Refugee Week 23-29 Oct 2005","Organiser of Event","2005","","","","Australia","Migration; Community activity; Promotional materials","Immigrant Voyages; Immigration; Immigration Debates; Immigration Policies; Immigration Selection; Refugee Children; Refugees","","true"
"items/1388397","Postcard - 'Different Past, Shared Future', Refugee Week 23-29 Oct 2005","Date of Event","23 Oct 2005 - 29 Oct 2005","","","","Australia","Migration; Community activity; Promotional materials","Immigrant Voyages; Immigration; Immigration Debates; Immigration Policies; Immigration Selection; Refugee Children; Refugees","","true"
"items/1388396","Postcard - 'Different Past, Shared Future', Refugee Week 23-29 Oct 2005","Publisher","2005","","","","Australia","Migration; Community activity; Promotional materials","Immigrant Voyages; Immigration; Immigration Debates; Immigration Policies; Immigration Selection; Refugee Children; Refugees","","true"
"items/1388396","Postcard - 'Different Past, Shared Future', Refugee Week 23-29 Oct 2005","Organiser of Event","2005","","","","Australia","Migration; Community activity; Promotional materials","Immigrant Voyages; Immigration; Immigration Debates; Immigration Policies; Immigration Selection; Refugee Children; Refugees","","true"
"items/1388396","Postcard - 'Different Past, Shared Future', Refugee Week 23-29 Oct 2005","Date of Event","23 Oct 2005 - 29 Oct 2005","","","","Australia","Migration; Community activity; Promotional materials","Immigrant Voyages; Immigration; Immigration Debates; Immigration Policies; Immigration Selection; Refugee Children; Refugees","","true"
"items/1406366","Postcard - From Western Australia To Setsutaro Hasegawa, Geelong, 6 May 1910","Addressed To","6 May 1910","Geelong","","Victoria","Australia","Migration; Settlement - cultural & social life; Correspondence","Correspondence; Japanese Communities; Japanese Culture; Japanese Immigration; Internment Camps; Working Life; Laundries; Tailoring; Tailors","","true"
"items/1406366","Postcard - From Western Australia To Setsutaro Hasegawa, Geelong, 6 May 1910","Addressed To","6 May 1910","Geelong","","Victoria","Australia","Migration; Settlement - cultural & social life; Correspondence","Correspondence; Japanese Communities; Japanese Culture; Japanese Immigration; Internment Camps; Working Life; Laundries; Tailoring; Tailors","","true"
"items/1406366","Postcard - From Western Australia To Setsutaro Hasegawa, Geelong, 6 May 1910","Sender","6 May 1910","Fremantle","Greater Perth","Western Australia","Australia","Migration; Settlement - cultural & social life; Correspondence","Correspondence; Japanese Communities; Japanese Culture; Japanese Immigration; Internment Camps; Working Life; Laundries; Tailoring; Tailors","","true"
"items/2101898","Postcard - Eileen Nevin, Manchester to Leech Family, Frankston, Victoria, 17 Aug 1955","Recipient","17 Aug 1955","Frankston","Greater Melbourne","Victoria","Australia","Migration; Settlement - first home & family; Correspondence","English Immigration; British Immigration; Assisted Immigration; Shipping Lines; Shipboard Travel; Return Migration; Mental Health; Opticians; Children; Religions: Roman Catholic; Education; Working Life; Banks; Banking; Postcards","","true"
"items/2101898","Postcard - Eileen Nevin, Manchester to Leech Family, Frankston, Victoria, 17 Aug 1955","Recipient","17 Aug 1955","Frankston","Greater Melbourne","Victoria","Australia","Migration; Settlement - first home & family; Correspondence","English Immigration; British Immigration; Assisted Immigration; Shipping Lines; Shipboard Travel; Return Migration; Mental Health; Opticians; Children; Religions: Roman Catholic; Education; Working Life; Banks; Banking; Postcards","","true"
"items/1736533","Postcard - 'SS Moreton Bay', England, 1920s","Date Depicted","1920s","","","","","Water transport; Steam power; Screw steamers - passenger","Postcards; Ships; Steam Power; Steam Ships; Water Transport","","true"
"items/1736533","Postcard - 'SS Moreton Bay', England, 1920s","Publisher","","","","","Great Britain","Water transport; Steam power; Screw steamers - passenger","Postcards; Ships; Steam Power; Steam Ships; Water Transport","","true"
"items/1736533","Postcard - 'SS Moreton Bay', England, 1920s","Maker of Item Depicted","","","","","England, Great Britain","Water transport; Steam power; Screw steamers - passenger","Postcards; Ships; Steam Power; Steam Ships; Water Transport","","true"
"items/1736533","Postcard - 'SS Moreton Bay', England, 1920s","Ship Depicted","","","","","","Water transport; Steam power; Screw steamers - passenger","Postcards; Ships; Steam Power; Steam Ships; Water Transport","","true"
"items/1816192","Postcard - HMAS Australia, 'All the nice Girls Love a Sailor', 1914 -1918","Place & Date Depicted","1914-1918","","","","","Military history; Souvenirs & mementoes; Postcards","Military Memorabilia; Naval Forces; Postcards; Seamen; Portraits; World War I, 1914-1918","Military Memorabilia Collection; Nowell Collection","true"
"items/1816192","Postcard - HMAS Australia, 'All the nice Girls Love a Sailor', 1914 -1918","Original Owner","","","","","","Military history; Souvenirs & mementoes; Postcards","Military Memorabilia; Naval Forces; Postcards; Seamen; Portraits; World War I, 1914-1918","Military Memorabilia Collection; Nowell Collection","true"
"items/1816192","Postcard - HMAS Australia, 'All the nice Girls Love a Sailor', 1914 -1918","Printer & Publisher","","","","","","Military history; Souvenirs & mementoes; Postcards","Military Memorabilia; Naval Forces; Postcards; Seamen; Portraits; World War I, 1914-1918","Military Memorabilia Collection; Nowell Collection","true"
"items/1816199","Postcard - HMAS Australia, 'We'll Keep the Flag Flying!', 1915","Place & Date Depicted","27 Jul 1915","","","","","Military history; Souvenirs & mementoes; Postcards","Military Memorabilia; Naval Forces; Postcards; Seamen; World War I, 1914-1918","Military Memorabilia Collection; Nowell Collection","true"
"items/1816199","Postcard - HMAS Australia, 'We'll Keep the Flag Flying!', 1915","Original Owner","","","","","","Military history; Souvenirs & mementoes; Postcards","Military Memorabilia; Naval Forces; Postcards; Seamen; World War I, 1914-1918","Military Memorabilia Collection; Nowell Collection","true"
"items/1816306","Postcard - Birthday Card, 1914-1918","Place & Date Depicted","1914-1918","","","","England, Great Britain","Military history; Souvenirs & mementoes; Postcards","Postcards; Birthdays; World War I, 1914-1918","Military Memorabilia Collection; Nowell Collection","true"
"items/1816306","Postcard - Birthday Card, 1914-1918","Original Owner","","","","","","Military history; Souvenirs & mementoes; Postcards","Postcards; Birthdays; World War I, 1914-1918","Military Memorabilia Collection; Nowell Collection","true"
"items/387728","Postcard - Morrie to Parents, Civil Hospital, Armentieres, France, World War I, 16 Feb 1918","Place & Date Written","16 Feb 1918","","","","France","Military history; Service; Medical patients & treatment","Military Memorabilia; World War I, 1914-1918; Soldiers' Comforts; Hospitals","Military Memorabilia Collection; Returned and Services League (RSL) Collection","true"
"items/387728","Postcard - Morrie to Parents, Civil Hospital, Armentieres, France, World War I, 16 Feb 1918","Place Depicted","1914-1918","Armentières","Nord","","France","Military history; Service; Medical patients & treatment","Military Memorabilia; World War I, 1914-1918; Soldiers' Comforts; Hospitals","Military Memorabilia Collection; Returned and Services League (RSL) Collection","true"
"items/397448","Postcard - Private Albert Peile to Mother, 'A Warm Corner of the Firing Line', Gallipoli, Written from London, 16 Nov 1915","Author","16 Nov 1915","London","","","England","Military history; Service; Battles & battlefields","Military Memorabilia; World War I, 1914-1918","Military Memorabilia Collection; Returned and Services League (RSL) Collection","true"
"items/397448","Postcard - Private Albert Peile to Mother, 'A Warm Corner of the Firing Line', Gallipoli, Written from London, 16 Nov 1915","Place & Date Depicted","April 1915","Gallipoli Peninsula","","","Turkey","Military history; Service; Battles & battlefields","Military Memorabilia; World War I, 1914-1918","Military Memorabilia Collection; Returned and Services League (RSL) Collection","true"
"items/2103208","Postcard - St Francis Xavier Church, Frankston, circa 1955","Previous Owner","1954-1955","Frankston","Greater Melbourne","Victoria","Australia","Migration; Settlement - cultural & social life; Mementoes","English Immigration; British Immigration; Assisted Immigration; Shipping Lines; Shipboard Travel; Return Migration; Mental Health; Opticians; Children; Religions: Roman Catholic; Education; Working Life; Banks; Banking; Postcards; Souvenirs","","true"
"items/2103208","Postcard - St Francis Xavier Church, Frankston, circa 1955","Previous Owner","","Frankston","Greater Melbourne","Victoria","Australia","Migration; Settlement - cultural & social life; Mementoes","English Immigration; British Immigration; Assisted Immigration; Shipping Lines; Shipboard Travel; Return Migration; Mental Health; Opticians; Children; Religions: Roman Catholic; Education; Working Life; Banks; Banking; Postcards; Souvenirs","","true"
"items/2103208","Postcard - St Francis Xavier Church, Frankston, circa 1955","Publisher","circa 1955","","","","","Migration; Settlement - cultural & social life; Mementoes","English Immigration; British Immigration; Assisted Immigration; Shipping Lines; Shipboard Travel; Return Migration; Mental Health; Opticians; Children; Religions: Roman Catholic; Education; Working Life; Banks; Banking; Postcards; Souvenirs","","true"
"items/415822","Postcard - SS Queen Frederica, National Hellenic American Line, circa 1957","Manufactured For","circa 1950s","Genova","","","Italy","Migration; Travel - shipboard life; Souvenirs","Immigrant Shipping; Immigration; Immigration Policies; Ship Memorabilia; Shipping; Shipping Lines; Station Pier; Women's Work","Margaret Wood Immigration & Shipping Collection","true"
"items/415822","Postcard - SS Queen Frederica, National Hellenic American Line, circa 1957","Place & Date Used","circa 1957","","","","","Migration; Travel - shipboard life; Souvenirs","Immigrant Shipping; Immigration; Immigration Policies; Ship Memorabilia; Shipping; Shipping Lines; Station Pier; Women's Work","Margaret Wood Immigration & Shipping Collection","true"
"items/415822","Postcard - SS Queen Frederica, National Hellenic American Line, circa 1957","User","circa 1957","Melbourne","Greater Melbourne","Victoria","Australia","Migration; Travel - shipboard life; Souvenirs","Immigrant Shipping; Immigration; Immigration Policies; Ship Memorabilia; Shipping; Shipping Lines; Station Pier; Women's Work","Margaret Wood Immigration & Shipping Collection","true"
"items/2116859","Postcard - Grave of Private W. J. Nairn, 26 Mar 1920","Date Inscribed","26 Mar 1920","","","","","Military history; Service; War graves & burials","World War I, 1914-1918; Military Memorabilia; Death & Mourning; Graves","","true"
"items/2116859","Postcard - Grave of Private W. J. Nairn, 26 Mar 1920","Place Depicted","","","","","France","Military history; Service; War graves & burials","World War I, 1914-1918; Military Memorabilia; Death & Mourning; Graves","","true"
"items/2116859","Postcard - Grave of Private W. J. Nairn, 26 Mar 1920","Person Commemorated","","","","","","Military history; Service; War graves & burials","World War I, 1914-1918; Military Memorabilia; Death & Mourning; Graves","","true"
"items/2024662","Postcard - 'Graz', Austria, 1950","Past Owner & User","1950","Graz","","","Austria","Migration; Travel - brought goods; Mementoes","Austrian Immigration; Post War Migration; Tourism; Skiing","","true"
"items/255335","Postcard - South East Facade, Exhibition Building, Melbourne, Premier Cards, 1970s","Publisher","circa 1970","","","","Australia","Royal exhibition building; Revenue; Souvenir postcards","Buildings; Civic Mementoes; Exterior Views; Greeting Cards; Postcards; Royal Exhibition Building; Souvenirs","Royal Exhibition Building Collection","true"
"items/255335","Postcard - South East Facade, Exhibition Building, Melbourne, Premier Cards, 1970s","Place & Date Depicted","1880-1881","Melbourne","Greater Melbourne","Victoria","Australia","Royal exhibition building; Revenue; Souvenir postcards","Buildings; Civic Mementoes; Exterior Views; Greeting Cards; Postcards; Royal Exhibition Building; Souvenirs","Royal Exhibition Building Collection","true"
"items/255262","Postcard - Southern Facade, Exhibition Building, Kookaburra Series, Melbourne, circa 1910","Place & Date Made","circa 1910","","","","Australia","Royal exhibition building; Revenue; Souvenir postcards","Buildings; Civic Mementoes; Exterior Views; Postcards; Royal Exhibition Building; Souvenirs","Royal Exhibition Building Collection","true"
"items/255262","Postcard - Southern Facade, Exhibition Building, Kookaburra Series, Melbourne, circa 1910","Place & Date Depicted","circa 1910","Melbourne","Greater Melbourne","Victoria","Australia","Royal exhibition building; Revenue; Souvenir postcards","Buildings; Civic Mementoes; Exterior Views; Postcards; Royal Exhibition Building; Souvenirs","Royal Exhibition Building Collection","true"
"items/255241","Postcard - South West Facade, Exhibition Building, JS Pty Ltd, Melbourne, circa 1910","Publisher","circa 1910","","","","England, Great Britain","Royal exhibition building; Revenue; Souvenir postcards","Buildings; Civic Mementoes; Exterior Views; Postcards; Royal Exhibition Building; Souvenirs","Royal Exhibition Building Collection","true"
"items/255241","Postcard - South West Facade, Exhibition Building, JS Pty Ltd, Melbourne, circa 1910","Place Depicted","","Melbourne","","Victoria","Australia","Royal exhibition building; Revenue; Souvenir postcards","Buildings; Civic Mementoes; Exterior Views; Postcards; Royal Exhibition Building; Souvenirs","Royal Exhibition Building Collection","true"
"items/255241","Postcard - South West Facade, Exhibition Building, JS Pty Ltd, Melbourne, circa 1910","Place Used","","Melbourne","Greater Melbourne","Victoria","Australia","Royal exhibition building; Revenue; Souvenir postcards","Buildings; Civic Mementoes; Exterior Views; Postcards; Royal Exhibition Building; Souvenirs","Royal Exhibition Building Collection","true"
"items/255194","Postcard - 'A Glimpse of the Exhibition Building', Southern Facade & Hochgurtel Fountain, Exhibition Building, Rose Series, Melbourne, circa 1930","Publisher","circa 1930","Armadale","Greater Melbourne","Victoria","Australia","Royal exhibition building; Revenue; Souvenir postcards","Buildings; Civic Mementoes; Exterior Views; Fountains; Postcards; Royal Exhibition Building; Souvenirs","Royal Exhibition Building Collection","true"
"items/255194","Postcard - 'A Glimpse of the Exhibition Building', Southern Facade & Hochgurtel Fountain, Exhibition Building, Rose Series, Melbourne, circa 1930","Place & Date Depicted","circa 1930","Melbourne","Greater Melbourne","Victoria","Australia","Royal exhibition building; Revenue; Souvenir postcards","Buildings; Civic Mementoes; Exterior Views; Fountains; Postcards; Royal Exhibition Building; Souvenirs","Royal Exhibition Building Collection","true"
"items/255284","Postcard - South West Facade, Exhibition Building, Rose Series, Melbourne, circa 1930","Publisher","circa 1930","Armadale","Greater Melbourne","Victoria","Australia","Royal exhibition building; Revenue; Souvenir postcards","Buildings; Civic Mementoes; Exterior Views; Postcards; Royal Exhibition Building; Souvenirs","Royal Exhibition Building Collection","true"
"items/255284","Postcard - South West Facade, Exhibition Building, Rose Series, Melbourne, circa 1930","Place & Date Depicted","circa 1930","Melbourne","Greater Melbourne","Victoria","Australia","Royal exhibition building; Revenue; Souvenir postcards","Buildings; Civic Mementoes; Exterior Views; Postcards; Royal Exhibition Building; Souvenirs","Royal Exhibition Building Collection","true"
"items/255377","Postcard - Southern Facade, Exhibition Building, Harding & Billing, Melbourne, circa 1909","Publisher","circa 1909","Sydney","Greater Sydney","New South Wales","Australia","Royal exhibition building; Revenue; Souvenir postcards","Buildings; Civic Mementoes; Correspondence; Exterior Views; Postcards; Royal Exhibition Building; Souvenirs","Royal Exhibition Building Collection","true"
"items/255377","Postcard - Southern Facade, Exhibition Building, Harding & Billing, Melbourne, circa 1909","Place & Date Depicted","circa 1909","Melbourne","Greater Melbourne","Victoria","Australia","Royal exhibition building; Revenue; Souvenir postcards","Buildings; Civic Mementoes; Correspondence; Exterior Views; Postcards; Royal Exhibition Building; Souvenirs","Royal Exhibition Building Collection","true"
"items/255379","Postcard - Southern Facade, Exhibition Building, Harding & Billing, Melbourne, circa 1909","Publisher","1909","Sydney","Greater Sydney","New South Wales","Australia","Royal exhibition building; Revenue; Souvenir postcards","Buildings; Civic Mementoes; Correspondence; Exterior Views; Postcards; Royal Exhibition Building; Souvenirs","Royal Exhibition Building Collection","true"
"items/255379","Postcard - Southern Facade, Exhibition Building, Harding & Billing, Melbourne, circa 1909","Place & Date Depicted","circa 1909","Melbourne","Greater Melbourne","Victoria","Australia","Royal exhibition building; Revenue; Souvenir postcards","Buildings; Civic Mementoes; Correspondence; Exterior Views; Postcards; Royal Exhibition Building; Souvenirs","Royal Exhibition Building Collection","true"
"items/255379","Postcard - Southern Facade, Exhibition Building, Harding & Billing, Melbourne, circa 1909","Addressed To","03 April 1909","Memphis","","Tennessee","United States of America","Royal exhibition building; Revenue; Souvenir postcards","Buildings; Civic Mementoes; Correspondence; Exterior Views; Postcards; Royal Exhibition Building; Souvenirs","Royal Exhibition Building Collection","true"
"items/255379","Postcard - Southern Facade, Exhibition Building, Harding & Billing, Melbourne, circa 1909","Date Used","03 April 1909","","","","","Royal exhibition building; Revenue; Souvenir postcards","Buildings; Civic Mementoes; Correspondence; Exterior Views; Postcards; Royal Exhibition Building; Souvenirs","Royal Exhibition Building Collection","true"
"items/255254","Postcard - Eastern Facade, Exhibition Building, Melbourne, circa 1910","Place & Date Made","circa 1910","","","","England, Great Britain","Royal exhibition building; Revenue; Souvenir postcards","Buildings; Civic Mementoes; Exterior Views; Postcards; Royal Exhibition Building; Souvenirs","Royal Exhibition Building Collection","true"
"items/255254","Postcard - Eastern Facade, Exhibition Building, Melbourne, circa 1910","Place & Date Depicted","circa 1910","","Greater Melbourne","Victoria","Australia","Royal exhibition building; Revenue; Souvenir postcards","Buildings; Civic Mementoes; Exterior Views; Postcards; Royal Exhibition Building; Souvenirs","Royal Exhibition Building Collection","true"
"items/255386","Postcard - 'A Joyous Christmas', Exhibition Building & Carlton Gardens, WT Pater, Melbourne, circa 1909","Publisher","circa 1909","Melbourne","Greater Melbourne","Victoria","Australia","Royal exhibition building; Revenue; Souvenir postcards","Buildings; Christmas Cards; Civic Mementoes; Correspondence; Exterior Views; Gardens; Postcards; Royal Exhibition Building; Souvenirs","Royal Exhibition Building Collection","true"
"items/255386","Postcard - 'A Joyous Christmas', Exhibition Building & Carlton Gardens, WT Pater, Melbourne, circa 1909","Place & Date Depicted","circa 1909","Melbourne","Greater Melbourne","Victoria","Australia","Royal exhibition building; Revenue; Souvenir postcards","Buildings; Christmas Cards; Civic Mementoes; Correspondence; Exterior Views; Gardens; Postcards; Royal Exhibition Building; Souvenirs","Royal Exhibition Building Collection","true"
"items/255386","Postcard - 'A Joyous Christmas', Exhibition Building & Carlton Gardens, WT Pater, Melbourne, circa 1909","Date Used","1909","","","","","Royal exhibition building; Revenue; Souvenir postcards","Buildings; Christmas Cards; Civic Mementoes; Correspondence; Exterior Views; Gardens; Postcards; Royal Exhibition Building; Souvenirs","Royal Exhibition Building Collection","true"
"items/255373","Postcard - Southern Facade, Exhibition Building, Melbourne, circa 1910","Place & Date Made","circa 1910","","","","England, Great Britain","Royal exhibition building; Revenue; Souvenir postcards","Buildings; Civic Mementoes; Correspondence; Exterior Views; Postcards; Royal Exhibition Building; Souvenirs","Royal Exhibition Building Collection","true"
"items/255373","Postcard - Southern Facade, Exhibition Building, Melbourne, circa 1910","Place & Date Depicted","circa 1910","Melbourne","Greater Melbourne","Victoria","Australia","Royal exhibition building; Revenue; Souvenir postcards","Buildings; Civic Mementoes; Correspondence; Exterior Views; Postcards; Royal Exhibition Building; Souvenirs","Royal Exhibition Building Collection","true"
"items/255373","Postcard - Southern Facade, Exhibition Building, Melbourne, circa 1910","Addressed To","circa 1910","Launceston","","Tasmania","Australia","Royal exhibition building; Revenue; Souvenir postcards","Buildings; Civic Mementoes; Correspondence; Exterior Views; Postcards; Royal Exhibition Building; Souvenirs","Royal Exhibition Building Collection","true"
"items/255373","Postcard - Southern Facade, Exhibition Building, Melbourne, circa 1910","Place Used","","","","","Australia","Royal exhibition building; Revenue; Souvenir postcards","Buildings; Civic Mementoes; Correspondence; Exterior Views; Postcards; Royal Exhibition Building; Souvenirs","Royal Exhibition Building Collection","true"
"items/255389","Postcard - Southern Facade, Exhibition Building, Valentine's Series, Melbourne, circa 1909","Publisher","by 1909","Glasgow","","","Scotland, Great Britain","Royal exhibition building; Revenue; Souvenir postcards","Buildings; Civic Mementoes; Correspondence; Dressmaking; Exterior Views; Postcards; Royal Exhibition Building; Souvenirs","Royal Exhibition Building Collection","true"
"items/255389","Postcard - Southern Facade, Exhibition Building, Valentine's Series, Melbourne, circa 1909","Place & Date Depicted","by 1909","","Greater Melbourne","Victoria","Australia","Royal exhibition building; Revenue; Souvenir postcards","Buildings; Civic Mementoes; Correspondence; Dressmaking; Exterior Views; Postcards; Royal Exhibition Building; Souvenirs","Royal Exhibition Building Collection","true"
"items/255389","Postcard - Southern Facade, Exhibition Building, Valentine's Series, Melbourne, circa 1909","Organisation Named","","Richmond","","Victoria","Australia","Royal exhibition building; Revenue; Souvenir postcards","Buildings; Civic Mementoes; Correspondence; Dressmaking; Exterior Views; Postcards; Royal Exhibition Building; Souvenirs","Royal Exhibition Building Collection","true"
"items/255389","Postcard - Southern Facade, Exhibition Building, Valentine's Series, Melbourne, circa 1909","Place & Date Used","1909","","","","Australia","Royal exhibition building; Revenue; Souvenir postcards","Buildings; Civic Mementoes; Correspondence; Dressmaking; Exterior Views; Postcards; Royal Exhibition Building; Souvenirs","Royal Exhibition Building Collection","true"
"items/255331","Postcard - Southern Facade, Exhibition Building, VSM Series, Melbourne, circa 1914","Publisher","circa 1914","Melbourne","Greater Melbourne","Victoria","Australia","Royal exhibition building; Revenue; Souvenir postcards","Buildings; Civic Mementoes; Correspondence; Exterior Views; Postcards; Royal Exhibition Building; Souvenirs","Royal Exhibition Building Collection","true"
"items/255331","Postcard - Southern Facade, Exhibition Building, VSM Series, Melbourne, circa 1914","Place & Date Depicted","circa 1914","Melbourne","Greater Melbourne","Victoria","Australia","Royal exhibition building; Revenue; Souvenir postcards","Buildings; Civic Mementoes; Correspondence; Exterior Views; Postcards; Royal Exhibition Building; Souvenirs","Royal Exhibition Building Collection","true"
"items/255331","Postcard - Southern Facade, Exhibition Building, VSM Series, Melbourne, circa 1914","Printer","circa 1914","","","","Germany","Royal exhibition building; Revenue; Souvenir postcards","Buildings; Civic Mementoes; Correspondence; Exterior Views; Postcards; Royal Exhibition Building; Souvenirs","Royal Exhibition Building Collection","true"
"items/255331","Postcard - Southern Facade, Exhibition Building, VSM Series, Melbourne, circa 1914","Addressed To","13 Aug 1914","Hobart","Greater Hobart","Tasmania","Australia","Royal exhibition building; Revenue; Souvenir postcards","Buildings; Civic Mementoes; Correspondence; Exterior Views; Postcards; Royal Exhibition Building; Souvenirs","Royal Exhibition Building Collection","true"
"items/709625","Postcard - South East Facade, Exhibition Building, Nucolorvue Productions, Melbourne, circa 1990","Publisher","circa 1990","Melbourne","Greater Melbourne","Victoria","Australia","Royal exhibition building; Revenue; Souvenir postcards","Buildings; Civic Mementoes; Exterior Views; Postcards; Royal Exhibition Building; Souvenirs","Royal Exhibition Building Collection","true"
"items/709625","Postcard - South East Facade, Exhibition Building, Nucolorvue Productions, Melbourne, circa 1990","Place & Date Depicted","1880-1881","Melbourne","Greater Melbourne","Victoria","Australia","Royal exhibition building; Revenue; Souvenir postcards","Buildings; Civic Mementoes; Exterior Views; Postcards; Royal Exhibition Building; Souvenirs","Royal Exhibition Building Collection","true"
"items/709626","Postcard - South East Facade, Exhibition Building, Nucolorvue Productions, Melbourne, circa 1990","Publisher","circa 1990","Melbourne","Greater Melbourne","Victoria","Australia","Royal exhibition building; Revenue; Souvenir postcards","Buildings; Civic Mementoes; Exterior Views; Postcards; Royal Exhibition Building; Souvenirs","Royal Exhibition Building Collection","true"
"items/709626","Postcard - South East Facade, Exhibition Building, Nucolorvue Productions, Melbourne, circa 1990","Place & Date Depicted","1880-1881","Melbourne","Greater Melbourne","Victoria","Australia","Royal exhibition building; Revenue; Souvenir postcards","Buildings; Civic Mementoes; Exterior Views; Postcards; Royal Exhibition Building; Souvenirs","Royal Exhibition Building Collection","true"
"items/277372","Postcard - Opening of First Federal Parliament, Royal Exhibition Building, Nucolorvue Productions, Melbourne, 1990","Publisher","1990","Melbourne","Greater Melbourne","Victoria","Australia","Royal exhibition building; Revenue; Souvenir postcards","Australian Federation, 1901; Buildings; Celebrations; Ceremonies; Civic Mementoes; Interior Views; Postcards; Royal Exhibition Building; Souvenirs","Royal Exhibition Building Collection","true"
"items/277372","Postcard - Opening of First Federal Parliament, Royal Exhibition Building, Nucolorvue Productions, Melbourne, 1990","Place & Date Depicted","1901","Melbourne","Greater Melbourne","Victoria","Australia","Royal exhibition building; Revenue; Souvenir postcards","Australian Federation, 1901; Buildings; Celebrations; Ceremonies; Civic Mementoes; Interior Views; Postcards; Royal Exhibition Building; Souvenirs","Royal Exhibition Building Collection","true"
"items/277372","Postcard - Opening of First Federal Parliament, Royal Exhibition Building, Nucolorvue Productions, Melbourne, 1990","Artist","","","","","","Royal exhibition building; Revenue; Souvenir postcards","Australian Federation, 1901; Buildings; Celebrations; Ceremonies; Civic Mementoes; Interior Views; Postcards; Royal Exhibition Building; Souvenirs","Royal Exhibition Building Collection","true"
"items/277372","Postcard - Opening of First Federal Parliament, Royal Exhibition Building, Nucolorvue Productions, Melbourne, 1990","Place & Date Made","1990","","","","Australia","Royal exhibition building; Revenue; Souvenir postcards","Australian Federation, 1901; Buildings; Celebrations; Ceremonies; Civic Mementoes; Interior Views; Postcards; Royal Exhibition Building; Souvenirs","Royal Exhibition Building Collection","true"
"items/277373","Postcard - Opening of First Federal Parliament, Royal Exhibition Building, Nucolorvue Productions, Melbourne, 1990","Publisher","1990","Melbourne","Greater Melbourne","Victoria","Australia","Royal exhibition building; Revenue; Souvenir postcards","Australian Federation, 1901; Buildings; Celebrations; Ceremonies; Civic Mementoes; Interior Views; Postcards; Royal Exhibition Building; Souvenirs","Royal Exhibition Building Collection","true"
"items/277373","Postcard - Opening of First Federal Parliament, Royal Exhibition Building, Nucolorvue Productions, Melbourne, 1990","Place & Date Depicted","1901","Melbourne","Greater Melbourne","Victoria","Australia","Royal exhibition building; Revenue; Souvenir postcards","Australian Federation, 1901; Buildings; Celebrations; Ceremonies; Civic Mementoes; Interior Views; Postcards; Royal Exhibition Building; Souvenirs","Royal Exhibition Building Collection","true"
"items/277373","Postcard - Opening of First Federal Parliament, Royal Exhibition Building, Nucolorvue Productions, Melbourne, 1990","Artist","","","","","","Royal exhibition building; Revenue; Souvenir postcards","Australian Federation, 1901; Buildings; Celebrations; Ceremonies; Civic Mementoes; Interior Views; Postcards; Royal Exhibition Building; Souvenirs","Royal Exhibition Building Collection","true"
"items/277373","Postcard - Opening of First Federal Parliament, Royal Exhibition Building, Nucolorvue Productions, Melbourne, 1990","Place & Date Made","1990","","","","Australia","Royal exhibition building; Revenue; Souvenir postcards","Australian Federation, 1901; Buildings; Celebrations; Ceremonies; Civic Mementoes; Interior Views; Postcards; Royal Exhibition Building; Souvenirs","Royal Exhibition Building Collection","true"
"items/255367","Postcard - South West Facade, Exhibition Building, Melbourne, circa 1906","Place & Date Made","circa 1906","","","","Germany","Royal exhibition building; Revenue; Souvenir postcards","Buildings; Civic Mementoes; Correspondence; Exterior Views; Royal Exhibition Building; Souvenirs","Royal Exhibition Building Collection","true"
"items/255367","Postcard - South West Facade, Exhibition Building, Melbourne, circa 1906","Place & Date Depicted","circa 1906","Melbourne","Greater Melbourne","Victoria","Australia","Royal exhibition building; Revenue; Souvenir postcards","Buildings; Civic Mementoes; Correspondence; Exterior Views; Royal Exhibition Building; Souvenirs","Royal Exhibition Building Collection","true"
"items/255367","Postcard - South West Facade, Exhibition Building, Melbourne, circa 1906","Addressed To","1907","","","","","Royal exhibition building; Revenue; Souvenir postcards","Buildings; Civic Mementoes; Correspondence; Exterior Views; Royal Exhibition Building; Souvenirs","Royal Exhibition Building Collection","true"
"items/255367","Postcard - South West Facade, Exhibition Building, Melbourne, circa 1906","Place & Date Used","1907","Ararat","","Victoria","Australia","Royal exhibition building; Revenue; Souvenir postcards","Buildings; Civic Mementoes; Correspondence; Exterior Views; Royal Exhibition Building; Souvenirs","Royal Exhibition Building Collection","true"
"items/255272","Postcard - Southern Facade & Hochgurtel Fountain, Exhibition Building, Colour Tech Productions, Melbourne, circa 1990","Publisher","circa 1990","Canberra","Greater Canberra","Australian Capital Territory","Australia","Royal exhibition building; Revenue; Souvenir postcards","Buildings; Civic Mementoes; Exterior Views; Fountains; Postcards; Royal Exhibition Building; Souvenirs","Royal Exhibition Building Collection","true"
"items/255272","Postcard - Southern Facade & Hochgurtel Fountain, Exhibition Building, Colour Tech Productions, Melbourne, circa 1990","Place & Date Depicted","circa 1990","Melbourne","Greater Melbourne","Victoria","Australia","Royal exhibition building; Revenue; Souvenir postcards","Buildings; Civic Mementoes; Exterior Views; Fountains; Postcards; Royal Exhibition Building; Souvenirs","Royal Exhibition Building Collection","true"
"items/255272","Postcard - Southern Facade & Hochgurtel Fountain, Exhibition Building, Colour Tech Productions, Melbourne, circa 1990","Photographer","circa 1990","","","","Australia","Royal exhibition building; Revenue; Souvenir postcards","Buildings; Civic Mementoes; Exterior Views; Fountains; Postcards; Royal Exhibition Building; Souvenirs","Royal Exhibition Building Collection","true"
"items/255270","Postcard - South West Facade, Exhibition Building, Melbourne Series, Melbourne, circa 1920","Publisher","circa 1920","Melbourne","Greater Melbourne","Victoria","Australia","Royal exhibition building; Revenue; Souvenir postcards","Buildings; Civic Mementoes; Exterior Views; Postcards; Royal Exhibition Building; Souvenirs","Royal Exhibition Building Collection","true"
"items/255270","Postcard - South West Facade, Exhibition Building, Melbourne Series, Melbourne, circa 1920","Place & Date Depicted","circa 1920","Melbourne","Greater Melbourne","Victoria","Australia","Royal exhibition building; Revenue; Souvenir postcards","Buildings; Civic Mementoes; Exterior Views; Postcards; Royal Exhibition Building; Souvenirs","Royal Exhibition Building Collection","true"
"items/255342","Postcard - South West Facade, Exhibition Building, WH Cooper, Melbourne, circa 1911","Place & Date Made","circa 1911","","","","Australia","Royal exhibition building; Revenue; Souvenir postcards","Buildings; Civic Mementoes; Exterior Views; Postcards; Royal Exhibition Building; Souvenirs","Royal Exhibition Building Collection","true"
"items/255342","Postcard - South West Facade, Exhibition Building, WH Cooper, Melbourne, circa 1911","Place & Date Depicted","circa 1911","Melbourne","Greater Melbourne","Victoria","Australia","Royal exhibition building; Revenue; Souvenir postcards","Buildings; Civic Mementoes; Exterior Views; Postcards; Royal Exhibition Building; Souvenirs","Royal Exhibition Building Collection","true"
"items/255342","Postcard - South West Facade, Exhibition Building, WH Cooper, Melbourne, circa 1911","Photographer","circa 1911","Melbourne","Greater Melbourne","Victoria","Australia","Royal exhibition building; Revenue; Souvenir postcards","Buildings; Civic Mementoes; Exterior Views; Postcards; Royal Exhibition Building; Souvenirs","Royal Exhibition Building Collection","true"
"items/255276","Postcard - Exhibition Building, Honey Clarke, Melbourne, 1980","Publisher","1980","Richmond","Greater Melbourne","Victoria","Australia","Royal exhibition building; Revenue; Souvenir postcards","Buildings; Civic Mementoes; Exterior Views; Royal Exhibition Building; Souvenirs","Royal Exhibition Building Collection","true"
"items/255276","Postcard - Exhibition Building, Honey Clarke, Melbourne, 1980","Place & Date Depicted","1980","Melbourne","Greater Melbourne","Victoria","Australia","Royal exhibition building; Revenue; Souvenir postcards","Buildings; Civic Mementoes; Exterior Views; Royal Exhibition Building; Souvenirs","Royal Exhibition Building Collection","true"
"items/1993266","Postcard - Horticultural Society of Victoria, Autumn Show, Mar 1884","Organiser of Event","20-21 Mar 1884","Melbourne","","Victoria","Australia","Royal exhibition building; Exhibitions & trade shows; Advertising","Royal Exhibition Building; Royal Exhibition Building: History; Events; Flower & Garden Shows; Postcards; Societies","Royal Exhibition Building Collection","true"
"items/1993266","Postcard - Horticultural Society of Victoria, Autumn Show, Mar 1884","Place & Date of Event","20-21 Mar 1884","Melbourne","","Victoria","Australia","Royal exhibition building; Exhibitions & trade shows; Advertising","Royal Exhibition Building; Royal Exhibition Building: History; Events; Flower & Garden Shows; Postcards; Societies","Royal Exhibition Building Collection","true"
"items/2154388","Postcard - Southern Facade, Exhibition Building, Melbourne, circa 1900","Place & Date Depicted","circa 1900","Melbourne","Greater Melbourne","Victoria","Australia","Royal exhibition building; Revenue; Souvenir postcards","Buildings; Civic Mementoes; Exterior Views; Postcards; Royal Exhibition Building; Souvenirs","Royal Exhibition Building Collection","true"
"items/255411","Postcard - 'Advance Australia', Carlton Gardens, Melbourne, circa 1905-1914","Place & Date Made","circa 1905-1914","","","","Germany","Royal exhibition building; Revenue; Souvenir postcards","Civic Mementoes; Gardens; Nationalism; Postcards; Royal Exhibition Building; Souvenirs; World War I, 1914-1918","Royal Exhibition Building Collection","true"
"items/255411","Postcard - 'Advance Australia', Carlton Gardens, Melbourne, circa 1905-1914","Place & Date Depicted","circa 1917","Melbourne","Greater Melbourne","Victoria","Australia","Royal exhibition building; Revenue; Souvenir postcards","Civic Mementoes; Gardens; Nationalism; Postcards; Royal Exhibition Building; Souvenirs; World War I, 1914-1918","Royal Exhibition Building Collection","true"
"items/255253","Postcard - Southern Facade, Exhibition Building, Melbourne, circa 1920","Place & Date Made","circa 1920","","","","Germany","Royal exhibition building; Revenue; Souvenir postcards","Buildings; Civic Mementoes; Exterior Views; Postcards; Royal Exhibition Building; Souvenirs","Royal Exhibition Building Collection","true"
"items/255253","Postcard - Southern Facade, Exhibition Building, Melbourne, circa 1920","Place & Date Depicted","circa 1920","Melbourne","Greater Melbourne","Victoria","Australia","Royal exhibition building; Revenue; Souvenir postcards","Buildings; Civic Mementoes; Exterior Views; Postcards; Royal Exhibition Building; Souvenirs","Royal Exhibition Building Collection","true"
"items/255398","Postcard - Eastern Facade & Forecourt, Exhibition Building, Valentine & Sons, Melbourne, circa 1915","Publisher","circa 1915","Melbourne","Greater Melbourne","Victoria","Australia","Royal exhibition building; Revenue; Souvenir postcards","Buildings; Civic Mementoes; Fountains; Keepsakes; Postcards; Royal Exhibition Building; Souvenirs; Statues","Royal Exhibition Building Collection","true"
"items/255398","Postcard - Eastern Facade & Forecourt, Exhibition Building, Valentine & Sons, Melbourne, circa 1915","Place & Date Depicted","circa 1915","Melbourne","Greater Melbourne","Victoria","Australia","Royal exhibition building; Revenue; Souvenir postcards","Buildings; Civic Mementoes; Fountains; Keepsakes; Postcards; Royal Exhibition Building; Souvenirs; Statues","Royal Exhibition Building Collection","true"
"items/255398","Postcard - Eastern Facade & Forecourt, Exhibition Building, Valentine & Sons, Melbourne, circa 1915","Printer","circa 1915","Dundee","","","Scotland, Great Britain","Royal exhibition building; Revenue; Souvenir postcards","Buildings; Civic Mementoes; Fountains; Keepsakes; Postcards; Royal Exhibition Building; Souvenirs; Statues","Royal Exhibition Building Collection","true"
"items/255441","Postcard - South West Facade, Exhibition Building, Melbourne, 1908","Place & Date Made","by 1908","","","","Germany","Royal exhibition building; Revenue; Souvenir postcards","Buildings; Civic Mementoes; Correspondence; Exterior Views; Postcards; Royal Exhibition Building; Souvenirs","Royal Exhibition Building Collection","true"
"items/255441","Postcard - South West Facade, Exhibition Building, Melbourne, 1908","Place & Date Depicted","1908","Melbourne","Greater Melbourne","Victoria","Australia","Royal exhibition building; Revenue; Souvenir postcards","Buildings; Civic Mementoes; Correspondence; Exterior Views; Postcards; Royal Exhibition Building; Souvenirs","Royal Exhibition Building Collection","true"
"items/255441","Postcard - South West Facade, Exhibition Building, Melbourne, 1908","Addressed To","26 Mar 1908","","","","Australia","Royal exhibition building; Revenue; Souvenir postcards","Buildings; Civic Mementoes; Correspondence; Exterior Views; Postcards; Royal Exhibition Building; Souvenirs","Royal Exhibition Building Collection","true"
"items/255274","Postcard - Southern Facade, Exhibition Building, Harding & Billing, Melbourne, circa 1904","Publisher","circa 1904","","","","Australia","Royal exhibition building; Revenue; Souvenir postcards","Buildings; Civic Mementoes; Exterior Views; Postcards; Royal Exhibition Building; Souvenirs","Royal Exhibition Building Collection","true"
"items/255274","Postcard - Southern Facade, Exhibition Building, Harding & Billing, Melbourne, circa 1904","Place & Date Depicted","circa 1904","Melbourne","Greater Melbourne","Victoria","Australia","Royal exhibition building; Revenue; Souvenir postcards","Buildings; Civic Mementoes; Exterior Views; Postcards; Royal Exhibition Building; Souvenirs","Royal Exhibition Building Collection","true"
"items/255244","Postcard - Southern Facade, Exhibition Building, Rose Series, Melbourne, circa 1950s","Publisher","circa 1950","Armadale","Greater Melbourne","Victoria","Australia","Royal exhibition building; Revenue; Souvenir postcards","Buildings; Civic Mementoes; Exterior Views; Gardens; Postcards; Royal Exhibition Building; Souvenirs","Royal Exhibition Building Collection","true"
"items/255244","Postcard - Southern Facade, Exhibition Building, Rose Series, Melbourne, circa 1950s","Place & Date Depicted","circa 1950","Melbourne","Greater Melbourne","Victoria","Australia","Royal exhibition building; Revenue; Souvenir postcards","Buildings; Civic Mementoes; Exterior Views; Gardens; Postcards; Royal Exhibition Building; Souvenirs","Royal Exhibition Building Collection","true"
"items/255363","Postcard - Eastern Facade & Forecourt, Exhibition Building, Valentine & Sons, Melbourne, circa 1915","Publisher","circa 1915","","","","Scotland, Great Britain","Royal exhibition building; Revenue; Souvenir postcards","Buildings; Civic Mementoes; Correspondence; Exterior Views; Postcards; Royal Exhibition Building; Souvenirs; World War I, 1914-1918","Royal Exhibition Building Collection","true"
"items/255363","Postcard - Eastern Facade & Forecourt, Exhibition Building, Valentine & Sons, Melbourne, circa 1915","Place & Date Depicted","by 1915","Melbourne","Greater Melbourne","Victoria","Australia","Royal exhibition building; Revenue; Souvenir postcards","Buildings; Civic Mementoes; Correspondence; Exterior Views; Postcards; Royal Exhibition Building; Souvenirs; World War I, 1914-1918","Royal Exhibition Building Collection","true"
"items/255363","Postcard - Eastern Facade & Forecourt, Exhibition Building, Valentine & Sons, Melbourne, circa 1915","Addressed To","circa 1915","","","","","Royal exhibition building; Revenue; Souvenir postcards","Buildings; Civic Mementoes; Correspondence; Exterior Views; Postcards; Royal Exhibition Building; Souvenirs; World War I, 1914-1918","Royal Exhibition Building Collection","true"
"items/255363","Postcard - Eastern Facade & Forecourt, Exhibition Building, Valentine & Sons, Melbourne, circa 1915","Place & Date Used","1915","Fremantle","Greater Perth","Western Australia","Australia","Royal exhibition building; Revenue; Souvenir postcards","Buildings; Civic Mementoes; Correspondence; Exterior Views; Postcards; Royal Exhibition Building; Souvenirs; World War I, 1914-1918","Royal Exhibition Building Collection","true"
"items/255318","Postcard - Eastern Facade, Exhibition Building, Melbourne, circa 1908","Place & Date Made","circa 1908","","","Victoria","Australia","Royal exhibition building; Revenue; Souvenir postcards","Buildings; Christmas; Civic Mementoes; Correspondence; Exterior Views; Postcards; Royal Exhibition Building; Souvenirs","Royal Exhibition Building Collection","true"
"items/255318","Postcard - Eastern Facade, Exhibition Building, Melbourne, circa 1908","Place & Date Depicted","circa 1908","Melbourne","Greater Melbourne","Victoria","Australia","Royal exhibition building; Revenue; Souvenir postcards","Buildings; Christmas; Civic Mementoes; Correspondence; Exterior Views; Postcards; Royal Exhibition Building; Souvenirs","Royal Exhibition Building Collection","true"
"items/255318","Postcard - Eastern Facade, Exhibition Building, Melbourne, circa 1908","Addressed To","1908","","","","Australia","Royal exhibition building; Revenue; Souvenir postcards","Buildings; Christmas; Civic Mementoes; Correspondence; Exterior Views; Postcards; Royal Exhibition Building; Souvenirs","Royal Exhibition Building Collection","true"
"items/255509","Postcard - 'Advance Australia', Carlton Gardens, Melbourne, circa 1917","Place & Date Made","circa 1917","","","","Germany","Royal exhibition building; Revenue; Souvenir postcards","Civic Mementoes; Gardens; Horticulture; Postcards; Royal Exhibition Building; Souvenirs","Royal Exhibition Building Collection","true"
"items/255509","Postcard - 'Advance Australia', Carlton Gardens, Melbourne, circa 1917","Place & Date Depicted","circa 1917","Melbourne","Greater Melbourne","Victoria","Australia","Royal exhibition building; Revenue; Souvenir postcards","Civic Mementoes; Gardens; Horticulture; Postcards; Royal Exhibition Building; Souvenirs","Royal Exhibition Building Collection","true"
"items/255334","Postcard - 'Souvenir of the ANA Exhibition', Exhibition Building, Calvert Engineering Company, Melbourne, 1907","Publisher","1907","Melbourne","Greater Melbourne","Victoria","Australia","Royal exhibition building; Revenue; Souvenir postcards","Buildings; Civic Mementoes; Exhibitions; Exterior Views; Postcards; Royal Exhibition Building; Souvenirs","Royal Exhibition Building Collection","true"
"items/255334","Postcard - 'Souvenir of the ANA Exhibition', Exhibition Building, Calvert Engineering Company, Melbourne, 1907","Place & Date Depicted","1907","Melbourne","Greater Melbourne","Victoria","Australia","Royal exhibition building; Revenue; Souvenir postcards","Buildings; Civic Mementoes; Exhibitions; Exterior Views; Postcards; Royal Exhibition Building; Souvenirs","Royal Exhibition Building Collection","true"
"items/255443","Postcard - South West Facade, Exhibition Building, Rose Series, Melbourne, circa 1930","Publisher","1930","Armadale","Greater Melbourne","Victoria","Australia","Royal exhibition building; Revenue; Souvenir postcards","Buildings; Correspondence; Exterior Views; Gardens; Postcards; Royal Exhibition Building; Souvenirs","Royal Exhibition Building Collection","true"
"items/255443","Postcard - South West Facade, Exhibition Building, Rose Series, Melbourne, circa 1930","Place & Date Depicted","1930","Melbourne","Greater Melbourne","Victoria","Australia","Royal exhibition building; Revenue; Souvenir postcards","Buildings; Correspondence; Exterior Views; Gardens; Postcards; Royal Exhibition Building; Souvenirs","Royal Exhibition Building Collection","true"
"items/255443","Postcard - South West Facade, Exhibition Building, Rose Series, Melbourne, circa 1930","Addressed To","1930","","","","","Royal exhibition building; Revenue; Souvenir postcards","Buildings; Correspondence; Exterior Views; Gardens; Postcards; Royal Exhibition Building; Souvenirs","Royal Exhibition Building Collection","true"
"items/255443","Postcard - South West Facade, Exhibition Building, Rose Series, Melbourne, circa 1930","Date Used","1930","","","","","Royal exhibition building; Revenue; Souvenir postcards","Buildings; Correspondence; Exterior Views; Gardens; Postcards; Royal Exhibition Building; Souvenirs","Royal Exhibition Building Collection","true"
"items/255341","Postcard - Southern Entrance, Exhibition Building, Rose Series, Melbourne, circa 1940","Publisher","circa 1940","Armadale","Greater Melbourne","Victoria","Australia","Royal exhibition building; Revenue; Souvenir postcards","Buildings; Civic Mementoes; Exterior Views; Postcards; Royal Exhibition Building; Souvenirs","Royal Exhibition Building Collection","true"
"items/255341","Postcard - Southern Entrance, Exhibition Building, Rose Series, Melbourne, circa 1940","Place & Date Depicted","circa 1940","Melbourne","Greater Melbourne","Victoria","Australia","Royal exhibition building; Revenue; Souvenir postcards","Buildings; Civic Mementoes; Exterior Views; Postcards; Royal Exhibition Building; Souvenirs","Royal Exhibition Building Collection","true"
"items/255278","Postcard - Southern Facade, Exhibition Building, Nucolorvue Productions, Melbourne, 1947-1955","Publisher","1947-1955","Mentone","Greater Melbourne","Victoria","Australia","Royal exhibition building; Revenue; Souvenir postcards","Buildings; Civic Mementoes; Exterior Views; Postcards; Royal Exhibition Building; Souvenirs","Royal Exhibition Building Collection","true"
"items/255278","Postcard - Southern Facade, Exhibition Building, Nucolorvue Productions, Melbourne, 1947-1955","Place & Date Depicted","1947-1955","Melbourne","Greater Melbourne","Victoria","Australia","Royal exhibition building; Revenue; Souvenir postcards","Buildings; Civic Mementoes; Exterior Views; Postcards; Royal Exhibition Building; Souvenirs","Royal Exhibition Building Collection","true"
"items/255285","Postcard - Southern Facade, Exhibition Building, Rose Series, Melbourne, circa 1950s","Publisher","circa 1950","Armadale","Greater Melbourne","Victoria","Australia","Royal exhibition building; Revenue; Souvenir postcards","Buildings; Civic Mementoes; Exterior Views; Postcards; Royal Exhibition Building; Souvenirs","Royal Exhibition Building Collection","true"
"items/255285","Postcard - Southern Facade, Exhibition Building, Rose Series, Melbourne, circa 1950s","Place & Date Depicted","circa 1950","Melbourne","Greater Melbourne","Victoria","Australia","Royal exhibition building; Revenue; Souvenir postcards","Buildings; Civic Mementoes; Exterior Views; Postcards; Royal Exhibition Building; Souvenirs","Royal Exhibition Building Collection","true"
"items/255281","Postcard - South West Facade, Exhibition Building, Rose Series, Melbourne, circa 1930","Publisher","circa 1930","Armadale","Greater Melbourne","Victoria","Australia","Royal exhibition building; Revenue; Souvenir postcards","Buildings; Civic Mementoes; Exterior Views; Postcards; Royal Exhibition Building; Souvenirs","Royal Exhibition Building Collection","true"
"items/255281","Postcard - South West Facade, Exhibition Building, Rose Series, Melbourne, circa 1930","Place & Date Depicted","circa 1930","Melbourne","Greater Melbourne","Victoria","Australia","Royal exhibition building; Revenue; Souvenir postcards","Buildings; Civic Mementoes; Exterior Views; Postcards; Royal Exhibition Building; Souvenirs","Royal Exhibition Building Collection","true"
"items/255202","Postcard - Exhibition Building & Flags of World War II, Novelty Card Company, Melbourne, circa 1939-1945","Publisher","1939-1945","","","","Australia","Royal exhibition building; Revenue; Souvenir postcards","Buildings; Civic Mementoes; Exterior Views; Flags; Postcards; Royal Exhibition Building; Souvenirs; World War II, 1939-1945","Royal Exhibition Building Collection","true"
"items/255202","Postcard - Exhibition Building & Flags of World War II, Novelty Card Company, Melbourne, circa 1939-1945","Place & Date Depicted","1939-1945","Melbourne","Greater Melbourne","Victoria","Australia","Royal exhibition building; Revenue; Souvenir postcards","Buildings; Civic Mementoes; Exterior Views; Flags; Postcards; Royal Exhibition Building; Souvenirs; World War II, 1939-1945","Royal Exhibition Building Collection","true"
"items/1763660","Postcard - Exhibition Building, Melbourne, To J. B. Scott from Marion Flinn, Melbourne, 10 May 1904","Sender","10 May 1904","Melbourne","","Victoria","Australia","Communications; Postal; Correspondence","Buildings; Correspondence; Melbourne Landmarks; Postcards; Royal Exhibition Building; Scottish Communities; Scottish Immigration","Royal Exhibition Building Collection","true"
"items/1763660","Postcard - Exhibition Building, Melbourne, To J. B. Scott from Marion Flinn, Melbourne, 10 May 1904","Addressed To","10 May 1904","paisley","","","Scotland","Communications; Postal; Correspondence","Buildings; Correspondence; Melbourne Landmarks; Postcards; Royal Exhibition Building; Scottish Communities; Scottish Immigration","Royal Exhibition Building Collection","true"
"items/391053","Postcard - 'Australians Parading for the Trenches Prior to the Attack on Pozieres', World War I, Jul 1916","Place & Date Depicted","Jul 1916","","Somme","","France","Military history; Service; Correspondence","Military Memorabilia; World War I, 1914-1918; Battle of the Somme (Somme Offensive), 1916","Military Memorabilia Collection; Returned and Services League (RSL) Collection","true"
"items/1246228","Postcard - P&O Orient Line 'Canberra', Myerscough, 1963","Date Inscribed","21 Nov 1963","","","","","Migration; Travel - shipboard life; Promotional materials","Migrant Hostels; Nest Egg Scheme; Return Migration; Shipping Lines","","true"
"items/1246228","Postcard - P&O Orient Line 'Canberra', Myerscough, 1963","Past Owner or User","1963","Melbourne","Greater Melbourne","Victoria","Australia","Migration; Travel - shipboard life; Promotional materials","Migrant Hostels; Nest Egg Scheme; Return Migration; Shipping Lines","","true"
"items/1246228","Postcard - P&O Orient Line 'Canberra', Myerscough, 1963","Past Owner or User","1963","Melbourne","Greater Melbourne","Victoria","Australia","Migration; Travel - shipboard life; Promotional materials","Migrant Hostels; Nest Egg Scheme; Return Migration; Shipping Lines","","true"
"items/1548530","Postcard - Winthrop Hall, University of Western Australia, Perth, Western Australia, Apr 1936","Place & Date Depicted","Apr 1936","Perth","Greater Perth","Western Australia","Australia","Education; Tertiary institutions; Buildings & grounds","Clock Towers; Education; Exterior Views; Gardens; Universities","State Electricity Commission of Victoria (SECV) Collection","true"
"items/415818","Postcard - SS Orcades, Orient Line, circa 1950s","Manufactured For","circa 1950s","London","","","England, Great Britain","Migration; Travel - shipboard life; Souvenirs","Immigrant Shipping; Immigration; Immigration Policies; Ship Memorabilia; Shipping; Shipping Lines; Station Pier; Women's Work","Margaret Wood Immigration & Shipping Collection","true"
"items/415818","Postcard - SS Orcades, Orient Line, circa 1950s","Place & Date Used","circa 1950s","","","","","Migration; Travel - shipboard life; Souvenirs","Immigrant Shipping; Immigration; Immigration Policies; Ship Memorabilia; Shipping; Shipping Lines; Station Pier; Women's Work","Margaret Wood Immigration & Shipping Collection","true"
"items/415818","Postcard - SS Orcades, Orient Line, circa 1950s","User","circa 1950s","Melbourne","Greater Melbourne","Victoria","Australia","Migration; Travel - shipboard life; Souvenirs","Immigrant Shipping; Immigration; Immigration Policies; Ship Memorabilia; Shipping; Shipping Lines; Station Pier; Women's Work","Margaret Wood Immigration & Shipping Collection","true"
"items/253192","Postcard - MV Fairsea, Sitmar Line, 1957","Manufactured For","1957","","","","Italy","Migration; Travel - shipboard life; Souvenirs","Food & Drink Consumption; Hungarian Communities; Hungarian Immigration; Immigrant Shipping; Immigrant Voyages; Immigration; Keepsakes; Migration & Settlement; Ship Memorabilia; Shipping Lines; Souvenirs; Travel","","true"
"items/253192","Postcard - MV Fairsea, Sitmar Line, 1957","Ship Depicted","1957","","","","","Migration; Travel - shipboard life; Souvenirs","Food & Drink Consumption; Hungarian Communities; Hungarian Immigration; Immigrant Shipping; Immigrant Voyages; Immigration; Keepsakes; Migration & Settlement; Ship Memorabilia; Shipping Lines; Souvenirs; Travel","","true"
"items/253192","Postcard - MV Fairsea, Sitmar Line, 1957","User","1957","","","","","Migration; Travel - shipboard life; Souvenirs","Food & Drink Consumption; Hungarian Communities; Hungarian Immigration; Immigrant Shipping; Immigrant Voyages; Immigration; Keepsakes; Migration & Settlement; Ship Memorabilia; Shipping Lines; Souvenirs; Travel","","true"
"items/1962401","Postcard - Princess Anne in Brownie Uniform, Buckingham Palace Gardens, England, circa 1960","Past Owner & User","1960s","","","Victoria","Australia","Migration; Settlement - cultural & social life; Mementoes","English Immigration; Celebrations; Migration & Settlement; Girl Guides & Brownies; Royalty: British; Postcards; Migrant Reception Centres; Migrant Camps","","true"
"items/379357","Postcard - Montevideo, Australian Camp, Weymouth, England, Private John Peile to Parents, World War I, 1915-1918","Author","1915-1918","","","","","Military history; Service; Army camps","World War I, 1914-1918","Returned and Services League (RSL) Collection","true"
"items/379357","Postcard - Montevideo, Australian Camp, Weymouth, England, Private John Peile to Parents, World War I, 1915-1918","Place Depicted","1914-1918","Montevideo","Dorset","","England, Great Britain","Military history; Service; Army camps","World War I, 1914-1918","Returned and Services League (RSL) Collection","true"
"items/379358","Postcard - Private Albert Peile to Mother, 3rd London General Hospital, London, England, 28 Sep 1915","Author","28 Sep 1915","Wandsworth","","","England, Great Britain","Military history; Service; Medical services & facilities","World War I, 1914-1918","Returned and Services League (RSL) Collection","true"
"items/379359","Postcard - 'Le Boulevard de Strasbourg', Le Havre, France, Corporal John Peile to Mother, 20 Oct 1917","Author","20 Oct 1917","","","","","Military history; Service; Recreation & tourism","World War I, 1914-1918; Trams; Streetscapes","Returned and Services League (RSL) Collection","true"
"items/379359","Postcard - 'Le Boulevard de Strasbourg', Le Havre, France, Corporal John Peile to Mother, 20 Oct 1917","Place Depicted","1914-1918","Le Havre","","","France","Military history; Service; Recreation & tourism","World War I, 1914-1918; Trams; Streetscapes","Returned and Services League (RSL) Collection","true"
"items/379360","Postcard - 'Le Place Gambetta et le Theatre', Le Havre, France, Probably Private John Peile to Sister, 25 May 1917","Place & Date Depicted","1914-1917","Le Havre","","","France","Military history; Service; Recreation & tourism","World War I, 1914-1918","Returned and Services League (RSL) Collection","true"
"items/379360","Postcard - 'Le Place Gambetta et le Theatre', Le Havre, France, Probably Private John Peile to Sister, 25 May 1917","Author","","","","","","Military history; Service; Recreation & tourism","World War I, 1914-1918","Returned and Services League (RSL) Collection","true"
"items/379375","Postcard - 'Convicts Proceeding to Work, Portland Prison', England, Probably Private John Peile to Father, World War I, 1916-1918","Place Depicted","1916-1918","Portland","","","England, Great Britain","Military history; Service; Recreation & tourism","World War I, 1914-1918; Prisoners of War; Prison Camps; Prisons; Railway Lines","Returned and Services League (RSL) Collection","true"
"items/379375","Postcard - 'Convicts Proceeding to Work, Portland Prison', England, Probably Private John Peile to Father, World War I, 1916-1918","Author (Probable)","","","","","","Military history; Service; Recreation & tourism","World War I, 1914-1918; Prisoners of War; Prison Camps; Prisons; Railway Lines","Returned and Services League (RSL) Collection","true"
"items/379370","Postcard - Chesil Beach, Portland, Dorset, England, Private John Peile, World War I, 1916-1918","Author","1916-1918","","","","","Military history; Service; Recreation & tourism","World War I, 1914-1918","Returned and Services League (RSL) Collection","true"
"items/379370","Postcard - Chesil Beach, Portland, Dorset, England, Private John Peile, World War I, 1916-1918","Place Depicted","1914-1918","Chesil Beach","Dorset","","England, Great Britain","Military history; Service; Recreation & tourism","World War I, 1914-1918","Returned and Services League (RSL) Collection","true"
"items/379371","Postcard - Pavilion & Pier with Crowd, Weymouth, Dorset, England, Corporal John Peile to Sister Jean, 1 Apr 1918","Author","1 Apr 1918","","","","","Military history; Service; Recreation & tourism","World War I, 1914-1918","Returned and Services League (RSL) Collection","true"
"items/379371","Postcard - Pavilion & Pier with Crowd, Weymouth, Dorset, England, Corporal John Peile to Sister Jean, 1 Apr 1918","Place Depicted","1914-1918","Weymouth","Dorset","","England, Great Britain","Military history; Service; Recreation & tourism","World War I, 1914-1918","Returned and Services League (RSL) Collection","true"
"items/379365","Postcard - Church Stretton, Shropshire, England, Corporal John Peile to Sister Flo Peile, World War I, 3 Jan 1918","Author","3 Jan 1918","","","","","Military history; Service; Recreation & tourism","World War I, 1914-1918","Returned and Services League (RSL) Collection","true"
"items/379365","Postcard - Church Stretton, Shropshire, England, Corporal John Peile to Sister Flo Peile, World War I, 3 Jan 1918","Place Depicted","1914-1918","Church Stretton","Shropshire","West Midlands","England, Great Britain","Military history; Service; Recreation & tourism","World War I, 1914-1918","Returned and Services League (RSL) Collection","true"
"items/250728","Postcard - Boat People, Avant Card, 2002","Issued By","2002","","","","Australia","Migration; Community activity; Protest materials","Artists; Asylum Seekers; Detention Centres; Graphic Design; Political Protests; Postcards; Refugees","","true"
"items/250728","Postcard - Boat People, Avant Card, 2002","Organisation Named","2002","","","","Australia","Migration; Community activity; Protest materials","Artists; Asylum Seekers; Detention Centres; Graphic Design; Political Protests; Postcards; Refugees","","true"
"items/250729","Postcard - Boat People, Avant Card, 2002","Issued By","2002","","","","Australia","Migration; Community activity; Protest materials","Artists; Asylum Seekers; Detention Centres; Graphic Design; Political Protests; Postcards; Refugees","","true"
"items/250729","Postcard - Boat People, Avant Card, 2002","Organisation Named","2002","","","","Australia","Migration; Community activity; Protest materials","Artists; Asylum Seekers; Detention Centres; Graphic Design; Political Protests; Postcards; Refugees","","true"
"items/244992","Postcard - MV Fairsea, Genoa, 1957","Publisher","1957","Genoa","","","Italy","Migration; Travel - shipboard life; Souvenirs","Assisted Immigration; Immigration; Immigrant Voyages; Shipping Lines; Ten Pound Tourists","John & Barbara Woods, English Assisted Migrants Collection","true"
"items/244992","Postcard - MV Fairsea, Genoa, 1957","User","1957","","","","","Migration; Travel - shipboard life; Souvenirs","Assisted Immigration; Immigration; Immigrant Voyages; Shipping Lines; Ten Pound Tourists","John & Barbara Woods, English Assisted Migrants Collection","true"
"items/244992","Postcard - MV Fairsea, Genoa, 1957","User","1957","","","","","Migration; Travel - shipboard life; Souvenirs","Assisted Immigration; Immigration; Immigrant Voyages; Shipping Lines; Ten Pound Tourists","John & Barbara Woods, English Assisted Migrants Collection","true"
"items/244992","Postcard - MV Fairsea, Genoa, 1957","Ship Depicted","1957","","","","","Migration; Travel - shipboard life; Souvenirs","Assisted Immigration; Immigration; Immigrant Voyages; Shipping Lines; Ten Pound Tourists","John & Barbara Woods, English Assisted Migrants Collection","true"
"items/1742881","Postcard - Arrival of SS Jervis Bay at Fremantle, Western Australia, 3 May 1928","Ship Depicted","3 May 1928","Fremantle","Greater Perth","Western Australia","Australia","Migration; Travel - arrival; Group portraits","Boats; British Immigration; Brought Goods; Families; Immigrant Shipping; Immigrant Voyages; Immigration; Migrants; Migration & Settlement; People; Photography; Postcards; Shipboard Travel; Shipping Lines; Ships; Steam Ships; Travel & Tourism; Water Transport","","true"
"items/1742881","Postcard - Arrival of SS Jervis Bay at Fremantle, Western Australia, 3 May 1928","Creator","circa 1920s-1930s","","","","","Migration; Travel - arrival; Group portraits","Boats; British Immigration; Brought Goods; Families; Immigrant Shipping; Immigrant Voyages; Immigration; Migrants; Migration & Settlement; People; Photography; Postcards; Shipboard Travel; Shipping Lines; Ships; Steam Ships; Travel & Tourism; Water Transport","","true"
"items/1742881","Postcard - Arrival of SS Jervis Bay at Fremantle, Western Australia, 3 May 1928","User","1928-1967","Essendon","","Victoria","Australia","Migration; Travel - arrival; Group portraits","Boats; British Immigration; Brought Goods; Families; Immigrant Shipping; Immigrant Voyages; Immigration; Migrants; Migration & Settlement; People; Photography; Postcards; Shipboard Travel; Shipping Lines; Ships; Steam Ships; Travel & Tourism; Water Transport","","true"
"items/379363","Postcard - 'Greetings to My Dear Mother', Private John Peile to Mother, World War I, 1916-1918","Author","1916-1918","","","","Great Britain","Military history; Personal effects; Correspondence","World War I, 1914-1918","Returned and Services League (RSL) Collection","true"
"items/379363","Postcard - 'Greetings to My Dear Mother', Private John Peile to Mother, World War I, 1916-1918","Publisher","","London","","England","Great Britain","Military history; Personal effects; Correspondence","World War I, 1914-1918","Returned and Services League (RSL) Collection","true"
"items/379364","Postcard - 'Portway, Warminster', England, Corporal John Peile to Parents, 11 Jun 1918","Author","11 Jun 1918","","","","","Military history; Service; Correspondence","World War I, 1914-1918","Returned and Services League (RSL) Collection","true"
"items/379364","Postcard - 'Portway, Warminster', England, Corporal John Peile to Parents, 11 Jun 1918","Place Depicted","1914-1918","Portland","Warminster","","England, Great Britain","Military history; Service; Correspondence","World War I, 1914-1918","Returned and Services League (RSL) Collection","true"
"items/379372","Postcard - Royal Hotel & Beach, Weymouth, England, Corporal John Peile to Mother, Mar 1918","Author","Mar 1918","","","","","Military history; Service; Recreation & tourism","World War I, 1914-1918; Death & Mourning","Returned and Services League (RSL) Collection","true"
"items/379372","Postcard - Royal Hotel & Beach, Weymouth, England, Corporal John Peile to Mother, Mar 1918","Place Depicted","1914-1918","Weymouth","Dorset","","England, Great Britain","Military history; Service; Recreation & tourism","World War I, 1914-1918; Death & Mourning","Returned and Services League (RSL) Collection","true"
"items/2103207","Postcard - St Francis Xavier Church, Frankston, circa 1955","Previous Owner","1954-1955","Frankston","Greater Melbourne","Victoria","Australia","Migration; Settlement - cultural & social life; Mementoes","English Immigration; British Immigration; Assisted Immigration; Shipping Lines; Shipboard Travel; Return Migration; Mental Health; Opticians; Children; Religions: Roman Catholic; Education; Working Life; Banks; Banking; Postcards; Souvenirs","","true"
"items/2103207","Postcard - St Francis Xavier Church, Frankston, circa 1955","Previous Owner","","Frankston","Greater Melbourne","Victoria","Australia","Migration; Settlement - cultural & social life; Mementoes","English Immigration; British Immigration; Assisted Immigration; Shipping Lines; Shipboard Travel; Return Migration; Mental Health; Opticians; Children; Religions: Roman Catholic; Education; Working Life; Banks; Banking; Postcards; Souvenirs","","true"
"items/2103207","Postcard - St Francis Xavier Church, Frankston, circa 1955","Publisher","circa 1955","","","","","Migration; Settlement - cultural & social life; Mementoes","English Immigration; British Immigration; Assisted Immigration; Shipping Lines; Shipboard Travel; Return Migration; Mental Health; Opticians; Children; Religions: Roman Catholic; Education; Working Life; Banks; Banking; Postcards; Souvenirs","","true"
"items/2103205","Postcard - Shopping Centre, Frankston, circa 1955","Previous Owner","1954-1955","Frankston","Greater Melbourne","Victoria","Australia","Migration; Settlement - cultural & social life; Mementoes","English Immigration; British Immigration; Assisted Immigration; Shipping Lines; Shipboard Travel; Return Migration; Mental Health; Opticians; Children; Religions: Roman Catholic; Education; Working Life; Banks; Banking; Postcards; Souvenirs","","true"
"items/2103205","Postcard - Shopping Centre, Frankston, circa 1955","Previous Owner","","Frankston","Greater Melbourne","Victoria","Australia","Migration; Settlement - cultural & social life; Mementoes","English Immigration; British Immigration; Assisted Immigration; Shipping Lines; Shipboard Travel; Return Migration; Mental Health; Opticians; Children; Religions: Roman Catholic; Education; Working Life; Banks; Banking; Postcards; Souvenirs","","true"
"items/2103205","Postcard - Shopping Centre, Frankston, circa 1955","Publisher","circa 1955","","","","","Migration; Settlement - cultural & social life; Mementoes","English Immigration; British Immigration; Assisted Immigration; Shipping Lines; Shipboard Travel; Return Migration; Mental Health; Opticians; Children; Religions: Roman Catholic; Education; Working Life; Banks; Banking; Postcards; Souvenirs","","true"
"items/2103204","Postcard - St Francis Xavier Church, Frankston, circa 1955","Previous Owner","1954-1955","Frankston","Greater Melbourne","Victoria","Australia","Migration; Settlement - cultural & social life; Mementoes","English Immigration; British Immigration; Assisted Immigration; Shipping Lines; Shipboard Travel; Return Migration; Mental Health; Opticians; Children; Religions: Roman Catholic; Education; Working Life; Banks; Banking; Postcards; Souvenirs","","true"
"items/2103204","Postcard - St Francis Xavier Church, Frankston, circa 1955","Previous Owner","","Frankston","Greater Melbourne","Victoria","Australia","Migration; Settlement - cultural & social life; Mementoes","English Immigration; British Immigration; Assisted Immigration; Shipping Lines; Shipboard Travel; Return Migration; Mental Health; Opticians; Children; Religions: Roman Catholic; Education; Working Life; Banks; Banking; Postcards; Souvenirs","","true"
"items/2103204","Postcard - St Francis Xavier Church, Frankston, circa 1955","Publisher","circa 1955","","","","","Migration; Settlement - cultural & social life; Mementoes","English Immigration; British Immigration; Assisted Immigration; Shipping Lines; Shipboard Travel; Return Migration; Mental Health; Opticians; Children; Religions: Roman Catholic; Education; Working Life; Banks; Banking; Postcards; Souvenirs","","true"
"items/1834387","Postcard - Sunshine Harvester Works, Sunshine, Victoria, 1910","Place & Date Depicted","1910","Sunshine","Greater Melbourne","Victoria","Australia","Manufacturing & industry; Agricultural & horticultural equipment; Promotional materials","Agricultural Machinery; Manufacturing; Factories; Postcards","H.V. McKay Sunshine Collection; Old McKay Archive (Series E)","true"
"items/1454808","Postcard -  Kodak Australasia Pty Ltd, Aerial View of Kodak Factory, Coburg, circa 1965","Organisation Depicted","Apr 1961","Coburg","Greater Melbourne","Victoria","Australia","Manufacturing & industry; Photographic products; Factory exterior views","Buildings; Car Parks; Cars; Chimneys; Cooling Towers; Factories; Manufacturing Plants; Photography; Making History - Kodak Collection","Kodak Heritage Collection","true"
"items/2103202","Postcard - St Francis Xavier Church Interior, Frankston, circa 1955","Previous Owner","1954-1955","Frankston","Greater Melbourne","Victoria","Australia","Migration; Settlement - cultural & social life; Mementoes","English Immigration; British Immigration; Assisted Immigration; Shipping Lines; Shipboard Travel; Return Migration; Mental Health; Opticians; Children; Religions: Roman Catholic; Education; Working Life; Banks; Banking; Postcards; Souvenirs","","true"
"items/2103202","Postcard - St Francis Xavier Church Interior, Frankston, circa 1955","Previous Owner","","Frankston","Greater Melbourne","Victoria","Australia","Migration; Settlement - cultural & social life; Mementoes","English Immigration; British Immigration; Assisted Immigration; Shipping Lines; Shipboard Travel; Return Migration; Mental Health; Opticians; Children; Religions: Roman Catholic; Education; Working Life; Banks; Banking; Postcards; Souvenirs","","true"
"items/2103202","Postcard - St Francis Xavier Church Interior, Frankston, circa 1955","Publisher","circa 1955","","","","","Migration; Settlement - cultural & social life; Mementoes","English Immigration; British Immigration; Assisted Immigration; Shipping Lines; Shipboard Travel; Return Migration; Mental Health; Opticians; Children; Religions: Roman Catholic; Education; Working Life; Banks; Banking; Postcards; Souvenirs","","true"
"items/1255116","Postcard - Commonwealth Games, Royal Exhibition Building, Melbourne, 2006","Photographer","2006","Melbourne","","Victoria","Australia","Royal exhibition building; Souvenirs","Commonwealth Games: Melbourne, 2006; Royal Exhibition Building; Souvenirs","Royal Exhibition Building Collection","true"
"items/1255116","Postcard - Commonwealth Games, Royal Exhibition Building, Melbourne, 2006","Place & Date Depicted","2006","Melbourne","Greater Melbourne","Victoria","Australia","Royal exhibition building; Souvenirs","Commonwealth Games: Melbourne, 2006; Royal Exhibition Building; Souvenirs","Royal Exhibition Building Collection","true"
"items/1255116","Postcard - Commonwealth Games, Royal Exhibition Building, Melbourne, 2006","Authorised By","2006","Melbourne","Greater Melbourne","Victoria","Australia","Royal exhibition building; Souvenirs","Commonwealth Games: Melbourne, 2006; Royal Exhibition Building; Souvenirs","Royal Exhibition Building Collection","true"
"items/379367","Postcard - Hotel, Church Stretton, Little Stretton, Shropshire, England, Peile Brothers, World War I, 1916-1918","Place Depicted","1916-1918","Little Stretton","Shropshire","West Midlands","England, Great Britain","Military history; Service; Recreation & tourism","World War I, 1914-1918","Returned and Services League (RSL) Collection","true"
"items/379355","Postcard - 'Runic Leaving Cape Town', Private John 'Jack' Peile to Siblings, World War I, Aug 1915","Author","Aug 1915","","","","","Military history; Service; Troop ships","World War I, 1914-1918; Ships","Returned and Services League (RSL) Collection","true"
"items/379355","Postcard - 'Runic Leaving Cape Town', Private John 'Jack' Peile to Siblings, World War I, Aug 1915","Date Created","1914-1918","Cape Town","","","South Africa","Military history; Service; Troop ships","World War I, 1914-1918; Ships","Returned and Services League (RSL) Collection","true"
"items/379356","Postcard - HMAT Runic, Private John Peile to Mother, World War I, Aug-Sep 1915","Author","Aug-Sep 1915","","","","","Military history; Service; Troop ships","World War I, 1914-1918","Returned and Services League (RSL) Collection","true"
"items/379356","Postcard - HMAT Runic, Private John Peile to Mother, World War I, Aug-Sep 1915","Date Created","1914-1918","","","","","Military history; Service; Troop ships","World War I, 1914-1918","Returned and Services League (RSL) Collection","true"
"items/391235","Postcard - Australian Light Horse, Seymour, World War I, 13 Feb 1917","Date Depicted","13 Feb 1917","","","","","Military history; Service; Correspondence","Australian Army; Militaria: Australian; Military Memorabilia; Portraits; World War I, 1914-1918","Military Memorabilia Collection; Returned and Services League (RSL) Collection","true"
"items/2185666","Digital Image - Austral Postcard Showing Marjorie, Winifred & Edgar Rouse as Children, 1901-1902","Person Depicted","late 1901 - early 1902","","Greater Sydney","New South Wales","Australia","Portraits; Groups; Children","Photography; Portraits; Children; Families; Hats; Parasols; Bonnets; Postcards; Trees; Executives","Kodak Heritage Collection","true"
"items/2185666","Digital Image - Austral Postcard Showing Marjorie, Winifred & Edgar Rouse as Children, 1901-1902","Person Depicted","late 1901 - early 1902","","Greater Sydney","New South Wales","Australia","Portraits; Groups; Children","Photography; Portraits; Children; Families; Hats; Parasols; Bonnets; Postcards; Trees; Executives","Kodak Heritage Collection","true"
"items/2185666","Digital Image - Austral Postcard Showing Marjorie, Winifred & Edgar Rouse as Children, 1901-1902","Person Depicted","late 1901 - early 1902","","Greater Sydney","New South Wales","Australia","Portraits; Groups; Children","Photography; Portraits; Children; Families; Hats; Parasols; Bonnets; Postcards; Trees; Executives","Kodak Heritage Collection","true"
"items/2126097","Postcard - 'To My Dear Mother', Embroidered, Likely Private Will Nairn to Mother, 1917-1918","Place & Date Written","1917-1918","","","","France","Military history; Service; Correspondence","World War I, 1914-1918; Military Memorabilia; Death & Mourning; Correspondence","","true"
"items/2126097","Postcard - 'To My Dear Mother', Embroidered, Likely Private Will Nairn to Mother, 1917-1918","Author","","","","","","Military history; Service; Correspondence","World War I, 1914-1918; Military Memorabilia; Death & Mourning; Correspondence","","true"
"items/263234","Postcard - The Robber Tied, circa 1990s","Place & Date Made","circa 1990","Rome","","","Italy","Migration; Travel - brought goods; Mementoes","Correspondence; Essential Services; Italian Art; Italian Communities; Italian Immigration; Italian Police; Military Forces; Police; Postcards","","true"
"items/263234","Postcard - The Robber Tied, circa 1990s","Printer","circa 1990","Rome","","","Italy","Migration; Travel - brought goods; Mementoes","Correspondence; Essential Services; Italian Art; Italian Communities; Italian Immigration; Italian Police; Military Forces; Police; Postcards","","true"
"items/263234","Postcard - The Robber Tied, circa 1990s","Other Association (See Comments)","1895","Florence","","Tuscany","Italy","Migration; Travel - brought goods; Mementoes","Correspondence; Essential Services; Italian Art; Italian Communities; Italian Immigration; Italian Police; Military Forces; Police; Postcards","","true"
"items/263227","Postcard - Races, circa 1990s","Place & Date Made","circa 1990","Rome","","","Italy","Migration; Travel - brought goods; Mementoes","Correspondence; Essential Services; Italian Art; Italian Communities; Italian Immigration; Italian Police; Military Forces; Police; Postcards","","true"
"items/263227","Postcard - Races, circa 1990s","Printer","circa 1990","Rome","","","Italy","Migration; Travel - brought goods; Mementoes","Correspondence; Essential Services; Italian Art; Italian Communities; Italian Immigration; Italian Police; Military Forces; Police; Postcards","","true"
"items/263227","Postcard - Races, circa 1990s","Other Association (See Comments)","1990","Florence","","Tuscany","Italy","Migration; Travel - brought goods; Mementoes","Correspondence; Essential Services; Italian Art; Italian Communities; Italian Immigration; Italian Police; Military Forces; Police; Postcards","","true"
"items/263235","Postcard - Busy Street, circa 1990s","Place & Date Made","circa 1990","Rome","","","Italy","Migration; Travel - brought goods; Mementoes","Correspondence; Essential Services; Italian Art; Italian Communities; Italian Immigration; Italian Police; Military Forces; Police; Postcards","","true"
"items/263235","Postcard - Busy Street, circa 1990s","Printer","circa 1990","Rome","","","Italy","Migration; Travel - brought goods; Mementoes","Correspondence; Essential Services; Italian Art; Italian Communities; Italian Immigration; Italian Police; Military Forces; Police; Postcards","","true"
"items/263235","Postcard - Busy Street, circa 1990s","Other Association (See Comments)","1875","Florence","","Tuscany","Italy","Migration; Travel - brought goods; Mementoes","Correspondence; Essential Services; Italian Art; Italian Communities; Italian Immigration; Italian Police; Military Forces; Police; Postcards","","true"
"items/2126161","Postcard - Will Nairn to Sister Sarah Jackson, 7 May 1910","Place & Date Depicted","7 May 1910","","","","Australia","Recreation & tourism; Travel; Correspondence","World War I, 1914-1918; Military Memorabilia; Death & Mourning; Correspondence; Fencing; National Parks; Portraits","","true"
"items/2126161","Postcard - Will Nairn to Sister Sarah Jackson, 7 May 1910","Author","","","","","","Recreation & tourism; Travel; Correspondence","World War I, 1914-1918; Military Memorabilia; Death & Mourning; Correspondence; Fencing; National Parks; Portraits","","true"
"items/2126161","Postcard - Will Nairn to Sister Sarah Jackson, 7 May 1910","Manufacturer","","","","","","Recreation & tourism; Travel; Correspondence","World War I, 1914-1918; Military Memorabilia; Death & Mourning; Correspondence; Fencing; National Parks; Portraits","","true"
"items/2126161","Postcard - Will Nairn to Sister Sarah Jackson, 7 May 1910","Photographer (Probable)","","","","","","Recreation & tourism; Travel; Correspondence","World War I, 1914-1918; Military Memorabilia; Death & Mourning; Correspondence; Fencing; National Parks; Portraits","","true"
"items/2126161","Postcard - Will Nairn to Sister Sarah Jackson, 7 May 1910","Addressed To","","","","","","Recreation & tourism; Travel; Correspondence","World War I, 1914-1918; Military Memorabilia; Death & Mourning; Correspondence; Fencing; National Parks; Portraits","","true"
"items/1806590","Postcard Viewfolder - 'Mt Beauty and the Kiewa Scheme', Victoria, circa 1962","Publisher","circa 1960","Mentone","Greater Melbourne","Victoria","Australia","Recreation & tourism; Travel; Souvenir postcards","Camping; Caravan Parks; Caravanning; Caravans; Chalets; Control Rooms; Dams; German Immigration; Hydro Electric Dams; Hydro Electric Power Stations; Hydro Electric Schemes; Hydro Electricity; Mountains; Postcards; Recreation Activities; Roads; Rural Industry; Skiing; Ski Lifts; Snow; Souvenirs; Tourism; Tourist Attractions; Tourist Resorts; Townships; Working Life","","true"
"items/1806590","Postcard Viewfolder - 'Mt Beauty and the Kiewa Scheme', Victoria, circa 1962","User","circa 1956-1962","","","Victoria","Australia","Recreation & tourism; Travel; Souvenir postcards","Camping; Caravan Parks; Caravanning; Caravans; Chalets; Control Rooms; Dams; German Immigration; Hydro Electric Dams; Hydro Electric Power Stations; Hydro Electric Schemes; Hydro Electricity; Mountains; Postcards; Recreation Activities; Roads; Rural Industry; Skiing; Ski Lifts; Snow; Souvenirs; Tourism; Tourist Attractions; Tourist Resorts; Townships; Working Life","","true"
"items/1806590","Postcard Viewfolder - 'Mt Beauty and the Kiewa Scheme', Victoria, circa 1962","Organisation Depicted","1954-1962","Mount Beauty","Australian Alps","Victoria","Australia","Recreation & tourism; Travel; Souvenir postcards","Camping; Caravan Parks; Caravanning; Caravans; Chalets; Control Rooms; Dams; German Immigration; Hydro Electric Dams; Hydro Electric Power Stations; Hydro Electric Schemes; Hydro Electricity; Mountains; Postcards; Recreation Activities; Roads; Rural Industry; Skiing; Ski Lifts; Snow; Souvenirs; Tourism; Tourist Attractions; Tourist Resorts; Townships; Working Life","","true"
"items/2126089","Postcard - 'France', Embroidered, Harry Shanahan to Mary, World War I, 1916-1918","Place & Date Written","1916-1918","","","","France","Military history; Service; Correspondence","World War I, 1914-1918; Military Memorabilia; Death & Mourning; Soldiers' Comforts; Correspondence","","true"
"items/2126089","Postcard - 'France', Embroidered, Harry Shanahan to Mary, World War I, 1916-1918","Author (Probable)","","","","","","Military history; Service; Correspondence","World War I, 1914-1918; Military Memorabilia; Death & Mourning; Soldiers' Comforts; Correspondence","","true"
"items/2126089","Postcard - 'France', Embroidered, Harry Shanahan to Mary, World War I, 1916-1918","Place Printed","","Paris","","","France","Military history; Service; Correspondence","World War I, 1914-1918; Military Memorabilia; Death & Mourning; Soldiers' Comforts; Correspondence","","true"
"items/1454859","Postcard - Phar Lap, Photograph Album, E. Taylor, Holiday to Sydney, Canberra & Melbourne, 1938","Horse Depicted","1933","Melbourne","Greater Melbourne","Victoria","Australia","Museum history; Marketing & publicity; Souvenirs","Civic Mementoes; Exhibitions; Horse Racing; Horses; Museum History; Postcards; Racing Industry; Souvenirs; Sport; Tourism; Travel; Making History - Phar Lap","Phar Lap Collection","true"
"items/1454859","Postcard - Phar Lap, Photograph Album, E. Taylor, Holiday to Sydney, Canberra & Melbourne, 1938","Compiled By","1938","","","South Australia","Australia","Museum history; Marketing & publicity; Souvenirs","Civic Mementoes; Exhibitions; Horse Racing; Horses; Museum History; Postcards; Racing Industry; Souvenirs; Sport; Tourism; Travel; Making History - Phar Lap","Phar Lap Collection","true"
"items/2180498","Digital Image - Baker & Rouse Pty Ltd, Commemorative Postcard, 'Welcome Home' to JJ & Anna Rouse, Sydney, October 1906","Person Depicted","October 1906","Sydney","Greater Sydney","Victoria","Australia","Photography; Image types; Photographic postcards","Photography; Factories; Staff; Managers; Portraits; Postcards; Commemorations; Presentations; Travel; Shops; Offices","Kodak Heritage Collection","true"
"items/2180498","Digital Image - Baker & Rouse Pty Ltd, Commemorative Postcard, 'Welcome Home' to JJ & Anna Rouse, Sydney, October 1906","Person Depicted","Oct 1906","","","","","Photography; Image types; Photographic postcards","Photography; Factories; Staff; Managers; Portraits; Postcards; Commemorations; Presentations; Travel; Shops; Offices","Kodak Heritage Collection","true"
"items/2126180","Postcard - Portrait, Dave (David) Nairn, circa 1910-1915","Person Depicted","1910-1915","Ararat","","Victoria","Australia","Portraits; Male - individuals; Adult","Correspondence; Portraits","","true"
"items/2126180","Postcard - Portrait, Dave (David) Nairn, circa 1910-1915","Photographer","","","","","","Portraits; Male - individuals; Adult","Correspondence; Portraits","","true"
"items/1816204","Postcard - HMAS Australia, 'Nobody Loves to Fight With Me!', Donald McGill, 1914-1918","Place & Date Depicted","1914-1918","","","","","Military history; Souvenirs & mementoes; Postcards","Military Memorabilia; Naval Forces; Postcards; Seamen; Drawings; World War I, 1914-1918","Military Memorabilia Collection; Nowell Collection","true"
"items/1816204","Postcard - HMAS Australia, 'Nobody Loves to Fight With Me!', Donald McGill, 1914-1918","Artist","","","","","","Military history; Souvenirs & mementoes; Postcards","Military Memorabilia; Naval Forces; Postcards; Seamen; Drawings; World War I, 1914-1918","Military Memorabilia Collection; Nowell Collection","true"
"items/1816204","Postcard - HMAS Australia, 'Nobody Loves to Fight With Me!', Donald McGill, 1914-1918","Original Owner","","","","","","Military history; Souvenirs & mementoes; Postcards","Military Memorabilia; Naval Forces; Postcards; Seamen; Drawings; World War I, 1914-1918","Military Memorabilia Collection; Nowell Collection","true"
"items/1816204","Postcard - HMAS Australia, 'Nobody Loves to Fight With Me!', Donald McGill, 1914-1918","Publisher","","","","","","Military history; Souvenirs & mementoes; Postcards","Military Memorabilia; Naval Forces; Postcards; Seamen; Drawings; World War I, 1914-1918","Military Memorabilia Collection; Nowell Collection","true"
"items/1195194","Postcard - Graveyard, In Memory of Edgar James McCarthy, circa 1918","Person Named","1917-1922","","","","France","Military history; Service; War graves & burials","Death & Mourning; Graves; Militaria: Australian; Military Memorabilia; Postcards; Wars & Conflicts; World War I, 1914-1918","Military Memorabilia Collection; Returned and Services League (RSL) Collection","true"
"items/1195194","Postcard - Graveyard, In Memory of Edgar James McCarthy, circa 1918","Organisation Named","","","","","","Military history; Service; War graves & burials","Death & Mourning; Graves; Militaria: Australian; Military Memorabilia; Postcards; Wars & Conflicts; World War I, 1914-1918","Military Memorabilia Collection; Returned and Services League (RSL) Collection","true"
"items/2094456","Digital Image - Postcard, 'A Fag After a Fight', World War I, 1915-1919","Addressed To","1915-1919","","","","France","Military history; Service; Correspondence","World War I, 1914-1918; Humour; Smoking; Battles","","true"
"items/2094455","Digital Image - Postcard, 'If We Die Tomorrow', Humorous, World War I, 1914-1918","Addressed To","1915-1919","","","","France","Military history; Service; Correspondence","World War I, 1914-1918; Humour; Allegorical Art","","true"
"items/247031","Postcard - Commonwealth, One People, One Empire, One Destiny, Melbourne, 1901","Person Depicted","22 Feb 1901","","","Victoria","Australia","Public events; Federation; Promotional materials","Australian Federation, 1901; Celebrations; Civic Mementoes; Royalty: British; Souvenirs; Making History - Federation","Melbourne Collection","true"
"items/247031","Postcard - Commonwealth, One People, One Empire, One Destiny, Melbourne, 1901","Person Depicted","22 Feb 1901","","","","Australia","Public events; Federation; Promotional materials","Australian Federation, 1901; Celebrations; Civic Mementoes; Royalty: British; Souvenirs; Making History - Federation","Melbourne Collection","true"
"items/247031","Postcard - Commonwealth, One People, One Empire, One Destiny, Melbourne, 1901","Person Depicted","22 Feb 1901","","","","Australia","Public events; Federation; Promotional materials","Australian Federation, 1901; Celebrations; Civic Mementoes; Royalty: British; Souvenirs; Making History - Federation","Melbourne Collection","true"
"items/247031","Postcard - Commonwealth, One People, One Empire, One Destiny, Melbourne, 1901","Date Used","22 Feb 1901","Fitzroy","Greater Melbourne","Victoria","Australia","Public events; Federation; Promotional materials","Australian Federation, 1901; Celebrations; Civic Mementoes; Royalty: British; Souvenirs; Making History - Federation","Melbourne Collection","true"
"items/2299185","Postcard - Soliman Pasha Square, Cairo, 1967","Organisation Named","","","","","","Migration; Travel - shipboard life; Souvenirs","Travel; Immigration; British Immigration; Ship Memorabilia","","true"
"items/2299191","Postcard - Post Office, Port Said, Egypt, 1967","Organisation Named","","","","","","Migration; Travel - shipboard life; Souvenirs","Travel; Immigration; British Immigration; Ship Memorabilia","","true"
"items/2299192","Postcard - Fomad Street, Cairo, Egypt, 1967","Organisation Named","","","","","","Migration; Travel - shipboard life; Souvenirs","Travel; Immigration; British Immigration; Ship Memorabilia","","true"
"items/2484828","Postcard - Christian Holy Family, Tansa Eid, Melbourne, 1980s","Used By","","Melbourne","","Victoria","Australia","Migration; Settlement - employment; Tools & equipment","Lebanese Communities; Lebanese Immigration; Working Life; Working Conditions; Taxis; Taxi Services; Transport Workers; Racism; Weddings; Religions: Christianity","","true"
"items/1195512","Postcard - 'Paysage en Egypte', Edgar James McCarthy, World War I, 15 Jul 1916","Author","15 Jul 1916","","","","Egypt (British Forces)","Military history; Personal effects; Correspondence","Death & Mourning; Militaria: Australian; Military Memorabilia; Postcards; Wars & Conflicts; World War I, 1914-1918","Military Memorabilia Collection; Returned and Services League (RSL) Collection","true"
"items/1195512","Postcard - 'Paysage en Egypte', Edgar James McCarthy, World War I, 15 Jul 1916","Organisation Named","","","","","","Military history; Personal effects; Correspondence","Death & Mourning; Militaria: Australian; Military Memorabilia; Postcards; Wars & Conflicts; World War I, 1914-1918","Military Memorabilia Collection; Returned and Services League (RSL) Collection","true"
"items/2101907","Postcard - Basilica Notre Dame de la Garde, Marseille, Jan 1956","Collector","Jan 1956","Marseille","","","France","Migration; Travel - shipboard life; Souvenirs","English Immigration; British Immigration; Assisted Immigration; Shipping Lines; Shipboard Travel; Return Migration; Mental Health; Opticians; Children; Religions: Roman Catholic; Education; Working Life; Banks; Banking; Postcards; Souvenirs; Performers","","true"
"items/1720769","Postcard - Tarrant Motor Co, 'When Tarrant's Motors Came to Fairyland', Melbourne, Victoria, circa 1985","Publisher","circa 1985","Melbourne","Greater Melbourne","Victoria","Australia","Road transport; Motor vehicles; Advertising - motor cars","Advertising; Children's Folklore; Flowers; Illustrations; Insects; Motor Cars; Motor Vehicles; People","Museum History Collection","true"
"items/1720769","Postcard - Tarrant Motor Co, 'When Tarrant's Motors Came to Fairyland', Melbourne, Victoria, circa 1985","Other Association (See Comments)","1909","Melbourne","Greater Melbourne","Victoria","Australia","Road transport; Motor vehicles; Advertising - motor cars","Advertising; Children's Folklore; Flowers; Illustrations; Insects; Motor Cars; Motor Vehicles; People","Museum History Collection","true"
"items/1816174","Postcard - HMAS Australia, Rotary Photographic Series, 'The Only Girl I Ever Loved', 1914 -1918","Place & Date Depicted","1914-1918","","","","","Military history; Souvenirs & mementoes; Postcards","Military Memorabilia; Naval Forces; Postcards; Seamen; Portraits; Photographic Studios; World War I, 1914-1918","Military Memorabilia Collection; Nowell Collection","true"
"items/1816174","Postcard - HMAS Australia, Rotary Photographic Series, 'The Only Girl I Ever Loved', 1914 -1918","Original Owner","","","","","","Military history; Souvenirs & mementoes; Postcards","Military Memorabilia; Naval Forces; Postcards; Seamen; Portraits; Photographic Studios; World War I, 1914-1918","Military Memorabilia Collection; Nowell Collection","true"
"items/1816174","Postcard - HMAS Australia, Rotary Photographic Series, 'The Only Girl I Ever Loved', 1914 -1918","Organisation Named","","","","","","Military history; Souvenirs & mementoes; Postcards","Military Memorabilia; Naval Forces; Postcards; Seamen; Portraits; Photographic Studios; World War I, 1914-1918","Military Memorabilia Collection; Nowell Collection","true"
"items/1816187","Postcard - HMAS Australia, Rotary Photographic Series, 'Jack Ashore', 1914 -1918","Place & Date Depicted","1914-1918","","","","","Military history; Souvenirs & mementoes; Postcards","Military Memorabilia; Naval Forces; Postcards; Seamen; Portraits; Photographic Studios; World War I, 1914-1918","Military Memorabilia Collection; Nowell Collection","true"
"items/1816187","Postcard - HMAS Australia, Rotary Photographic Series, 'Jack Ashore', 1914 -1918","Original Owner","","","","","","Military history; Souvenirs & mementoes; Postcards","Military Memorabilia; Naval Forces; Postcards; Seamen; Portraits; Photographic Studios; World War I, 1914-1918","Military Memorabilia Collection; Nowell Collection","true"
"items/1816187","Postcard - HMAS Australia, Rotary Photographic Series, 'Jack Ashore', 1914 -1918","Organisation Named","","","","","","Military history; Souvenirs & mementoes; Postcards","Military Memorabilia; Naval Forces; Postcards; Seamen; Portraits; Photographic Studios; World War I, 1914-1918","Military Memorabilia Collection; Nowell Collection","true"
"items/1818985","Postcard - 'Form Fours You', England, circa 1919","Place & Date Depicted","circa 1919","","","","England, Great Britain","Military history; Souvenirs & mementoes; Postcards","Military Memorabilia; Postcards; Drawings; World War I, 1914-1918; Humour; Alcohol Abuse","Military Memorabilia Collection; Nowell Collection","true"
"items/1818985","Postcard - 'Form Fours You', England, circa 1919","Original Owner","","","","","","Military history; Souvenirs & mementoes; Postcards","Military Memorabilia; Postcards; Drawings; World War I, 1914-1918; Humour; Alcohol Abuse","Military Memorabilia Collection; Nowell Collection","true"
"items/1818985","Postcard - 'Form Fours You', England, circa 1919","Publisher","","","","","","Military history; Souvenirs & mementoes; Postcards","Military Memorabilia; Postcards; Drawings; World War I, 1914-1918; Humour; Alcohol Abuse","Military Memorabilia Collection; Nowell Collection","true"
"items/1406367","Postcard - From Japan To Setsutaro Hasegawa, Geelong, circa 1930s","Addressed To","circa 1930s","Geelong","","Victoria","Australia","Migration; Settlement - cultural & social life; Correspondence","Correspondence; Japanese Communities; Japanese Culture; Japanese Immigration","","true"
"items/1406367","Postcard - From Japan To Setsutaro Hasegawa, Geelong, circa 1930s","Place Depicted","circa 1930s","","","","Japan","Migration; Settlement - cultural & social life; Correspondence","Correspondence; Japanese Communities; Japanese Culture; Japanese Immigration","","true"
"items/263703","Postcard - Nu-Colour-Vue, Phar Lap on Display at Museum Victoria, 1986","Publisher","1986","","","","Australia","Museum history; Marketing & publicity; Souvenirs","Civic Mementoes; Exhibitions; Horse Racing; Museum History; Souvenirs; Making History - Phar Lap","Phar Lap Collection; Museum History Collection","true"
"items/826067","Postcard - Japanese Folk Scene, circa 1939","Place & Date Made","circa 1939","","","","Japan","Migration; Travel - shipboard life; Souvenirs","German Communities; German Immigration; Immigrant Shipping; Immigrant Voyages; Immigration; Japanese Communities; Japanese Immigration; Jewish Communities; Jewish Immigration; Postcards; Refugees; Ship Memorabilia; Shipboard Travel; Shipping Lines","","true"
"items/826067","Postcard - Japanese Folk Scene, circa 1939","User","1939","","","","","Migration; Travel - shipboard life; Souvenirs","German Communities; German Immigration; Immigrant Shipping; Immigrant Voyages; Immigration; Japanese Communities; Japanese Immigration; Jewish Communities; Jewish Immigration; Postcards; Refugees; Ship Memorabilia; Shipboard Travel; Shipping Lines","","true"
"items/826067","Postcard - Japanese Folk Scene, circa 1939","User","1939","","","","","Migration; Travel - shipboard life; Souvenirs","German Communities; German Immigration; Immigrant Shipping; Immigrant Voyages; Immigration; Japanese Communities; Japanese Immigration; Jewish Communities; Jewish Immigration; Postcards; Refugees; Ship Memorabilia; Shipboard Travel; Shipping Lines","","true"
"items/826068","Postcard - Japanese Folk Scene, circa 1939","Place & Date Made","circa 1939","","","","Japan","Migration; Travel - shipboard life; Souvenirs","German Communities; German Immigration; Immigrant Shipping; Immigrant Voyages; Immigration; Japanese Communities; Japanese Immigration; Jewish Communities; Jewish Immigration; Postcards; Refugees; Ship Memorabilia; Shipboard Travel; Shipping Lines","","true"
"items/826068","Postcard - Japanese Folk Scene, circa 1939","User","1939","","","","","Migration; Travel - shipboard life; Souvenirs","German Communities; German Immigration; Immigrant Shipping; Immigrant Voyages; Immigration; Japanese Communities; Japanese Immigration; Jewish Communities; Jewish Immigration; Postcards; Refugees; Ship Memorabilia; Shipboard Travel; Shipping Lines","","true"
"items/826068","Postcard - Japanese Folk Scene, circa 1939","User","1939","","","","","Migration; Travel - shipboard life; Souvenirs","German Communities; German Immigration; Immigrant Shipping; Immigrant Voyages; Immigration; Japanese Communities; Japanese Immigration; Jewish Communities; Jewish Immigration; Postcards; Refugees; Ship Memorabilia; Shipboard Travel; Shipping Lines","","true"
"items/826069","Postcard - Japanese Folk Scene, circa 1939","Place & Date Made","circa 1939","","","","Japan","Migration; Travel - shipboard life; Souvenirs","German Communities; German Immigration; Immigrant Shipping; Immigrant Voyages; Immigration; Japanese Communities; Japanese Immigration; Jewish Communities; Jewish Immigration; Postcards; Refugees; Ship Memorabilia; Shipboard Travel; Shipping Lines","","true"
"items/826069","Postcard - Japanese Folk Scene, circa 1939","User","1939","","","","","Migration; Travel - shipboard life; Souvenirs","German Communities; German Immigration; Immigrant Shipping; Immigrant Voyages; Immigration; Japanese Communities; Japanese Immigration; Jewish Communities; Jewish Immigration; Postcards; Refugees; Ship Memorabilia; Shipboard Travel; Shipping Lines","","true"
"items/826069","Postcard - Japanese Folk Scene, circa 1939","User","1939","","","","","Migration; Travel - shipboard life; Souvenirs","German Communities; German Immigration; Immigrant Shipping; Immigrant Voyages; Immigration; Japanese Communities; Japanese Immigration; Jewish Communities; Jewish Immigration; Postcards; Refugees; Ship Memorabilia; Shipboard Travel; Shipping Lines","","true"
"items/826070","Postcard - Japanese Folk Scene, circa 1939","Place & Date Made","circa 1939","","","","Japan","Migration; Travel - shipboard life; Souvenirs","German Communities; German Immigration; Immigrant Shipping; Immigrant Voyages; Immigration; Japanese Communities; Japanese Immigration; Jewish Communities; Jewish Immigration; Postcards; Refugees; Ship Memorabilia; Shipboard Travel; Shipping Lines","","true"
"items/826070","Postcard - Japanese Folk Scene, circa 1939","User","1939","","","","","Migration; Travel - shipboard life; Souvenirs","German Communities; German Immigration; Immigrant Shipping; Immigrant Voyages; Immigration; Japanese Communities; Japanese Immigration; Jewish Communities; Jewish Immigration; Postcards; Refugees; Ship Memorabilia; Shipboard Travel; Shipping Lines","","true"
"items/826070","Postcard - Japanese Folk Scene, circa 1939","User","1939","","","","","Migration; Travel - shipboard life; Souvenirs","German Communities; German Immigration; Immigrant Shipping; Immigrant Voyages; Immigration; Japanese Communities; Japanese Immigration; Jewish Communities; Jewish Immigration; Postcards; Refugees; Ship Memorabilia; Shipboard Travel; Shipping Lines","","true"
"items/826061","Postcard - Japanese Folk Scene, circa 1939","Place & Date Made","circa 1939","","","","Japan","Migration; Travel - shipboard life; Souvenirs","German Communities; German Immigration; Immigrant Shipping; Immigrant Voyages; Immigration; Japanese Communities; Japanese Immigration; Jewish Communities; Jewish Immigration; Postcards; Refugees; Ship Memorabilia; Shipboard Travel; Shipping Lines","","true"
"items/826061","Postcard - Japanese Folk Scene, circa 1939","User","1939","","","","","Migration; Travel - shipboard life; Souvenirs","German Communities; German Immigration; Immigrant Shipping; Immigrant Voyages; Immigration; Japanese Communities; Japanese Immigration; Jewish Communities; Jewish Immigration; Postcards; Refugees; Ship Memorabilia; Shipboard Travel; Shipping Lines","","true"
"items/826061","Postcard - Japanese Folk Scene, circa 1939","User","1939","","","","","Migration; Travel - shipboard life; Souvenirs","German Communities; German Immigration; Immigrant Shipping; Immigrant Voyages; Immigration; Japanese Communities; Japanese Immigration; Jewish Communities; Jewish Immigration; Postcards; Refugees; Ship Memorabilia; Shipboard Travel; Shipping Lines","","true"
"items/379374","Postcard - 'Quartier Saint-Vincent pris de la Jetèe nord', Le Havre, France, Lance Corporal John Peile to Parents, 2 Sep 1917","Author","2 Sep 1917","","","","","Military history; Service","World War I, 1914-1918; World War II, 1939-1945","Returned and Services League (RSL) Collection","true"
"items/379374","Postcard - 'Quartier Saint-Vincent pris de la Jetèe nord', Le Havre, France, Lance Corporal John Peile to Parents, 2 Sep 1917","Place Depicted","1914-1917","Le Havre","","","France","Military history; Service","World War I, 1914-1918; World War II, 1939-1945","Returned and Services League (RSL) Collection","true"
"items/802714","Postcard - 'A Happy Xmas, St Kilda & Brighton Electric Car', circa 1910","Place & Date Depicted","circa 1910","St Kilda","Greater Melbourne","Victoria","Australia","Rail transport; Electric tramways; Electric trams","Trams; Christmas Cards","Norm De Pomeroy Collection","true"
"items/1699602","Postcard - 'Graveyard at Suvla', Gallipoli, Private John Lord, World War I, 1915","Place & Date Depicted","circa 1915","Gallipoli Peninsula","Dardanelles","","Turkey","Military history; Service; War graves & burials","Australian Army; Militaria: Australian; Military Memorabilia; Wars & Conflicts; World War I, 1914-1918","Military Memorabilia Collection; John Lord Collection; Returned and Services League (RSL) Collection","true"
"items/1699602","Postcard - 'Graveyard at Suvla', Gallipoli, Private John Lord, World War I, 1915","Previous Owner","","","","","","Military history; Service; War graves & burials","Australian Army; Militaria: Australian; Military Memorabilia; Wars & Conflicts; World War I, 1914-1918","Military Memorabilia Collection; John Lord Collection; Returned and Services League (RSL) Collection","true"
"items/1454805","Postcard -  Kodak Australasia Pty Ltd, Aerial View of Kodak Factory, Coburg, circa 1965","Organisation Depicted","circa 1965","Coburg","Greater Melbourne","Victoria","Australia","Manufacturing & industry; Photographic products; Factory exterior views","Buildings; Car Parks; Cars; Chimneys; Cooling Towers; Factories; Manufacturing Plants; Photography; Making History - Kodak Collection","Kodak Heritage Collection","true"
"items/1454805","Postcard -  Kodak Australasia Pty Ltd, Aerial View of Kodak Factory, Coburg, circa 1965","Place & Date Depicted","circa 1965","Coburg","Greater Melbourne","Victoria","Australia","Manufacturing & industry; Photographic products; Factory exterior views","Buildings; Car Parks; Cars; Chimneys; Cooling Towers; Factories; Manufacturing Plants; Photography; Making History - Kodak Collection","Kodak Heritage Collection","true"
"items/1454807","Postcard -  Kodak Australasia Pty Ltd, Aerial View of Kodak Factory, Coburg, circa 1965","Organisation Depicted","circa 1965","Coburg","Greater Melbourne","Victoria","Australia","Manufacturing & industry; Photographic products; Factory exterior views","Buildings; Car Parks; Cars; Chimneys; Cooling Towers; Factories; Manufacturing Plants; Photography; Making History - Kodak Collection","Kodak Heritage Collection","true"
"items/1454807","Postcard -  Kodak Australasia Pty Ltd, Aerial View of Kodak Factory, Coburg, circa 1965","Place & Date Depicted","circa 1965","Coburg","Greater Melbourne","Victoria","Australia","Manufacturing & industry; Photographic products; Factory exterior views","Buildings; Car Parks; Cars; Chimneys; Cooling Towers; Factories; Manufacturing Plants; Photography; Making History - Kodak Collection","Kodak Heritage Collection","true"
"items/1454811","Postcard -  Kodak Australasia Pty Ltd, Aerial View of Kodak Factory, Coburg, circa 1965","Organisation Depicted","Apr 1961","Coburg","Greater Melbourne","Victoria","Australia","Manufacturing & industry; Photographic products; Factory exterior views","Buildings; Car Parks; Cars; Chimneys; Cooling Towers; Factories; Manufacturing Plants; Photography; Making History - Kodak Collection","Kodak Heritage Collection","true"
"items/1454811","Postcard -  Kodak Australasia Pty Ltd, Aerial View of Kodak Factory, Coburg, circa 1965","Place & Date Depicted","Apr 1961","Coburg","Greater Melbourne","Victoria","Australia","Manufacturing & industry; Photographic products; Factory exterior views","Buildings; Car Parks; Cars; Chimneys; Cooling Towers; Factories; Manufacturing Plants; Photography; Making History - Kodak Collection","Kodak Heritage Collection","true"
"items/1815972","Postcard - HMAS Australia, 'Best Easter Wishes' 1914-1918","Place & Date Depicted","1914 - 1918","","","Victoria","Australia","Military history; Service; Souvenirs","Military Memorabilia; Naval Forces; Drawings; Paintings; Art; Cards; Easter; World War I, 1914-1918","Military Memorabilia Collection; Nowell Collection","true"
"items/1815976","Postcard - HMAS Australia, 'Snowball' a Duck, 1914-1918","Place & Date Depicted","1914 - 1918","","","Victoria","Australia","Military history; Service; Souvenirs","Military Memorabilia; Naval Forces; Drawings; Paintings; Art; Cards; Ducks; World War I, 1914-1918","Military Memorabilia Collection; Nowell Collection","true"
"items/1815976","Postcard - HMAS Australia, 'Snowball' a Duck, 1914-1918","Person Named","","","","","","Military history; Service; Souvenirs","Military Memorabilia; Naval Forces; Drawings; Paintings; Art; Cards; Ducks; World War I, 1914-1918","Military Memorabilia Collection; Nowell Collection","true"
"items/1547935","Postcard - Swift Motor Car with Passengers, Victoria, 1910s","Place & Date Depicted","1910-1920","Goulburn Valley","","Victoria","Australia","Road transport; Motor vehicles; Motor cars","Bushland; Dogs; Motor Cars; Motor Vehicles; People","State Electricity Commission of Victoria (SECV) Collection","true"
"items/1547989","Postcard - 'Queen of Liberty's Car', Alexandra, 9 Apr 1917","Place & Date Depicted","09 Apr 1917","Alexandra","","Victoria","Australia","Agriculture & rural life; Community activity; Competitions","Carnivals; Competitions; Festivals; Motor Cars; Pageants; Parades; Rural Victoria","State Electricity Commission of Victoria (SECV) Collection","true"
"items/1547991","Postcard - 'Queen of Liberty's Car', Alexandra, 9 Apr 1917","Place & Date Depicted","09 Apr 1917","Alexandra","","Victoria","Australia","Agriculture & rural life; Community activity; Competitions","Carnivals; Competitions; Festivals; Motor Cars; Pageants; Parades; Rural Victoria","State Electricity Commission of Victoria (SECV) Collection","true"
"items/788333","Postcard - Walhalla, Victoria, Mar 1910","Place & Date Depicted","15 Mar 1910","Walhalla","Gippsland","Victoria","Australia","Rail transport","Freights; Horsedrawn Vehicles; Horses; Mines; Mining; Railway Lines; Roads; Steam Railway Locomotives; Trains","Rodda Collection","true"
"items/795472","Postcard - 'Railway Station, Emerald', circa 1910","Place & Date Depicted","circa 1910","Emerald","Greater Melbourne","Victoria","Australia","Rail transport; Railway infrastructure - stations; Passengers","Railway Stations; Railway Wagons; Steam Railway Locomotives","Norm De Pomeroy Collection","true"
"items/802610","Postcard - Excursion Train Crossing Thomson River, Walhalla, circa 1920","Place & Date Depicted","circa 1920","Walhalla","Gippsland","Victoria","Australia","Rail transport; Railway operations; Tourism","Railway Bridges; Railway Carriages; Railway Wagons; Steam Railway Locomotives","Norm De Pomeroy Collection","true"
"items/2126151","Postcard - Will Nairn to Sister Sarah Jackson, Brisbane, circa 1907","Place & Date Depicted","circa 1907","Brisbane","","Queensland","Australia","Recreation & tourism; Travel; Correspondence","Correspondence; World War I, 1914-1918","","true"
"items/2126151","Postcard - Will Nairn to Sister Sarah Jackson, Brisbane, circa 1907","Author","","","","","","Recreation & tourism; Travel; Correspondence","Correspondence; World War I, 1914-1918","","true"
"items/2126151","Postcard - Will Nairn to Sister Sarah Jackson, Brisbane, circa 1907","Publisher","circa 1907","Sydney","","New South Wales","Australia","Recreation & tourism; Travel; Correspondence","Correspondence; World War I, 1914-1918","","true"
"items/2126151","Postcard - Will Nairn to Sister Sarah Jackson, Brisbane, circa 1907","Addressed To","","","","","","Recreation & tourism; Travel; Correspondence","Correspondence; World War I, 1914-1918","","true"
"items/388470","Postcard - Australian Serviceman, Artillery, 1st AIF, World War I, 19 Mar 1916","Date Written","19 Mar 1916","","","","","Military history; Service; Portraits","Australian Military Forces; Militaria: Australian; Military Memorabilia; Military Uniforms; Portraits; World War I, 1914-1918","Military Memorabilia Collection","true"
"items/388470","Postcard - Australian Serviceman, Artillery, 1st AIF, World War I, 19 Mar 1916","Place Depicted","","Cairo","","","Egypt","Military history; Service; Portraits","Australian Military Forces; Militaria: Australian; Military Memorabilia; Military Uniforms; Portraits; World War I, 1914-1918","Military Memorabilia Collection","true"
"items/806152","Postcard - Wonsam (bridal robe), Immigration Museum, circa 1999","Publisher","1999","Melbourne","","Victoria","Australia","Museum history; Marketing & publicity; Souvenirs","Advertising; Cultural Traditions; Museum History; Museum Victoria Exhibitions; Postcards; Publicity Material; Textiles","","true"
"items/806152","Postcard - Wonsam (bridal robe), Immigration Museum, circa 1999","Place & Date of Event","10 Oct 1999 - 27 Feb 2000","Melbourne","","Victoria","Australia","Museum history; Marketing & publicity; Souvenirs","Advertising; Cultural Traditions; Museum History; Museum Victoria Exhibitions; Postcards; Publicity Material; Textiles","","true"
"items/806152","Postcard - Wonsam (bridal robe), Immigration Museum, circa 1999","Other Association (See Comments)","","","","","Korea","Museum history; Marketing & publicity; Souvenirs","Advertising; Cultural Traditions; Museum History; Museum Victoria Exhibitions; Postcards; Publicity Material; Textiles","","true"
"items/809149","Postcard - Wonsam (bridal robe), Immigration Museum, circa 1999","Publisher","1999","Melbourne","","Victoria","Australia","Museum history; Marketing & publicity; Souvenirs","Advertising; Cultural Traditions; Museum History; Museum Victoria Exhibitions; Postcards; Publicity Material; Textiles","","true"
"items/809149","Postcard - Wonsam (bridal robe), Immigration Museum, circa 1999","Place & Date of Event","10 Oct 1999 - 27 Feb 2000","Melbourne","","Victoria","Australia","Museum history; Marketing & publicity; Souvenirs","Advertising; Cultural Traditions; Museum History; Museum Victoria Exhibitions; Postcards; Publicity Material; Textiles","","true"
"items/809149","Postcard - Wonsam (bridal robe), Immigration Museum, circa 1999","Other Association (See Comments)","","","","","Korea","Museum history; Marketing & publicity; Souvenirs","Advertising; Cultural Traditions; Museum History; Museum Victoria Exhibitions; Postcards; Publicity Material; Textiles","","true"
"items/809151","Postcard - Tribute to Jamaica, Immigration Museum, circa 2001","Publisher","2001","Melbourne","","Victoria","Australia","Museum history; Marketing & publicity; Souvenirs","Advertising; Artists; Cultural Identity; Museum History; Museum Victoria Exhibitions; Photographic Exhibitions; Photography; Postcards; Publicity Material","","true"
"items/809151","Postcard - Tribute to Jamaica, Immigration Museum, circa 2001","Place & Date of Event","21 Mar 2001 - 6 May 2001","Melbourne","","Victoria","Australia","Museum history; Marketing & publicity; Souvenirs","Advertising; Artists; Cultural Identity; Museum History; Museum Victoria Exhibitions; Photographic Exhibitions; Photography; Postcards; Publicity Material","","true"
"items/809151","Postcard - Tribute to Jamaica, Immigration Museum, circa 2001","Other Association (See Comments)","","St Kilda","","Victoria","Australia","Museum history; Marketing & publicity; Souvenirs","Advertising; Artists; Cultural Identity; Museum History; Museum Victoria Exhibitions; Photographic Exhibitions; Photography; Postcards; Publicity Material","","true"
"items/263226","Cardboard Folder - Postcards, Carabinieri by Giovanni Fattori, circa 1990","Place & Date Made","circa 1990","Rome","","","Italy","Migration; Travel - brought goods; Mementoes","Correspondence; Italian Art; Italian Communities; Italian Immigration; Military Forces; Police; Postcards","","true"
"items/263226","Cardboard Folder - Postcards, Carabinieri by Giovanni Fattori, circa 1990","Printer","circa 1990","Rome","","","Italy","Migration; Travel - brought goods; Mementoes","Correspondence; Italian Art; Italian Communities; Italian Immigration; Military Forces; Police; Postcards","","true"
"items/263226","Cardboard Folder - Postcards, Carabinieri by Giovanni Fattori, circa 1990","Other Association (See Comments)","1876-1906","Florence","","Tuscany","Italy","Migration; Travel - brought goods; Mementoes","Correspondence; Italian Art; Italian Communities; Italian Immigration; Military Forces; Police; Postcards","","true"
"items/1398844","Postcard - 'Market Near the Sultan Hassan Mosk', The Cairo Postcard Trust, 26 Mar 1915","Place & Date Written","26 Mar 1915","Mena Camp","","","Egypt","Military history; Personal effects; Correspondence","Markets; Mosques; Postcards; Wars & Conflicts; World War I, 1914-1918","Captain F.S. Laurie Collection","true"
"items/1398844","Postcard - 'Market Near the Sultan Hassan Mosk', The Cairo Postcard Trust, 26 Mar 1915","Author","","","","","","Military history; Personal effects; Correspondence","Markets; Mosques; Postcards; Wars & Conflicts; World War I, 1914-1918","Captain F.S. Laurie Collection","true"
"items/263221","Postcard - Carabiniere and laundresses, circa 1990s","Place & Date Made","circa 1990","Rome","","","Italy","Migration; Travel - brought goods; Mementoes","Correspondence; Essential Services; Italian Art; Italian Communities; Italian Immigration; Italian Police; Military Forces; Police; Postcards","","true"
"items/263221","Postcard - Carabiniere and laundresses, circa 1990s","Printer","circa 1990","Rome","","","Italy","Migration; Travel - brought goods; Mementoes","Correspondence; Essential Services; Italian Art; Italian Communities; Italian Immigration; Italian Police; Military Forces; Police; Postcards","","true"
"items/263221","Postcard - Carabiniere and laundresses, circa 1990s","Other Association (See Comments)","1880","Florence","","Tuscany","Italy","Migration; Travel - brought goods; Mementoes","Correspondence; Essential Services; Italian Art; Italian Communities; Italian Immigration; Italian Police; Military Forces; Police; Postcards","","true"
"items/263225","Postcard - Review at Campo di Marte , circa 1990s","Place & Date Made","circa 1990","Rome","","","Italy","Migration; Travel - brought goods; Mementoes","Correspondence; Essential Services; Italian Art; Italian Communities; Italian Immigration; Italian Police; Military Forces; Police; Postcards","","true"
"items/263225","Postcard - Review at Campo di Marte , circa 1990s","Printer","circa 1990","Rome","","","Italy","Migration; Travel - brought goods; Mementoes","Correspondence; Essential Services; Italian Art; Italian Communities; Italian Immigration; Italian Police; Military Forces; Police; Postcards","","true"
"items/263225","Postcard - Review at Campo di Marte , circa 1990s","Other Association (See Comments)","1885","Florence","","Tuscany","Italy","Migration; Travel - brought goods; Mementoes","Correspondence; Essential Services; Italian Art; Italian Communities; Italian Immigration; Italian Police; Military Forces; Police; Postcards","","true"
"items/263220","Postcard - Carabinieri riding in Maremma, circa 1990s","Place & Date Made","circa 1990","Rome","","","Italy","Migration; Travel - brought goods; Mementoes","Correspondence; Essential Services; Italian Art; Italian Communities; Italian Immigration; Italian Police; Military Forces; Police; Postcards","","true"
"items/263220","Postcard - Carabinieri riding in Maremma, circa 1990s","Printer","circa 1990","Rome","","","Italy","Migration; Travel - brought goods; Mementoes","Correspondence; Essential Services; Italian Art; Italian Communities; Italian Immigration; Italian Police; Military Forces; Police; Postcards","","true"
"items/263220","Postcard - Carabinieri riding in Maremma, circa 1990s","Other Association (See Comments)","1890","Florence","","Tuscany","Italy","Migration; Travel - brought goods; Mementoes","Correspondence; Essential Services; Italian Art; Italian Communities; Italian Immigration; Italian Police; Military Forces; Police; Postcards","","true"
"items/263222","Postcard - Carabinieri and boys, circa 1990s","Place & Date Made","circa 1990","Rome","","","Italy","Migration; Travel - brought goods; Mementoes","Correspondence; Essential Services; Italian Art; Italian Communities; Italian Immigration; Italian Police; Military Forces; Police; Postcards","","true"
"items/263222","Postcard - Carabinieri and boys, circa 1990s","Printer","circa 1990","Rome","","","Italy","Migration; Travel - brought goods; Mementoes","Correspondence; Essential Services; Italian Art; Italian Communities; Italian Immigration; Italian Police; Military Forces; Police; Postcards","","true"
"items/263222","Postcard - Carabinieri and boys, circa 1990s","Other Association (See Comments)","1900","Florence","","Tuscany","Italy","Migration; Travel - brought goods; Mementoes","Correspondence; Essential Services; Italian Art; Italian Communities; Italian Immigration; Italian Police; Military Forces; Police; Postcards","","true"
"items/263217","Postcard - Carabinieri & Lancer, circa 1990s","Place & Date Made","circa 1990","Rome","","","Italy","Migration; Travel - brought goods; Mementoes","Correspondence; Essential Services; Italian Art; Italian Communities; Italian Immigration; Italian Police; Military Forces; Police; Postcards","","true"
"items/263217","Postcard - Carabinieri & Lancer, circa 1990s","Printer","circa 1990","Rome","","","Italy","Migration; Travel - brought goods; Mementoes","Correspondence; Essential Services; Italian Art; Italian Communities; Italian Immigration; Italian Police; Military Forces; Police; Postcards","","true"
"items/263217","Postcard - Carabinieri & Lancer, circa 1990s","Other Association (See Comments)","1906","Florence","","Tuscany","Italy","Migration; Travel - brought goods; Mementoes","Correspondence; Essential Services; Italian Art; Italian Communities; Italian Immigration; Italian Police; Military Forces; Police; Postcards","","true"
"items/1722042","Postcard - 'Field Service Post Card', 1st Australian Infantry Brigade Field P.O., World War I, 31 May 1915","Publisher","1914","","","","Australia","Military history; Service; Correspondence","Patriotism; Postcards; World War I, 1914-1918","","true"
"items/1722042","Postcard - 'Field Service Post Card', 1st Australian Infantry Brigade Field P.O., World War I, 31 May 1915","Recipient","1915","Melbourne","","Victoria","Australia","Military history; Service; Correspondence","Patriotism; Postcards; World War I, 1914-1918","","true"
"items/1722042","Postcard - 'Field Service Post Card', 1st Australian Infantry Brigade Field P.O., World War I, 31 May 1915","Date Inscribed","31 May 1915","","","","","Military history; Service; Correspondence","Patriotism; Postcards; World War I, 1914-1918","","true"
"items/1722042","Postcard - 'Field Service Post Card', 1st Australian Infantry Brigade Field P.O., World War I, 31 May 1915","Date Inscribed","16 Jul 1915","","","","","Military history; Service; Correspondence","Patriotism; Postcards; World War I, 1914-1918","","true"
"items/1722042","Postcard - 'Field Service Post Card', 1st Australian Infantry Brigade Field P.O., World War I, 31 May 1915","","Place","Gallipoli Peninsula","","","Turkey","Military history; Service; Correspondence","Patriotism; Postcards; World War I, 1914-1918","","true"
"items/2126178","Postcard - Portrait, William (Bill) Nairn, circa 1910-1915","Person Depicted","1910-1915","","","","","Military history; Service; Correspondence","World War I, 1914-1918; Military Memorabilia; Death & Mourning; Correspondence; Portraits","","true"
"items/2126178","Postcard - Portrait, William (Bill) Nairn, circa 1910-1915","Maker","","Ararat","","Victoria","Australia","Military history; Service; Correspondence","World War I, 1914-1918; Military Memorabilia; Death & Mourning; Correspondence; Portraits","","true"
"items/263228","Postcard - Carabiniere on a Horse, circa 1990s","Place & Date Made","circa 1990","Rome","","","Italy","Migration; Travel - brought goods; Mementoes","Correspondence; Essential Services; Italian Art; Italian Communities; Italian Immigration; Italian Police; Military Forces; Police; Postcards","","true"
"items/263228","Postcard - Carabiniere on a Horse, circa 1990s","Printer","circa 1990","Rome","","","Italy","Migration; Travel - brought goods; Mementoes","Correspondence; Essential Services; Italian Art; Italian Communities; Italian Immigration; Italian Police; Military Forces; Police; Postcards","","true"
"items/263228","Postcard - Carabiniere on a Horse, circa 1990s","Other Association (See Comments)","1890","Florence","","Tuscany","Italy","Migration; Travel - brought goods; Mementoes","Correspondence; Essential Services; Italian Art; Italian Communities; Italian Immigration; Italian Police; Military Forces; Police; Postcards","","true"
"items/263230","Postcard - Carabiniere on patrol, circa 1990s","Place & Date Made","circa 1990","Rome","","","Italy","Migration; Travel - brought goods; Mementoes","Correspondence; Essential Services; Italian Art; Italian Communities; Italian Immigration; Italian Police; Military Forces; Police; Postcards","","true"
"items/263230","Postcard - Carabiniere on patrol, circa 1990s","Printer","circa 1990","Rome","","","Italy","Migration; Travel - brought goods; Mementoes","Correspondence; Essential Services; Italian Art; Italian Communities; Italian Immigration; Italian Police; Military Forces; Police; Postcards","","true"
"items/263230","Postcard - Carabiniere on patrol, circa 1990s","Other Association (See Comments)","1900","Florence","","Tuscany","Italy","Migration; Travel - brought goods; Mementoes","Correspondence; Essential Services; Italian Art; Italian Communities; Italian Immigration; Italian Police; Military Forces; Police; Postcards","","true"
"items/263229","Postcard - Carabiniere on patrol, circa 1990s","Place & Date Made","circa 1990","Rome","","","Italy","Migration; Travel - brought goods; Mementoes","Correspondence; Essential Services; Italian Art; Italian Communities; Italian Immigration; Italian Police; Military Forces; Police; Postcards","","true"
"items/263229","Postcard - Carabiniere on patrol, circa 1990s","Printer","circa 1990","Rome","","","Italy","Migration; Travel - brought goods; Mementoes","Correspondence; Essential Services; Italian Art; Italian Communities; Italian Immigration; Italian Police; Military Forces; Police; Postcards","","true"
"items/263229","Postcard - Carabiniere on patrol, circa 1990s","Other Association (See Comments)","1890","Florence","","Tuscany","Italy","Migration; Travel - brought goods; Mementoes","Correspondence; Essential Services; Italian Art; Italian Communities; Italian Immigration; Italian Police; Military Forces; Police; Postcards","","true"
"items/263231","Postcard - Carabiniere in a snowy street, circa 1990s","Place & Date Made","circa 1990","Rome","","","Italy","Migration; Travel - brought goods; Mementoes","Correspondence; Essential Services; Italian Art; Italian Communities; Italian Immigration; Italian Police; Military Forces; Police; Postcards","","true"
"items/263231","Postcard - Carabiniere in a snowy street, circa 1990s","Printer","circa 1990","Rome","","","Italy","Migration; Travel - brought goods; Mementoes","Correspondence; Essential Services; Italian Art; Italian Communities; Italian Immigration; Italian Police; Military Forces; Police; Postcards","","true"
"items/263231","Postcard - Carabiniere in a snowy street, circa 1990s","Other Association (See Comments)","1890","Florence","","Tuscany","Italy","Migration; Travel - brought goods; Mementoes","Correspondence; Essential Services; Italian Art; Italian Communities; Italian Immigration; Italian Police; Military Forces; Police; Postcards","","true"
"items/263223","Postcard - The arrest, circa 1990s","Place & Date Made","circa 1990","Rome","","","Italy","Migration; Travel - brought goods; Mementoes","Correspondence; Essential Services; Italian Art; Italian Communities; Italian Immigration; Italian Police; Military Forces; Police; Postcards","","true"
"items/263223","Postcard - The arrest, circa 1990s","Printer","circa 1990","Rome","","","Italy","Migration; Travel - brought goods; Mementoes","Correspondence; Essential Services; Italian Art; Italian Communities; Italian Immigration; Italian Police; Military Forces; Police; Postcards","","true"
"items/263223","Postcard - The arrest, circa 1990s","Other Association (See Comments)","1890","Florence","","Tuscany","Italy","Migration; Travel - brought goods; Mementoes","Correspondence; Essential Services; Italian Art; Italian Communities; Italian Immigration; Italian Police; Military Forces; Police; Postcards","","true"
"items/263219","Postcard - Carabinieri on watch, circa 1990s","Place & Date Made","circa 1990","Rome","","","Italy","Migration; Travel - brought goods; Mementoes","Correspondence; Essential Services; Italian Art; Italian Communities; Italian Immigration; Italian Police; Military Forces; Police; Postcards","","true"
"items/263219","Postcard - Carabinieri on watch, circa 1990s","Printer","circa 1990","Rome","","","Italy","Migration; Travel - brought goods; Mementoes","Correspondence; Essential Services; Italian Art; Italian Communities; Italian Immigration; Italian Police; Military Forces; Police; Postcards","","true"
"items/263219","Postcard - Carabinieri on watch, circa 1990s","Other Association (See Comments)","1899","Florence","","Tuscany","Italy","Migration; Travel - brought goods; Mementoes","Correspondence; Essential Services; Italian Art; Italian Communities; Italian Immigration; Italian Police; Military Forces; Police; Postcards","","true"
"items/263218","Postcard - Carabinieri on patrol, circa 1990s","Place & Date Made","circa 1990","Rome","","","Italy","Migration; Travel - brought goods; Mementoes","Correspondence; Essential Services; Italian Art; Italian Communities; Italian Immigration; Italian Police; Military Forces; Police; Postcards","","true"
"items/263218","Postcard - Carabinieri on patrol, circa 1990s","Printer","circa 1990","Rome","","","Italy","Migration; Travel - brought goods; Mementoes","Correspondence; Essential Services; Italian Art; Italian Communities; Italian Immigration; Italian Police; Military Forces; Police; Postcards","","true"
"items/263218","Postcard - Carabinieri on patrol, circa 1990s","Other Association (See Comments)","1888","Florence","","Tuscany","Italy","Migration; Travel - brought goods; Mementoes","Correspondence; Essential Services; Italian Art; Italian Communities; Italian Immigration; Italian Police; Military Forces; Police; Postcards","","true"
"items/263224","Postcard - Return to barracks, circa 1990s","Place & Date Made","circa 1990","Rome","","","Italy","Migration; Travel - brought goods; Mementoes","Correspondence; Essential Services; Italian Art; Italian Communities; Italian Immigration; Italian Police; Military Forces; Police; Postcards","","true"
"items/263224","Postcard - Return to barracks, circa 1990s","Printer","circa 1990","Rome","","","Italy","Migration; Travel - brought goods; Mementoes","Correspondence; Essential Services; Italian Art; Italian Communities; Italian Immigration; Italian Police; Military Forces; Police; Postcards","","true"
"items/263224","Postcard - Return to barracks, circa 1990s","Other Association (See Comments)","1886","Florence","","Tuscany","Italy","Migration; Travel - brought goods; Mementoes","Correspondence; Essential Services; Italian Art; Italian Communities; Italian Immigration; Italian Police; Military Forces; Police; Postcards","","true"
"items/263233","Postcard - Carabiniere in a Horse Race, circa 1990s","Place & Date Made","circa 1990","Rome","","","Italy","Migration; Travel - brought goods; Mementoes","Correspondence; Essential Services; Italian Art; Italian Communities; Italian Immigration; Italian Police; Military Forces; Police; Postcards","","true"
"items/263233","Postcard - Carabiniere in a Horse Race, circa 1990s","Printer","circa 1990","Rome","","","Italy","Migration; Travel - brought goods; Mementoes","Correspondence; Essential Services; Italian Art; Italian Communities; Italian Immigration; Italian Police; Military Forces; Police; Postcards","","true"
"items/263233","Postcard - Carabiniere in a Horse Race, circa 1990s","Other Association (See Comments)","1887","Florence","","Tuscany","Italy","Migration; Travel - brought goods; Mementoes","Correspondence; Essential Services; Italian Art; Italian Communities; Italian Immigration; Italian Police; Military Forces; Police; Postcards","","true"
"items/263232","Postcard - Carabiniere on patrol, circa 1990s","Place & Date Made","circa 1990","Rome","","","Italy","Migration; Travel - brought goods; Mementoes","Correspondence; Essential Services; Italian Art; Italian Communities; Italian Immigration; Italian Police; Military Forces; Police; Postcards","","true"
"items/263232","Postcard - Carabiniere on patrol, circa 1990s","Printer","circa 1990","Rome","","","Italy","Migration; Travel - brought goods; Mementoes","Correspondence; Essential Services; Italian Art; Italian Communities; Italian Immigration; Italian Police; Military Forces; Police; Postcards","","true"
"items/263232","Postcard - Carabiniere on patrol, circa 1990s","Other Association (See Comments)","1880","Florence","","Tuscany","Italy","Migration; Travel - brought goods; Mementoes","Correspondence; Essential Services; Italian Art; Italian Communities; Italian Immigration; Italian Police; Military Forces; Police; Postcards","","true"
"items/1962079","Postcard - Grand Harbour, Valletta, Malta, circa 1959","Past Owner & User","circa 1959","","","","","Migration; Orientation; Promotional materials","Austrian Immigration; Post War Migration; Shipboard Travel; Souvenirs","","true"
"items/2126101","Postcard - Floral, Embroidered, Likely Will (Bill) Nairn to Mother or Sister, 1917-1918","Place & Date Written","1917-1918","","","","France","Military history; Service; Correspondence","World War I, 1914-1918; Military Memorabilia; Death & Mourning; Correspondence","","true"
"items/2126101","Postcard - Floral, Embroidered, Likely Will (Bill) Nairn to Mother or Sister, 1917-1918","Author","","","","","","Military history; Service; Correspondence","World War I, 1914-1918; Military Memorabilia; Death & Mourning; Correspondence","","true"
"items/1379908","Postcard - SS Nieuw Zeeland, 1938","Place & Date Made","1938","","","","Australia","Migration; Travel - shipboard life; Print media","Clothing Trade; Flinders Lane Rag Trade; Jewish Communities; Jewish Immigration; Refugees; Wars & Conflicts; World War II, 1939-1945","","true"
"items/1379908","Postcard - SS Nieuw Zeeland, 1938","Ship Depicted","1938","","","","","Migration; Travel - shipboard life; Print media","Clothing Trade; Flinders Lane Rag Trade; Jewish Communities; Jewish Immigration; Refugees; Wars & Conflicts; World War II, 1939-1945","","true"
"items/1379908","Postcard - SS Nieuw Zeeland, 1938","User","circa 1938","Melbourne","","Victoria","Australia","Migration; Travel - shipboard life; Print media","Clothing Trade; Flinders Lane Rag Trade; Jewish Communities; Jewish Immigration; Refugees; Wars & Conflicts; World War II, 1939-1945","","true"
"items/809186","Postcard - There is no greater sorrow, Immigration Museum, circa 2000","Publisher","2000","Melbourne","","Victoria","Australia","Museum history; Marketing & publicity; Souvenirs","Advertising; Cultural Identity; Displaced Persons; Migration & Settlement; Museum History; Museum Victoria Exhibitions; Postcards; Publicity Material; Refugee Children; Refugees","","true"
"items/809186","Postcard - There is no greater sorrow, Immigration Museum, circa 2000","Place & Date of Event","11 Oct 2000 - 22 Apr 2001","Melbourne","","Victoria","Australia","Museum history; Marketing & publicity; Souvenirs","Advertising; Cultural Identity; Displaced Persons; Migration & Settlement; Museum History; Museum Victoria Exhibitions; Postcards; Publicity Material; Refugee Children; Refugees","","true"
"items/1898611","Postcard - W.J. Gunning to Mrs George McKay, 22 Nov 1898","Place Depicted","","Wentworth Falls","Blue Mountains","New South Wales","Australia","Manufacturing & industry; Agricultural & horticultural equipment; Correspondence","Correspondence; Handwriting; Postcards; Waterfalls","Old McKay Archive; H.V. McKay Sunshine Collection","true"
"items/1705934","Postcard - Church of Christ, Albert Street, Hornsby, New South Wales, circa 1913","Place & Date Depicted","circa 1913","Hornsby","","New South Wales","","Religions; Christianity - churches of christ; Churches","Churches; Courtships; Postcards; Romance","","true"
"items/1599469","Postcard - 'A Glimpse Through The Gums', Lorne, Victoria, circa 1930s","Place & Date Depicted","circa 1930s","Lorne District","","Victoria","Australia","Environments; Rural; Roadscapes","Coastal Landscapes; Fences; Hills; Landscape Photography; Oceans; Roads; Rural Victoria; Trees","William S. Anderson Collection","true"
"items/1599469","Postcard - 'A Glimpse Through The Gums', Lorne, Victoria, circa 1930s","Photographer","circa 1930s","Lorne","","Victoria","Australia","Environments; Rural; Roadscapes","Coastal Landscapes; Fences; Hills; Landscape Photography; Oceans; Roads; Rural Victoria; Trees","William S. Anderson Collection","true"
"items/1834404","Postcard - H.V. McKay, Harvesters Working in Field, Argentina, 1905","Place & Date Depicted","Sep 1905","","","","Argentina","Manufacturing & industry; Agricultural & horticultural equipment; Promotional materials","Agricultural Machinery; Postcards; Harvesters; Harvesting; International Trade; Export Trade","H.V. McKay Sunshine Collection; Old McKay Archive (Series E)","true"
"items/1834404","Postcard - H.V. McKay, Harvesters Working in Field, Argentina, 1905","Organisation Named","Sep 1905","","","","","Manufacturing & industry; Agricultural & horticultural equipment; Promotional materials","Agricultural Machinery; Postcards; Harvesters; Harvesting; International Trade; Export Trade","H.V. McKay Sunshine Collection; Old McKay Archive (Series E)","true"
"items/788984","Postcard - Walhalla, Victoria, 1905-1920","Place & Date Depicted","1905-1920","Walhalla","Gippsland","Victoria","Australia","Domestic life; Residential buildings; Backyards","Axes; Bushes; Cats; Cooking Utensils; Domestic Animals; Huts; Miners; Signage; Smoking; Stools; Trees","Rodda Collection","true"
"items/809191","Postcard - There is no greater sorrow, Immigration Museum, circa 2000","Publisher","2000","Melbourne","","Victoria","Australia","Museum history; Marketing & publicity; Souvenirs","Advertising; Cultural Identity; Displaced Persons; Migration & Settlement; Museum History; Museum Victoria Exhibitions; Postcards; Publicity Material; Refugee Children; Refugees","","true"
"items/809191","Postcard - There is no greater sorrow, Immigration Museum, circa 2000","Place & Date of Event","11 Oct 2000 - 22 Apr 2001","Melbourne","","Victoria","Australia","Museum history; Marketing & publicity; Souvenirs","Advertising; Cultural Identity; Displaced Persons; Migration & Settlement; Museum History; Museum Victoria Exhibitions; Postcards; Publicity Material; Refugee Children; Refugees","","true"
"items/1550436","Postcard - 'Niagara Falls, N.Y. and Canada', New York, U.S.A., 1911","User","31 May 1911","Niagara Falls","","New York","United States of America","Recreation & tourism; Travel; Souvenirs","Holidays; Leisure; Postcards; Recreation; Souvenirs; Travel & Tourism","Olive Oliver Collection","true"
"items/2300376","Postcard - AFL Women's (AFLW) Competition, Darcy Vescio, Carlton, 2017","Organisation Named","2017","","","","Australia","Sport; Australian rules football; Promotional materials","Football Teams; Football Matches; Australian Rules Football; Sportswomen; Sporting Teams; Women's Work; Women","","true"
"items/415820","Postcard - SS Orsova, Orient Line, circa 1950s","Manufactured For","circa 1950s","London","","","England, Great Britain","Migration; Travel - shipboard life; Souvenirs","Immigrant Shipping; Immigration; Immigration Policies; Ship Memorabilia; Shipping; Shipping Lines; Station Pier; Women's Work","Margaret Wood Immigration & Shipping Collection","true"
"items/415820","Postcard - SS Orsova, Orient Line, circa 1950s","Place & Date Used","circa 1950s","","","","","Migration; Travel - shipboard life; Souvenirs","Immigrant Shipping; Immigration; Immigration Policies; Ship Memorabilia; Shipping; Shipping Lines; Station Pier; Women's Work","Margaret Wood Immigration & Shipping Collection","true"
"items/415820","Postcard - SS Orsova, Orient Line, circa 1950s","User","circa 1950s","Melbourne","Greater Melbourne","Victoria","Australia","Migration; Travel - shipboard life; Souvenirs","Immigrant Shipping; Immigration; Immigration Policies; Ship Memorabilia; Shipping; Shipping Lines; Station Pier; Women's Work","Margaret Wood Immigration & Shipping Collection","true"
"items/395368","Postcard Album - 'Souvenir of Cairo', Egypt, Peile Brothers, World War I, 1914-1916","Date Purchased","1914-1916","","","","","Military history; Service; Recreation & tourism","World War I, 1914-1918; Mosques; Pyramids; Obelisks; Statues; Rivers; Palm Trees; Deserts","Returned and Services League (RSL) Collection","true"
"items/395368","Postcard Album - 'Souvenir of Cairo', Egypt, Peile Brothers, World War I, 1914-1916","Date Purchased","1914-1916","","","","","Military history; Service; Recreation & tourism","World War I, 1914-1918; Mosques; Pyramids; Obelisks; Statues; Rivers; Palm Trees; Deserts","Returned and Services League (RSL) Collection","true"
"items/395368","Postcard Album - 'Souvenir of Cairo', Egypt, Peile Brothers, World War I, 1914-1916","Place & Date Depicted","1914-1918","Cairo","","","Egypt","Military history; Service; Recreation & tourism","World War I, 1914-1918; Mosques; Pyramids; Obelisks; Statues; Rivers; Palm Trees; Deserts","Returned and Services League (RSL) Collection","true"
"items/788342","Postcard - NA-Class Steam Locomotive & Goods Train, Moe-Walhalla Railway, Victoria, 1910-1920","Place & Date Depicted","1910-1920","Walhalla","Gippsland","Victoria","Australia","Rail transport; Railways - steam power; Steam locomotives","Bushes; Railway Lines; Railway Rollingstock; Steam Railway Locomotives; Trains","Rodda Collection","true"
"items/788345","Postcard - Walhalla, Victoria, 1905-1920","Place & Date Depicted","1905-1920","Walhalla","Gippsland","Victoria","Australia","Environments; Rural; Streetscapes","Dogs; Domestic Animals; Fences; Houses; Mountains; Roads; Snow; Street Lighting","Rodda Collection","true"
"items/1697722","Postcard - Mr Edgar Rouse to Mr Harry Clarke Jnr, featuring LNER 'Silver Jubilee' Train, Glasgow, Great Britain, 13 Aug 1938","Sender","13 Aug 1939","Hokitika","West Coast","","New Zealand","Rail transport; Railways - steam power; Steam locomotives","Photography; Postcards; Souvenirs; Trains; Travel & Tourism; Working Life","","true"
"items/1697722","Postcard - Mr Edgar Rouse to Mr Harry Clarke Jnr, featuring LNER 'Silver Jubilee' Train, Glasgow, Great Britain, 13 Aug 1938","Recipient","1938","Abbotsford","Greater Melbourne","Victoria","Australia","Rail transport; Railways - steam power; Steam locomotives","Photography; Postcards; Souvenirs; Trains; Travel & Tourism; Working Life","","true"
"items/1697722","Postcard - Mr Edgar Rouse to Mr Harry Clarke Jnr, featuring LNER 'Silver Jubilee' Train, Glasgow, Great Britain, 13 Aug 1938","Organisation Named","13 Aug 1938","Abbotsford","Greater Melbourne","Victoria","Australia","Rail transport; Railways - steam power; Steam locomotives","Photography; Postcards; Souvenirs; Trains; Travel & Tourism; Working Life","","true"
"items/2126080","Postcard - 'To My Dear Sister', Embroidered, Private Will Nairn to Sister, World War I, 1 Apr 1917","Place & Date Written","1 Apr 1917","London","","","England","Military history; Service; Correspondence","World War I, 1914-1918; Military Memorabilia; Death & Mourning; Correspondence","","true"
"items/2126080","Postcard - 'To My Dear Sister', Embroidered, Private Will Nairn to Sister, World War I, 1 Apr 1917","Author","","","","","","Military history; Service; Correspondence","World War I, 1914-1918; Military Memorabilia; Death & Mourning; Correspondence","","true"
"items/2095575","Postcard - '1917 Souvenir From France', World War I, 1917","Place & Date Written","1917","","","","France","Military history; Personal effects; Correspondence","Wars & Conflicts; Postcards; World War I, 1914-1918; Correspondence","","true"
"items/2176534","Postcard - Ocean Liner, MN Aurelia, Jan 1957","Original Owner","Jan 1957","Port Melbourne","Greater Melbourne","Victoria","Australia","Migration; Travel - shipboard life; Souvenirs","Hungarian Immigration; Hungarian Communities; Shipboard Travel; Shipping Companies; Shipping Lines; Ships; Souvenirs","","true"
"items/2126176","Postcard - Portrait, Will (Bill) Nairn, circa 1910-1915","Person Depicted","circa 1910-1915","","","","","Military history; Service; Correspondence","World War I, 1914-1918; Military Memorabilia; Death & Mourning; Correspondence; Portraits","","true"
"items/2029294","Postcard - Senate Election, Vida Goldstein, 1910","Person Depicted","1910","","","","","Politics & public protest; Gender politics; Postcards","Politicians; Women's Suffrage; Senate Elections; Suffrage Movement; Suffragette Movement","","true"
"items/2402726","Postcard - Sylvia Boyes To Lindsay Motherwell, Cape Town To London, 1969","Sender","1969","Cape Town","","","South Africa","Communications; Postal; Correspondence","South African Immigration; Travel; Musicians; Jazz Bands; Receipts; Apartheid; Racism; Immigration Policies; Correspondence; Postcards","","true"
"items/2402726","Postcard - Sylvia Boyes To Lindsay Motherwell, Cape Town To London, 1969","Addressed To","1969","London","","","England","Communications; Postal; Correspondence","South African Immigration; Travel; Musicians; Jazz Bands; Receipts; Apartheid; Racism; Immigration Policies; Correspondence; Postcards","","true"
"items/2402650","Postcard - Sylvia Boyes To Lindsay Motherwell, London, 1969","Sender","1969","Cape Town","","","South Africa","Communications; Postal; Correspondence","South African Immigration; Travel; Musicians; Jazz Bands; Receipts; Apartheid; Racism; Immigration Policies; Correspondence; Postcards","","true"
"items/2402650","Postcard - Sylvia Boyes To Lindsay Motherwell, London, 1969","Addressed To","1969","London","","","England","Communications; Postal; Correspondence","South African Immigration; Travel; Musicians; Jazz Bands; Receipts; Apartheid; Racism; Immigration Policies; Correspondence; Postcards","","true"
"items/2300379","Postcard - Emma Swanson, Greater Western Sydney Football Club, AFL Women's (AFLW) Competition, 2017","Organisation Named","2017","","","","Australia","Sport; Australian rules football; Promotional materials","Football Teams; Football Matches; Australian Rules Football; Sportswomen; Sporting Teams; Women's Work; Women","","true"
"items/788351","Postcard - Walhalla, Victoria, 1905-1920","Place & Date Depicted","1905-1920","Walhalla","Gippsland","Victoria","Australia","Manufacturing & industry; Forestry & sawmilling; Sawmills","Houses; Roads; Sawmills; Water Wheels","Rodda Collection","true"
"items/1244737","Postcard - Ethel Kemp to Private Albert Edward Kemp, 'Fond Thoughts of You', 1917","Author","1917","","","","","Military history; Personal effects; Correspondence","Death & Mourning; Domestic Life; Wars & Conflicts; World War I, 1914-1918; Making History - Kemp Mourning Collection","Albert Edward Kemp Mourning Collection","true"
"items/1244737","Postcard - Ethel Kemp to Private Albert Edward Kemp, 'Fond Thoughts of You', 1917","Addressed To","1917","","","","","Military history; Personal effects; Correspondence","Death & Mourning; Domestic Life; Wars & Conflicts; World War I, 1914-1918; Making History - Kemp Mourning Collection","Albert Edward Kemp Mourning Collection","true"
"items/1561454","Postcard - New York World's Fair, Edgar Rouse to Mr & Mrs Clarke, Abbotsford, Victoria, 1939","Author","1939","New York","","","United States of America","Recreation & tourism; Travel; Correspondence","Correspondence; Postcards; Recreation; Making History - Kodak Collection","Kodak Heritage Collection","true"
"items/1561454","Postcard - New York World's Fair, Edgar Rouse to Mr & Mrs Clarke, Abbotsford, Victoria, 1939","Addressed To","1939","Abbotsford","Greater Melbourne","Victoria","Australia","Recreation & tourism; Travel; Correspondence","Correspondence; Postcards; Recreation; Making History - Kodak Collection","Kodak Heritage Collection","true"
"items/2095577","Postcard - 'Flowers of France Gathered For You', Sapper David Hinds to his Sister Lenora, World War I, 6 Oct 1918","Place & Date Written","6 Oct 1918","","","","France","Military history; Personal effects; Correspondence","Wars & Conflicts; Postcards; World War I, 1914-1918; Correspondence","","true"
"items/2095577","Postcard - 'Flowers of France Gathered For You', Sapper David Hinds to his Sister Lenora, World War I, 6 Oct 1918","Author (Probable)","","","","","","Military history; Personal effects; Correspondence","Wars & Conflicts; Postcards; World War I, 1914-1918; Correspondence","","true"
"items/795162","Postcard - Victorian Railways, No.3 Steam Crane Locomotive (formerly Z-526), North Melbourne, Victoria, circa 1920s","Place & Date Depicted","circa 1920s","North Melbourne","Greater Melbourne","Victoria","Australia","Rail transport; Railways - steam power; Steam locomotives - crane","Breakdown Cranes; Cranes; Steam Cranes; Steam Railway Locomotives","Norm De Pomeroy Collection","true"
"items/795162","Postcard - Victorian Railways, No.3 Steam Crane Locomotive (formerly Z-526), North Melbourne, Victoria, circa 1920s","Organisation Depicted","circa 1920s","North Melbourne","Greater Melbourne","Victoria","Australia","Rail transport; Railways - steam power; Steam locomotives - crane","Breakdown Cranes; Cranes; Steam Cranes; Steam Railway Locomotives","Norm De Pomeroy Collection","true"
"items/1697704","Postcard - Mr Edgar Rouse to Mr Harry Clarke Jnr, featuring Franz Josef Glacier, New Zealand, 25 Feb 1939","Sender","25 Feb 1939","Hokitika","West Coast","","New Zealand","Environments; Natural; Alpine","Photography; Postcards; Travel & Tourism; Working Life","","true"
"items/1697704","Postcard - Mr Edgar Rouse to Mr Harry Clarke Jnr, featuring Franz Josef Glacier, New Zealand, 25 Feb 1939","Recipient","1939","Abbotsford","Greater Melbourne","Victoria","Australia","Environments; Natural; Alpine","Photography; Postcards; Travel & Tourism; Working Life","","true"
"items/1923373","Postcard - Sharon Collins, 'Illuminated by Fire: Flowerdale', Regional Arts Victoria, 2011","Publisher","29 Jun 2011 - 3 Jul 2011","","","Victoria","Australia","Sustainability; Natural disasters; Bushfires","Bushfires; Art Exhibitions; Disasters","Victorian Bushfires Collection","true"
"items/1923373","Postcard - Sharon Collins, 'Illuminated by Fire: Flowerdale', Regional Arts Victoria, 2011","Artist","29 Jun 2011 - 3 Jul 2011","","","","","Sustainability; Natural disasters; Bushfires","Bushfires; Art Exhibitions; Disasters","Victorian Bushfires Collection","true"
"items/2300377","Postcard - Emma Swanson, Greater Western Sydney Football Club, AFL Women's (AFLW) Competition, 2017","Organisation Named","2017","","","","Australia","Sport; Australian rules football; Promotional materials","Football Teams; Football Matches; Australian Rules Football; Sportswomen; Sporting Teams; Women's Work; Women","","true"
"items/2300374","Postcard - Darcy Vescio, Carlton Football Club, AFL Women's (AFLW) Competition, 2017","Organisation Named","2017","","","","Australia","Sport; Australian rules football; Promotional materials","Football Teams; Football Matches; Australian Rules Football; Sportswomen; Sporting Teams; Women's Work; Women","","true"
"items/381893","Postcard Album - 'Le Nord de la France - Villes Bombardees', World War I, 1916","Place & Date Made","1916","","","","France","Military history; Service; Battles & battlefields","Wars & Conflicts; World War I, 1914-1918; Battle of the Somme (Somme Offensive), 1916","John Lord Collection","true"
"items/2095584","Postcard - 'Happy Christmas', Sapper Dave Hinds to his Sister Lenora, World War I, circa 1916-1918","Date Written","1916-1918","","","","","Military history; Personal effects; Correspondence","Wars & Conflicts; Postcards; World War I, 1914-1918; Correspondence; Christmas Cards","","true"
"items/2095584","Postcard - 'Happy Christmas', Sapper Dave Hinds to his Sister Lenora, World War I, circa 1916-1918","Author (Probable)","","","","","","Military history; Personal effects; Correspondence","Wars & Conflicts; Postcards; World War I, 1914-1918; Correspondence; Christmas Cards","","true"
"items/2095581","Postcard - 'To My Dear Sister', Sapper Dave Hinds to his Sister Madge, France, World War I, 1 Feb 1918","Place & Date Written","1 Feb 1918","","","","France","Military history; Personal effects; Correspondence","Wars & Conflicts; Postcards; World War I, 1914-1918; Correspondence","","true"
"items/2095581","Postcard - 'To My Dear Sister', Sapper Dave Hinds to his Sister Madge, France, World War I, 1 Feb 1918","Author (Probable)","","","","","","Military history; Personal effects; Correspondence","Wars & Conflicts; Postcards; World War I, 1914-1918; Correspondence","","true"
"items/1401421","Postcard - 'Port Said, Hotel Eastern Exchange', Written at Gallipoli, 29 Sep 1915","Place & Date Written","29 Sep 1915","Gallipoli Peninsula","Dardanelles","","Türkiye, (formerly) Turkey","Military history; Personal effects; Correspondence","Hotels; Postcards; Wars & Conflicts; World War I, 1914-1918","Captain F.S. Laurie Collection","true"
"items/1401421","Postcard - 'Port Said, Hotel Eastern Exchange', Written at Gallipoli, 29 Sep 1915","Place Named","","Port Said","","","Egypt","Military history; Personal effects; Correspondence","Hotels; Postcards; Wars & Conflicts; World War I, 1914-1918","Captain F.S. Laurie Collection","true"
"items/2095579","Postcard - '1916', 'Walter' to Dora Hinds, Embroidered, France, World War I, 1916","Place & Date Written","1916","","","","France","Military history; Personal effects; Correspondence","Wars & Conflicts; Postcards; World War I, 1914-1918; Correspondence","","true"
"items/1769083","Postcard - Damaged Cathedral, World War I, 3 Jul 1918","Place & Date Depicted","3 Jul 1918","","","","France","Military history; Service; Battles & battlefields","Cathedrals; Soldiers; World War I, 1914-1918; Military Censorship","","true"
"items/1769083","Postcard - Damaged Cathedral, World War I, 3 Jul 1918","Place & Date Depicted","3 Jul 1918","","","","Belgium","Military history; Service; Battles & battlefields","Cathedrals; Soldiers; World War I, 1914-1918; Military Censorship","","true"
"items/1769083","Postcard - Damaged Cathedral, World War I, 3 Jul 1918","Other Association (See Comments)","","","","","Germany","Military history; Service; Battles & battlefields","Cathedrals; Soldiers; World War I, 1914-1918; Military Censorship","","true"
"items/1718335","Postcard - Mr Edgar Rouse to Mr Harry Clarke Jnr, RMS 'Queen Mary', Cunard White Star, 24 Jul 1938","Sender","24 Jul 1938",""," "," "," ","Rail transport; Railways - steam power; Steam locomotives","Childhood; Photography; Postcards; Travel & Tourism; Working Life; Making History - Kodak Collection","Kodak Heritage Collection","true"
"items/1718335","Postcard - Mr Edgar Rouse to Mr Harry Clarke Jnr, RMS 'Queen Mary', Cunard White Star, 24 Jul 1938","Recipient","1938","Abbotsford","Greater Melbourne","Victoria","Australia","Rail transport; Railways - steam power; Steam locomotives","Childhood; Photography; Postcards; Travel & Tourism; Working Life; Making History - Kodak Collection","Kodak Heritage Collection","true"
"items/1718335","Postcard - Mr Edgar Rouse to Mr Harry Clarke Jnr, RMS 'Queen Mary', Cunard White Star, 24 Jul 1938","Other Association (See Comments)","24 Jul 1938","Abbotsford","Greater Melbourne","Victoria","Australia","Rail transport; Railways - steam power; Steam locomotives","Childhood; Photography; Postcards; Travel & Tourism; Working Life; Making History - Kodak Collection","Kodak Heritage Collection","true"
"items/1782911","Postcard - 'R.M.S. Ceramic', from A. G. F. Galbraith to A. Galbraith, Nov 1915","Author","Nov 1915","","","","","Military history; Service; Correspondence","Correspondence; Military Memorabilia; Postcards; Ships; Wars & Conflicts; World War I, 1914-1918","Returned and Services League (RSL) Collection; Military Memorabilia Collection","true"
"items/1782911","Postcard - 'R.M.S. Ceramic', from A. G. F. Galbraith to A. Galbraith, Nov 1915","Organisation Depicted","","","","","","Military history; Service; Correspondence","Correspondence; Military Memorabilia; Postcards; Ships; Wars & Conflicts; World War I, 1914-1918","Returned and Services League (RSL) Collection; Military Memorabilia Collection","true"
"items/263261","Postcard - 'Afghan Camel Rider, South Australia', South Australia, 1900-1920","Place & Date Made","1900-1920","","","South Australia","Australia","Recreation & tourism; Travel; Souvenir postcards","Afghans; Exploration; Muslims in Australia; Settlement; Working Life","","true"
"items/1782971","Postcard - Group Portrait of Tug of War Team, Seymour, World War I, Aug 1916","Place & Date Depicted","Aug 1916","Seymour","","Victoria","Australia","Military history; Souvenirs & mementoes; Postcards","Correspondence; Military Memorabilia; Postcards; Wars & Conflicts; World War I, 1914-1918","Military Memorabilia Collection; Returned and Services League (RSL) Collection","true"
"items/1782971","Postcard - Group Portrait of Tug of War Team, Seymour, World War I, Aug 1916","Organisation Depicted","","","","","","Military history; Souvenirs & mementoes; Postcards","Correspondence; Military Memorabilia; Postcards; Wars & Conflicts; World War I, 1914-1918","Military Memorabilia Collection; Returned and Services League (RSL) Collection","true"
"items/2095593","Postcard - 'To My Dear Sister', Sapper Dave Hinds to his Sister Lenora, France, World War I, circa 1916-1918","Place & Date Written","1916-1918","","","","France","Military history; Personal effects; Correspondence","Wars & Conflicts; Postcards; World War I, 1914-1918; Correspondence","","true"
"items/2095593","Postcard - 'To My Dear Sister', Sapper Dave Hinds to his Sister Lenora, France, World War I, circa 1916-1918","Author (Probable)","","","","","","Military history; Personal effects; Correspondence","Wars & Conflicts; Postcards; World War I, 1914-1918; Correspondence","","true"
"items/395964","Postcard - Prisoner of War, Private William 'Eric' Murphy, World War II, 1942-1943","Author","1942-1943","","","","","Military history; Service; Prisoners of war","Militaria: Australian; Military Memorabilia; World War II, 1939-1945; Prisoners of War; Death & Mourning","Military Memorabilia Collection","true"
"items/1718317","Postcard - Mr Edgar Rouse to Mr Harry Clarke Jnr, 'Visiting Sentries at St James Palace', London, 29 Jul 1938","Sender","29 Jul 1938","London"," ","","England, Great Britain","Rail transport; Railways - steam power; Steam locomotives","Childhood; Photography; Postcards; Travel & Tourism; Working Life","","true"
"items/1718317","Postcard - Mr Edgar Rouse to Mr Harry Clarke Jnr, 'Visiting Sentries at St James Palace', London, 29 Jul 1938","Recipient","1938","Abbotsford","Greater Melbourne","Victoria","Australia","Rail transport; Railways - steam power; Steam locomotives","Childhood; Photography; Postcards; Travel & Tourism; Working Life","","true"
"items/1718317","Postcard - Mr Edgar Rouse to Mr Harry Clarke Jnr, 'Visiting Sentries at St James Palace', London, 29 Jul 1938","Other Association (See Comments)","29 Jul 1938","Abbotsford","Greater Melbourne","Victoria","Australia","Rail transport; Railways - steam power; Steam locomotives","Childhood; Photography; Postcards; Travel & Tourism; Working Life","","true"
"items/2095589","Postcard - 'The Star of the Allies', Lyle Hinds to his Sister Lenora, Perham Downs, England, World War I, circa 1916-1918","Place & Date Written","2 Aug 1916-1918","Perham Downs","Wiltshire","","England","Military history; Personal effects; Correspondence","Wars & Conflicts; Postcards; World War I, 1914-1918; Correspondence","","true"
"items/2095589","Postcard - 'The Star of the Allies', Lyle Hinds to his Sister Lenora, Perham Downs, England, World War I, circa 1916-1918","Author (Probable)","","","","","France","Military history; Personal effects; Correspondence","Wars & Conflicts; Postcards; World War I, 1914-1918; Correspondence","","true"
"items/1769072","Postcard - German Soldiers Relaxing Near Dugout, 7 Aug 1917","Place & Date Depicted","7 Aug 1917","","","","Europe","Military history; Service; Recreation & tourism","Soldiers; World War I, 1914-1918","","true"
"items/1769072","Postcard - German Soldiers Relaxing Near Dugout, 7 Aug 1917","Other Association (See Comments)","","","","","Germany","Military history; Service; Recreation & tourism","Soldiers; World War I, 1914-1918","","true"
"items/395963","Postcard - Prisoner of War, Private William 'Eric' Murphy to Mother, World War II, 1942-1943","Author","1943","","","","","Military history; Service; Prisoners of war","Militaria: Australian; Military Memorabilia; World War II, 1939-1945; Prisoners of War; Death & Mourning","Military Memorabilia Collection","true"
"items/1782897","Postcard - 'S.S. Ceramic', from A. G. F. Galbraith to A. Galbraith, 1915","Ship Depicted","1915","","","","","Military history; Service; Correspondence","Correspondence; Military Memorabilia; Postcards; Ships; Wars & Conflicts; World War I, 1914-1918","Returned and Services League (RSL) Collection; Military Memorabilia Collection","true"
"items/1782897","Postcard - 'S.S. Ceramic', from A. G. F. Galbraith to A. Galbraith, 1915","Sender","1915","","","","","Military history; Service; Correspondence","Correspondence; Military Memorabilia; Postcards; Ships; Wars & Conflicts; World War I, 1914-1918","Returned and Services League (RSL) Collection; Military Memorabilia Collection","true"
"items/1782897","Postcard - 'S.S. Ceramic', from A. G. F. Galbraith to A. Galbraith, 1915","Addressed To","1915","","","","","Military history; Service; Correspondence","Correspondence; Military Memorabilia; Postcards; Ships; Wars & Conflicts; World War I, 1914-1918","Returned and Services League (RSL) Collection; Military Memorabilia Collection","true"
"items/1771722","Postcard - Roman Ruins, Baalbek, Lebanon, World War II, 1939-1943","Presented To","1941","","","","Palestine","Military history; Service; Recreation & tourism","Architecture; Cities; Militaria: Australian; Military Memorabilia; Monuments; Ruins; Tourist Attractions; Wars & Conflicts; World War II, 1939-1945","Military Memorabilia Collection","true"
"items/1771722","Postcard - Roman Ruins, Baalbek, Lebanon, World War II, 1939-1943","Place & Date Depicted","1939-1943","","","","Lebanon","Military history; Service; Recreation & tourism","Architecture; Cities; Militaria: Australian; Military Memorabilia; Monuments; Ruins; Tourist Attractions; Wars & Conflicts; World War II, 1939-1945","Military Memorabilia Collection","true"
"items/788569","Postcard - Walhalla, Victoria, 1905-1920","Place & Date Depicted","1905-1920","Walhalla","Gippsland","Victoria","Australia","Mining & metallurgy","Creeks; Mines; Mining; Mining Equipment; Rivers; Water Wheels; Waterfalls","Rodda Collection","true"
"items/788361","Postcard - Walhalla, Victoria, Mar 1910","Place & Date Depicted","Mar 1910","Walhalla","Gippsland","Victoria","Australia","Rail transport","Ceremonies; Railway Lines; Railway Rollingstock; Spectators; Steam Railway Locomotives; Trains","Rodda Collection","true"
"items/2095591","Postcard - 'Home Sweet Home', Lyle Hinds to his Sister Leonra, France, World War I, circa 1916-1918","Place & Date Written","1916-1918","","","","France","Military history; Personal effects; Correspondence","Wars & Conflicts; Postcards; World War I, 1914-1918; Correspondence; Christmas Cards","","true"
"items/2095591","Postcard - 'Home Sweet Home', Lyle Hinds to his Sister Leonra, France, World War I, circa 1916-1918","Author (Probable)","","","","","France","Military history; Personal effects; Correspondence","Wars & Conflicts; Postcards; World War I, 1914-1918; Correspondence; Christmas Cards","","true"
"items/2095592","Postcard - 'A Joyful Christmas', Lyle Hinds to his Mother Jessie, Belgium, World War I, 2 Nov 1916","Place & Date Written","2 Nov 1916","","","","Belgium","Military history; Personal effects; Correspondence","Wars & Conflicts; Postcards; World War I, 1914-1918; Correspondence; Christmas Cards; Flags","","true"
"items/2095592","Postcard - 'A Joyful Christmas', Lyle Hinds to his Mother Jessie, Belgium, World War I, 2 Nov 1916","Author (Probable)","","","","","France","Military history; Personal effects; Correspondence","Wars & Conflicts; Postcards; World War I, 1914-1918; Correspondence; Christmas Cards; Flags","","true"
"items/788347","Postcard - Walhalla, Victoria, 1905-1920","Place & Date Depicted","1905-1920","Walhalla","Gippsland","Victoria","Australia","Road transport; Bullock drawn vehicles; Carts & drays","Animals; Bullocks; Carts; Farms; Fences; Post & Rail Fences","Rodda Collection","true"
"items/1768985","Postcard - German Soldiers at Table, World War I, 1914-1918","Place & Date Depicted","1914-1918","","","","Europe","Military history; Service; Recreation & tourism","Soldiers; World War I, 1914-1918","","true"
"items/1768985","Postcard - German Soldiers at Table, World War I, 1914-1918","Other Association (See Comments)","","","","","Germany","Military history; Service; Recreation & tourism","Soldiers; World War I, 1914-1918","","true"
"items/255455","Postcard - Hochgurtel Fountain, Carlton Gardens, WT Pater, Melbourne, circa 1907","Publisher","circa 1907","","","","Germany","Royal exhibition building; Revenue; Souvenir postcards","Buildings; Civic Mementoes; Correspondence; Exterior Views; Postcards; Royal Exhibition Building; Souvenirs","Royal Exhibition Building Collection","true"
"items/255455","Postcard - Hochgurtel Fountain, Carlton Gardens, WT Pater, Melbourne, circa 1907","Place & Date Depicted","circa 1907","Melbourne","Greater Melbourne","Victoria","Australia","Royal exhibition building; Revenue; Souvenir postcards","Buildings; Civic Mementoes; Correspondence; Exterior Views; Postcards; Royal Exhibition Building; Souvenirs","Royal Exhibition Building Collection","true"
"items/255455","Postcard - Hochgurtel Fountain, Carlton Gardens, WT Pater, Melbourne, circa 1907","Date Used","04 Aug 1907","","","","","Royal exhibition building; Revenue; Souvenir postcards","Buildings; Civic Mementoes; Correspondence; Exterior Views; Postcards; Royal Exhibition Building; Souvenirs","Royal Exhibition Building Collection","true"
"items/1823701","Postcard - Striped Bandicoot, Perameles fasciata (Gray), George Browning, circa 1950 [damaged]","Artist","circa 1950","","Melbourne","Victoria","Australia","Museum history; Marketing & publicity; Souvenirs","Museum History; Mammalogy; Illustrations; Working Life","Museum History Collection","true"
"items/1823701","Postcard - Striped Bandicoot, Perameles fasciata (Gray), George Browning, circa 1950 [damaged]","Date Printed","circa 1950","","","","","Museum history; Marketing & publicity; Souvenirs","Museum History; Mammalogy; Illustrations; Working Life","Museum History Collection","true"
"items/788776","Postcard - Group of Women & Men with Tennis Raquets, Walhalla, Victoria, 1905-1920","Place & Date Depicted","1905-1920","Walhalla","Gippsland","Victoria","Australia","Sport; Tennis; Club members","Clothing; Portraits; Sport; Sporting Clubs; Tennis; Tennis Clubs","Rodda Collection","true"
"items/2174097","Postcard - 'The Mansion House, London', Claude Ewart, World War I, 5 Jan 1918","Author","5 Jan 1918","","","","","Military history; Service; Recreation & tourism","Military Memorabilia; World War I, 1914-1918; Correspondence","","true"
"items/2174097","Postcard - 'The Mansion House, London', Claude Ewart, World War I, 5 Jan 1918","Printer","","London","","","England","Military history; Service; Recreation & tourism","Military Memorabilia; World War I, 1914-1918; Correspondence","","true"
"items/1243829","Postcard - Private Albert Edward Kemp to his Mother, 'Highlanders Pipe Themselves Back from the Trenches', 26 Jun 1917","Author","26 Jun 1917","","","","","Military history; Personal effects; Correspondence","Death & Mourning; Wars & Conflicts; World War I, 1914-1918; Scottish Pipers; Making History - Kemp Mourning Collection","Albert Edward Kemp Mourning Collection","true"
"items/1243829","Postcard - Private Albert Edward Kemp to his Mother, 'Highlanders Pipe Themselves Back from the Trenches', 26 Jun 1917","Date Written","1917","","","","","Military history; Personal effects; Correspondence","Death & Mourning; Wars & Conflicts; World War I, 1914-1918; Scottish Pipers; Making History - Kemp Mourning Collection","Albert Edward Kemp Mourning Collection","true"
"items/247793","Postcard - Jakas Soft Toys, Melbourne, 1995-1998","User","1995-1998","Wantirna South","Greater Melbourne","Victoria","Australia","Manufacturing & industry; Toy manufacturing; Product advertising","Toys; Small Businesses; Postcards; Advertising; Marketing; Promotional Materials; Promotions; Publicity; Publicity Material; Australian Design; Australian Manufacturing Industry","Jakas Toys Collection","true"
"items/1769137","Postcard - German Soldiers Digging in Forest, World War I, 1914-1918","Date Made","1914-1918","","","","Europe","Military history; Service; Battles & battlefields","Soldiers; World War I, 1914-1918","","true"
"items/1769137","Postcard - German Soldiers Digging in Forest, World War I, 1914-1918","Other Association (See Comments)","","","","","Germany","Military history; Service; Battles & battlefields","Soldiers; World War I, 1914-1918","","true"
"items/2006227","Postcard - Sketch of the Royal Exhibition Building & Centenary Celebrations, Honey Clarke, Melbourne, 1980","Publisher","1980","Richmond","Greater Melbourne","Victoria","Australia","Public events; Melbourne international centenary exhibition 1980; Commemorative","Buildings; Centenaries; Civic Mementoes; Exterior Views; Postcards; Royal Exhibition Building; Souvenirs","Royal Exhibition Building Collection","true"
"items/2006227","Postcard - Sketch of the Royal Exhibition Building & Centenary Celebrations, Honey Clarke, Melbourne, 1980","Place & Date Depicted","1980","Melbourne","Greater Melbourne","Victoria","Australia","Public events; Melbourne international centenary exhibition 1980; Commemorative","Buildings; Centenaries; Civic Mementoes; Exterior Views; Postcards; Royal Exhibition Building; Souvenirs","Royal Exhibition Building Collection","true"
"items/2044005","Digital Image - Postcard, The Uplands Homestead, Kinglake, 1906","Person Depicted","1906","Kinglake","","Victoria","Australia","Agriculture & rural life; Farm buildings; Farmhouses","Rural Women; Homesteads; Gardens; Rural Life; Black Saturday Bushfires, 2009","Victorian Bushfires Collection","true"
"items/2044005","Digital Image - Postcard, The Uplands Homestead, Kinglake, 1906","Person Depicted","1906","Kinglake","","Victoria","Australia","Agriculture & rural life; Farm buildings; Farmhouses","Rural Women; Homesteads; Gardens; Rural Life; Black Saturday Bushfires, 2009","Victorian Bushfires Collection","true"
"items/1783458","Postcard - H.V. McKay Pty Ltd, Workman with Harvester & Horses, Victoria, circa 1930s","Place & Date Depicted","circa 1930s","","","Victoria","Australia","Agriculture & rural life; Animal power; Horse drawn vehicles","Agricultural Equipment; Animal Power; Children; Farmers; Farming Methods; Grain Harvesting Equipment; Harvesting Equipment; Horsedrawn Equipment; Horses; Working Life","H.V. McKay Sunshine Collection; Old McKay Archive","true"
"items/1783458","Postcard - H.V. McKay Pty Ltd, Workman with Harvester & Horses, Victoria, circa 1930s","Manufacturer of Item Depicted","","","","","","Agriculture & rural life; Animal power; Horse drawn vehicles","Agricultural Equipment; Animal Power; Children; Farmers; Farming Methods; Grain Harvesting Equipment; Harvesting Equipment; Horsedrawn Equipment; Horses; Working Life","H.V. McKay Sunshine Collection; Old McKay Archive","true"
"items/1823570","Postcard - Ringtail Possum, Pseudocheirus laniginosus (Gould), George Browning, circa 1950","Artist","circa 1950","","Melbourne","Victoria","Australia","Museum history; Marketing & publicity; Souvenirs","Museum History; Mammalogy; Illustrations; Working Life","Museum History Collection","true"
"items/1823570","Postcard - Ringtail Possum, Pseudocheirus laniginosus (Gould), George Browning, circa 1950","Date Printed","circa 1950","","","","","Museum history; Marketing & publicity; Souvenirs","Museum History; Mammalogy; Illustrations; Working Life","Museum History Collection","true"
"items/1823574","Postcard - Tiger Cat, Dasyurus maculatus (Kerr), George Browning, circa 1950","Artist","circa 1950","","Melbourne","Victoria","Australia","Museum history; Marketing & publicity; Souvenirs","Museum History; Mammalogy; Illustrations; Working Life","Museum History Collection","true"
"items/1823574","Postcard - Tiger Cat, Dasyurus maculatus (Kerr), George Browning, circa 1950","Date Printed","circa 1950","","","","","Museum history; Marketing & publicity; Souvenirs","Museum History; Mammalogy; Illustrations; Working Life","Museum History Collection","true"
"items/1823578","Postcard - Common Pouched Mouse, Sminthopsis Murina (Waterhouse), George Browning, circa 1950","Artist","circa 1950","","Melbourne","Victoria","Australia","Museum history; Marketing & publicity; Souvenirs","Museum History; Mammalogy; Illustrations; Working Life","Museum History Collection","true"
"items/1823578","Postcard - Common Pouched Mouse, Sminthopsis Murina (Waterhouse), George Browning, circa 1950","Date Printed","circa 1950","","","","","Museum history; Marketing & publicity; Souvenirs","Museum History; Mammalogy; Illustrations; Working Life","Museum History Collection","true"
"items/1823579","Postcard - Fat-tailed Pouched Mouse, Sminthopsis crassicaudata (Gould), George Browning, circa 1950","Artist","circa 1950","","Melbourne","Victoria","Australia","Museum history; Marketing & publicity; Souvenirs","Museum History; Mammalogy; Illustrations; Working Life","Museum History Collection","true"
"items/1823579","Postcard - Fat-tailed Pouched Mouse, Sminthopsis crassicaudata (Gould), George Browning, circa 1950","Date Printed","circa 1950","","","","","Museum history; Marketing & publicity; Souvenirs","Museum History; Mammalogy; Illustrations; Working Life","Museum History Collection","true"
"items/1823700","Postcard - Yellow-footed Phascogale, Antechinus flavipes (Waterhouse), George Browning, circa 1950","Artist","circa 1950","","Melbourne","Victoria","Australia","Museum history; Marketing & publicity; Souvenirs","Museum History; Mammalogy; Illustrations; Working Life","Museum History Collection","true"
"items/1823700","Postcard - Yellow-footed Phascogale, Antechinus flavipes (Waterhouse), George Browning, circa 1950","Date Printed","circa 1950","","","","","Museum history; Marketing & publicity; Souvenirs","Museum History; Mammalogy; Illustrations; Working Life","Museum History Collection","true"
"items/1823702","Postcard - Common or Naked-nosed Wombat, Vombatus hirsutus (Perry), George Browning, circa 1950","Artist","circa 1950","","Melbourne","Victoria","Australia","Museum history; Marketing & publicity; Souvenirs","Museum History; Mammalogy; Illustrations; Working Life","Museum History Collection","true"
"items/1823702","Postcard - Common or Naked-nosed Wombat, Vombatus hirsutus (Perry), George Browning, circa 1950","Date Printed","circa 1950","","","","","Museum history; Marketing & publicity; Souvenirs","Museum History; Mammalogy; Illustrations; Working Life","Museum History Collection","true"
"items/1823703","Postcard - Short-nosed Bandicoot, Isoodon obesulus (Shaw), George Browning, circa 1950","Artist","circa 1950","","Melbourne","Victoria","Australia","Museum history; Marketing & publicity; Souvenirs","Museum History; Mammalogy; Illustrations; Working Life","Museum History Collection","true"
"items/1823703","Postcard - Short-nosed Bandicoot, Isoodon obesulus (Shaw), George Browning, circa 1950","Date Printed","circa 1950","","","","","Museum history; Marketing & publicity; Souvenirs","Museum History; Mammalogy; Illustrations; Working Life","Museum History Collection","true"
"items/1823704","Postcard - Red-necked Wallaby, Wallabia rufogrisea (Desmarest), George Browning, circa 1950","Artist","circa 1950","","Melbourne","Victoria","Australia","Museum history; Marketing & publicity; Souvenirs","Museum History; Mammalogy; Illustrations; Working Life","Museum History Collection","true"
"items/1823704","Postcard - Red-necked Wallaby, Wallabia rufogrisea (Desmarest), George Browning, circa 1950","Date Printed","circa 1950","","","","","Museum history; Marketing & publicity; Souvenirs","Museum History; Mammalogy; Illustrations; Working Life","Museum History Collection","true"
"items/1823705","Postcard - Platypus, Ornithorhynchus anatinus (Shaw), George Browning, circa 1950","Artist","circa 1950","","Melbourne","Victoria","Australia","Museum history; Marketing & publicity; Souvenirs","Museum History; Mammalogy; Illustrations; Working Life","Museum History Collection","true"
"items/1823705","Postcard - Platypus, Ornithorhynchus anatinus (Shaw), George Browning, circa 1950","Date Printed","circa 1950","","","","","Museum history; Marketing & publicity; Souvenirs","Museum History; Mammalogy; Illustrations; Working Life","Museum History Collection","true"
"items/1823575","Postcard - Native Cat, Dasyurus viverrinus (Shaw), George Browning, circa 1950","Artist","circa 1950","","Melbourne","Victoria","Australia","Museum history; Marketing & publicity; Souvenirs","Museum History; Mammalogy; Illustrations; Working Life","Museum History Collection","true"
"items/1823575","Postcard - Native Cat, Dasyurus viverrinus (Shaw), George Browning, circa 1950","Date Printed","circa 1950","","","","","Museum history; Marketing & publicity; Souvenirs","Museum History; Mammalogy; Illustrations; Working Life","Museum History Collection","true"
"items/1823572","Postcard - Brush-tailed Phascogale, Phascogale tapoatafa (Meyer), George Browning, circa 1950","Artist","circa 1950","","Melbourne","Victoria","Australia","Museum history; Marketing & publicity; Souvenirs","Museum History; Mammalogy; Illustrations; Working Life","Museum History Collection","true"
"items/1823572","Postcard - Brush-tailed Phascogale, Phascogale tapoatafa (Meyer), George Browning, circa 1950","Date Printed","circa 1950","","","","","Museum history; Marketing & publicity; Souvenirs","Museum History; Mammalogy; Illustrations; Working Life","Museum History Collection","true"
"items/1243799","Postcard - Private Albert Edward Kemp to Annie Kemp, 'Australians Parading for the Trenches', circa 1916","Date Written","circa 1916","","","","","Military history; Personal effects; Correspondence","Death & Mourning; Wars & Conflicts; World War I, 1914-1918; Making History - Kemp Mourning Collection; Battle of the Somme (Somme Offensive), 1916","Albert Edward Kemp Mourning Collection","true"
"items/1243799","Postcard - Private Albert Edward Kemp to Annie Kemp, 'Australians Parading for the Trenches', circa 1916","Author","","","","","","Military history; Personal effects; Correspondence","Death & Mourning; Wars & Conflicts; World War I, 1914-1918; Making History - Kemp Mourning Collection; Battle of the Somme (Somme Offensive), 1916","Albert Edward Kemp Mourning Collection","true"
"items/1243799","Postcard - Private Albert Edward Kemp to Annie Kemp, 'Australians Parading for the Trenches', circa 1916","Place & Date Depicted","Jul 1916","Pozières","Somme","","France","Military history; Personal effects; Correspondence","Death & Mourning; Wars & Conflicts; World War I, 1914-1918; Making History - Kemp Mourning Collection; Battle of the Somme (Somme Offensive), 1916","Albert Edward Kemp Mourning Collection","true"
"items/1176209","Postcard - Phar Lap, National Museum of Victoria, 1930s","Issued By","1930-1940","Melbourne","Greater Melbourne","Victoria","Australia","Museum history; Marketing & publicity; Souvenirs","Civic Mementoes; Exhibitions; Horse Racing; Horses; Museum History; Postcards; Racing Industry; Souvenirs; Sport; Making History - Phar Lap","Phar Lap Collection; Museum History Collection","true"
"items/1769199","Postcard - German Soldier at Entrance to Dugout, Jul 1916","Place & Date Depicted","Jul 1916","","","","Europe","Military history; Service; Battles & battlefields","Soldiers; World War I, 1914-1918","","true"
"items/1769199","Postcard - German Soldier at Entrance to Dugout, Jul 1916","Other Association (See Comments)","","","","","Germany","Military history; Service; Battles & battlefields","Soldiers; World War I, 1914-1918","","true"
"items/1550453","Postcard - 'Cypress Point, near Del Monte, on line of Southern Pacific', California, U.S.A., 1911","User","2 - 5 May 1911","Del Monte","Monterey","California","United States of America","Recreation & tourism; Travel; Souvenirs","Holidays; Leisure; Postcards; Rail Transport; Railways; Recreation; Souvenirs; Trains; Travel; Travel & Tourism","Olive Oliver Collection","true"
"items/2098778","Postcard - Hotel du Nil & Street Scene, Cairo, Egypt, Otto to Elsie Storie, World War I, circa 1915","Place & Date Depicted","circa 1915","Cairo","","North Africa","Islamic Empire","Military history; Service; Recreation & tourism","Streetscapes; Souvenirs; Postcards; Hotels; World War I, 1914-1918","","true"
"items/2098778","Postcard - Hotel du Nil & Street Scene, Cairo, Egypt, Otto to Elsie Storie, World War I, circa 1915","Previous Owner","","","","","","Military history; Service; Recreation & tourism","Streetscapes; Souvenirs; Postcards; Hotels; World War I, 1914-1918","","true"
"items/2098772","Postcard - Portrait of Elsie Storie, 1918","Person Depicted","1918","Melbourne","","Victoria","Australia","Portraits; Female - individuals; Adult","Portraits; Photographic Studios; Postcards; Christmas Cards; World War I, 1914-1918","","true"
"items/2098772","Postcard - Portrait of Elsie Storie, 1918","Place & Date Made","","","","","","Portraits; Female - individuals; Adult","Portraits; Photographic Studios; Postcards; Christmas Cards; World War I, 1914-1918","","true"
"items/2098772","Postcard - Portrait of Elsie Storie, 1918","Manufacturer","","","","","","Portraits; Female - individuals; Adult","Portraits; Photographic Studios; Postcards; Christmas Cards; World War I, 1914-1918","","true"
"items/1599181","Postcard - Waterfall, Victoria, circa 1920s","Place & Date Depicted","circa 1920s","","","Victoria","Australia","Environments; Natural; Waterfalls","Bushland; Landscape Photography; Rural Victoria; Trees; Waterfalls","William S. Anderson Collection","true"
"items/1599181","Postcard - Waterfall, Victoria, circa 1920s","Photographer","","Lorne","","Victoria","Australia","Environments; Natural; Waterfalls","Bushland; Landscape Photography; Rural Victoria; Trees; Waterfalls","William S. Anderson Collection","true"
"items/1823573","Postcard - Swainson's Phascogale, Antechinus swainsoni (Waterhouse), George Browning, circa 1950","Artist","circa 1950","","Melbourne","Victoria","Australia","Museum history; Marketing & publicity; Souvenirs","Museum History; Mammalogy; Illustrations; Working Life","Museum History Collection","true"
"items/1823573","Postcard - Swainson's Phascogale, Antechinus swainsoni (Waterhouse), George Browning, circa 1950","Date Printed","circa 1950","","","","","Museum history; Marketing & publicity; Souvenirs","Museum History; Mammalogy; Illustrations; Working Life","Museum History Collection","true"
"items/1823544","Postcard - Squirrel Glider, Petaurus sciureus (Shaw), George Browning, circa 1950","Artist","circa 1950","","Melbourne","Victoria","Australia","Museum history; Marketing & publicity; Souvenirs","Museum History; Mammalogy; Illustrations; Working Life","Museum History Collection","true"
"items/1823544","Postcard - Squirrel Glider, Petaurus sciureus (Shaw), George Browning, circa 1950","Date Printed","circa 1950","","","","","Museum history; Marketing & publicity; Souvenirs","Museum History; Mammalogy; Illustrations; Working Life","Museum History Collection","true"
"items/788355","Postcard - Walhalla, Victoria, 1905-1920","Place & Date Depicted","1905-1920","Walhalla","Gippsland","Victoria","Australia","Environments; Rural; Townscapes","Hotels; Houses; Mines; Mining; Roads; Rotundas; Shops","Rodda Collection","true"
"items/788350","Postcard - Walhalla, Victoria, 1905-1920","Place & Date Depicted","1905-1920","Walhalla","Gippsland","Victoria","Australia","Environments; Rural; Townscapes","Built Environment; Churches; Fences; Houses; Mines; Mining; Roads","Rodda Collection","true"
"items/788360","Postcard - Walhalla, Victoria, circa 1910","Place & Date Depicted","circa 1910","Walhalla","Gippsland","Victoria","Australia","Rail transport","Railway Lines; Railway Rollingstock; Steam Railway Locomotives; Trains","Rodda Collection","true"
"items/287815","Postcard - Lili Vrahamis to Letho Sigalas, Greece, 1921","Sender","1921","Sikinos","","Cyclades","Greece","Migration; Processing - planning & departure; Correspondence","Arranged Marriages; Correspondence; Greek Communities; Greek Immigration; Immigration; Weddings; Travel","","true"
"items/287815","Postcard - Lili Vrahamis to Letho Sigalas, Greece, 1921","Addressed To","1921","Melbourne","","Victoria","Australia","Migration; Processing - planning & departure; Correspondence","Arranged Marriages; Correspondence; Greek Communities; Greek Immigration; Immigration; Weddings; Travel","","true"
"items/1768980","Postcard - German Soldiers Relaxing, Romania, World War I, 5 Dec 1917","Place & Date Depicted","5 Dec 1917","","","","Romania","Military history; Service; Recreation & tourism","Soldiers; World War I, 1914-1918; Wars & Conflicts; German Occupation","","true"
"items/1768980","Postcard - German Soldiers Relaxing, Romania, World War I, 5 Dec 1917","Other Association (See Comments)","","","","","Germany","Military history; Service; Recreation & tourism","Soldiers; World War I, 1914-1918; Wars & Conflicts; German Occupation","","true"
"items/2174104","Postcard - Pearl White Photograph, to Driver Claude Ewart, World War I, 1918","Addressed To","1918","","","","","Military history; Service; Correspondence","Military Memorabilia; World War I, 1914-1918","","true"
"items/2174104","Postcard - Pearl White Photograph, to Driver Claude Ewart, World War I, 1918","Person Depicted","","","","","","Military history; Service; Correspondence","Military Memorabilia; World War I, 1914-1918","","true"
"items/2174104","Postcard - Pearl White Photograph, to Driver Claude Ewart, World War I, 1918","Person Depicted","","","","","","Military history; Service; Correspondence","Military Memorabilia; World War I, 1914-1918","","true"
"items/1779985","Postcard - 'Kind Regards', Belgium, World War I, 25 Oct 1916","Date Written","25 Oct 1916","","","","Belgium","Military history; Personal effects; Correspondence","World War I, 1914-1918; Wars & Conflicts; Postcards","","true"
"items/2174108","Postcard - Two Boys, Dannie Sinclair to Claude Ewart, circa 1915-1919","Addressed To","1915-1919","","","","","Military history; Service; Correspondence","Military Memorabilia; World War I, 1914-1918","","true"
"items/2017102","Postcard - 'The Soldiers' Memorial', Warrnambool, Victoria, circa 1919-1927","Place & Date Depicted","circa 1919-1927","Warrnambool","","Victoria","Australia","Military history; Memorials; Monuments & statues","Postcards; Souvenirs; Memorials; World War I, 1914-1918; Soldiers","","true"
"items/2017102","Postcard - 'The Soldiers' Memorial', Warrnambool, Victoria, circa 1919-1927","Original Owner","1926-1930","Elsternwick","Greater Melbourne","Victoria","Australia","Military history; Memorials; Monuments & statues","Postcards; Souvenirs; Memorials; World War I, 1914-1918; Soldiers","","true"
"items/788349","Postcard - Walhalla, Victoria, 1905-1920","Place & Date Depicted","1905-1920","Walhalla","Gippsland","Victoria","Australia","Recreation & tourism","Cameras; Photographers; Snow; Trees; Tripods","Rodda Collection","true"
"items/1792089","Postcard - 'What's Wrong With This Picture?', 1 Aug 2009","Place Named","1 Aug 2009","Melbourne","Greater Melbourne","Victoria","Australia","Politics & public protest; Sexual politics","Lesbian & Gay; Marriage Customs & Rites; Political Protests; Political Rallies; Making History - Gay & Lesbian Collection","","true"
"items/1792089","Postcard - 'What's Wrong With This Picture?', 1 Aug 2009","Designer","","","","","","Politics & public protest; Sexual politics","Lesbian & Gay; Marriage Customs & Rites; Political Protests; Political Rallies; Making History - Gay & Lesbian Collection","","true"
"items/1792089","Postcard - 'What's Wrong With This Picture?', 1 Aug 2009","Sponsor","","Melbourne","Greater Melbourne","Victoria","Australia","Politics & public protest; Sexual politics","Lesbian & Gay; Marriage Customs & Rites; Political Protests; Political Rallies; Making History - Gay & Lesbian Collection","","true"
"items/1792089","Postcard - 'What's Wrong With This Picture?', 1 Aug 2009","Sponsor","","Melbourne","Greater Melbourne","Victoria","Australia","Politics & public protest; Sexual politics","Lesbian & Gay; Marriage Customs & Rites; Political Protests; Political Rallies; Making History - Gay & Lesbian Collection","","true"
"items/1792089","Postcard - 'What's Wrong With This Picture?', 1 Aug 2009","Sponsor","","","","","Australia","Politics & public protest; Sexual politics","Lesbian & Gay; Marriage Customs & Rites; Political Protests; Political Rallies; Making History - Gay & Lesbian Collection","","true"
"items/1792089","Postcard - 'What's Wrong With This Picture?', 1 Aug 2009","Sponsor","","South Melbourne","Greater Melbourne","Victoria","Australia","Politics & public protest; Sexual politics","Lesbian & Gay; Marriage Customs & Rites; Political Protests; Political Rallies; Making History - Gay & Lesbian Collection","","true"
"items/1791628","Postcard - 'What's Wrong With This Picture?', 1 Aug 2009","Place Named","1 Aug 2009","Melbourne","Greater Melbourne","Victoria","Australia","Politics & public protest; Sexual politics","Lesbian & Gay; Marriage Customs & Rites; Political Protests; Political Rallies; Making History - Gay & Lesbian Collection","","true"
"items/1791628","Postcard - 'What's Wrong With This Picture?', 1 Aug 2009","Designer","","","","","","Politics & public protest; Sexual politics","Lesbian & Gay; Marriage Customs & Rites; Political Protests; Political Rallies; Making History - Gay & Lesbian Collection","","true"
"items/1791628","Postcard - 'What's Wrong With This Picture?', 1 Aug 2009","Sponsor","","Melbourne","Greater Melbourne","Victoria","Australia","Politics & public protest; Sexual politics","Lesbian & Gay; Marriage Customs & Rites; Political Protests; Political Rallies; Making History - Gay & Lesbian Collection","","true"
"items/1791628","Postcard - 'What's Wrong With This Picture?', 1 Aug 2009","Sponsor","","Melbourne","Greater Melbourne","Victoria","Australia","Politics & public protest; Sexual politics","Lesbian & Gay; Marriage Customs & Rites; Political Protests; Political Rallies; Making History - Gay & Lesbian Collection","","true"
"items/1791628","Postcard - 'What's Wrong With This Picture?', 1 Aug 2009","Sponsor","","","","","Australia","Politics & public protest; Sexual politics","Lesbian & Gay; Marriage Customs & Rites; Political Protests; Political Rallies; Making History - Gay & Lesbian Collection","","true"
"items/1791628","Postcard - 'What's Wrong With This Picture?', 1 Aug 2009","Sponsor","","South Melbourne","Greater Melbourne","Victoria","Australia","Politics & public protest; Sexual politics","Lesbian & Gay; Marriage Customs & Rites; Political Protests; Political Rallies; Making History - Gay & Lesbian Collection","","true"
"items/2052092","Postcard - 'Official Souvenir Australian Aerial Mail', Basil Watson Flight, Mt Gambier, South Australia to Melbourne, Victoria, Feb 1917 (Damaged)","Person Depicted","15 Feb 1917","","","","Australia","Air transport; Pioneering flights; Aviators","Air Transport; Aircraft; Pioneer Air Flights; Postcards; World War I, 1914-1918","Basil Watson Aviation Collection","true"
"items/2052092","Postcard - 'Official Souvenir Australian Aerial Mail', Basil Watson Flight, Mt Gambier, South Australia to Melbourne, Victoria, Feb 1917 (Damaged)","Place & Date Recorded","15 Feb 1917","Mount Gambier","","South Australia","Australia","Air transport; Pioneering flights; Aviators","Air Transport; Aircraft; Pioneer Air Flights; Postcards; World War I, 1914-1918","Basil Watson Aviation Collection","true"
"items/2188896","Postcard - To Barney from Eva, 'Sweet Memories, Good Luck and Safe Return', Michael Ward Collection, World War I, 30 Nov 1917","Date Inscribed","30 Nov 1917","","","","","Military history; Service; Correspondence","Military Memorabilia; World War I, 1914-1918; Veterans; Postcards","Michael Ward World War I Collection","true"
"items/2188896","Postcard - To Barney from Eva, 'Sweet Memories, Good Luck and Safe Return', Michael Ward Collection, World War I, 30 Nov 1917","Addressed To","","","","","","Military history; Service; Correspondence","Military Memorabilia; World War I, 1914-1918; Veterans; Postcards","Michael Ward World War I Collection","true"
"items/1810448","Postcard - 'H.M. Australian Hospital Ship Kanowna', Nurse A. E. Williams (nee Cocking), World War I, 1916","Date Depicted","1916","","","","","Military history; Service; Shipboard life","Military Memorabilia; Wars & Conflicts; World War I, 1914-1918; Hospital Ships; Military Medical Care; World War II, 1939-1945","Military Memorabilia Collection; Returned and Services League (RSL) Collection","true"
"items/1810448","Postcard - 'H.M. Australian Hospital Ship Kanowna', Nurse A. E. Williams (nee Cocking), World War I, 1916","Ship Depicted","1916","","","","","Military history; Service; Shipboard life","Military Memorabilia; Wars & Conflicts; World War I, 1914-1918; Hospital Ships; Military Medical Care; World War II, 1939-1945","Military Memorabilia Collection; Returned and Services League (RSL) Collection","true"
"items/1810448","Postcard - 'H.M. Australian Hospital Ship Kanowna', Nurse A. E. Williams (nee Cocking), World War I, 1916","Previous Owner","1915-1918","","","","","Military history; Service; Shipboard life","Military Memorabilia; Wars & Conflicts; World War I, 1914-1918; Hospital Ships; Military Medical Care; World War II, 1939-1945","Military Memorabilia Collection; Returned and Services League (RSL) Collection","true"
"items/1716718","Postcard - SS Nora Mulla on Fire, World War II, Feb 1942","Photographer","1941-1942","","","","Australia","Military history; Service; Battles & battlefields","Battleships; Fires; Oceans; Ships; Smoke; Steam Ships; Wars & Conflicts; World War II, 1939-1945","Military Memorabilia Collection","true"
"items/1716718","Postcard - SS Nora Mulla on Fire, World War II, Feb 1942","Place & Date Depicted","1941-1942","","","","Indonesia","Military history; Service; Battles & battlefields","Battleships; Fires; Oceans; Ships; Smoke; Steam Ships; Wars & Conflicts; World War II, 1939-1945","Military Memorabilia Collection","true"
"items/1716718","Postcard - SS Nora Mulla on Fire, World War II, Feb 1942","Ship Depicted","","","","","","Military history; Service; Battles & battlefields","Battleships; Fires; Oceans; Ships; Smoke; Steam Ships; Wars & Conflicts; World War II, 1939-1945","Military Memorabilia Collection","true"
"items/1988609","Postcard - 'The Temple of Philae & a Feluka', Egypt, Nurse A. E. Williams (nee Cocking), World War I, 1916","Place & Date Depicted","1918","Philae","","","Egypt","Military history; Service; Souvenirs","Military Memorabilia; Wars & Conflicts; World War I, 1914-1918; Military Medical Care; Military Memorabilia; Postcards; Souvenirs; Temples; Sailing Vessels; World War II, 1939-1945","Military Memorabilia Collection; Returned and Services League (RSL) Collection","true"
"items/1988609","Postcard - 'The Temple of Philae & a Feluka', Egypt, Nurse A. E. Williams (nee Cocking), World War I, 1916","Previous Owner","1915-1918","","","","","Military history; Service; Souvenirs","Military Memorabilia; Wars & Conflicts; World War I, 1914-1918; Military Medical Care; Military Memorabilia; Postcards; Souvenirs; Temples; Sailing Vessels; World War II, 1939-1945","Military Memorabilia Collection; Returned and Services League (RSL) Collection","true"
"items/1988647","Postcard - 'SS Miltiades', Nurse A. E. Williams (nee Cocking), World War I, 1917","Date Depicted","1917","","","","","Military history; Service; Souvenirs","Military Memorabilia; Wars & Conflicts; World War I, 1914-1918; Military Medical Care; Military Memorabilia; Postcards; Ships; World War II, 1939-1945","Military Memorabilia Collection; Returned and Services League (RSL) Collection","true"
"items/1988647","Postcard - 'SS Miltiades', Nurse A. E. Williams (nee Cocking), World War I, 1917","Previous Owner","1915-1918","","","","","Military history; Service; Souvenirs","Military Memorabilia; Wars & Conflicts; World War I, 1914-1918; Military Medical Care; Military Memorabilia; Postcards; Ships; World War II, 1939-1945","Military Memorabilia Collection; Returned and Services League (RSL) Collection","true"
"items/1988647","Postcard - 'SS Miltiades', Nurse A. E. Williams (nee Cocking), World War I, 1917","Ship Depicted","1917","","","","","Military history; Service; Souvenirs","Military Memorabilia; Wars & Conflicts; World War I, 1914-1918; Military Medical Care; Military Memorabilia; Postcards; Ships; World War II, 1939-1945","Military Memorabilia Collection; Returned and Services League (RSL) Collection","true"
"items/1988649","Postcard - 'Sao Vicente', Cape Verde, Nurse A. E. Williams (nee Cocking), World War I, 1917","Date Depicted","1917","Sao Vicente","","","Cape Verde","Military history; Service; Souvenirs","Military Memorabilia; Wars & Conflicts; World War I, 1914-1918; Military Medical Care; Military Memorabilia; Postcards; Islands; Cityscapes; World War II, 1939-1945","Military Memorabilia Collection; Returned and Services League (RSL) Collection","true"
"items/1988649","Postcard - 'Sao Vicente', Cape Verde, Nurse A. E. Williams (nee Cocking), World War I, 1917","Previous Owner","1915-1918","","","","","Military history; Service; Souvenirs","Military Memorabilia; Wars & Conflicts; World War I, 1914-1918; Military Medical Care; Military Memorabilia; Postcards; Islands; Cityscapes; World War II, 1939-1945","Military Memorabilia Collection; Returned and Services League (RSL) Collection","true"
"items/1988653","Postcard - Patients Awaiting Transport, Cairo, Egypt, Nurse A. E. Williams (nee Cocking), World War I, 1917","Date Depicted","1917","Cairo","","","Egypt","Military history; Service; Medical patients & treatment","Military Memorabilia; Wars & Conflicts; World War I, 1914-1918; Military Medical Care; Military Memorabilia; Medical Workers; Nurses; Soldiers; World War II, 1939-1945","Military Memorabilia Collection; Returned and Services League (RSL) Collection","true"
"items/1988653","Postcard - Patients Awaiting Transport, Cairo, Egypt, Nurse A. E. Williams (nee Cocking), World War I, 1917","Previous Owner","1915-1918","","","","","Military history; Service; Medical patients & treatment","Military Memorabilia; Wars & Conflicts; World War I, 1914-1918; Military Medical Care; Military Memorabilia; Medical Workers; Nurses; Soldiers; World War II, 1939-1945","Military Memorabilia Collection; Returned and Services League (RSL) Collection","true"
"items/1988653","Postcard - Patients Awaiting Transport, Cairo, Egypt, Nurse A. E. Williams (nee Cocking), World War I, 1917","Organisation Depicted","1917","","","","","Military history; Service; Medical patients & treatment","Military Memorabilia; Wars & Conflicts; World War I, 1914-1918; Military Medical Care; Military Memorabilia; Medical Workers; Nurses; Soldiers; World War II, 1939-1945","Military Memorabilia Collection; Returned and Services League (RSL) Collection","true"
"items/1988663","Postcard - 'SS Dover Castle Leaving Cape Town Docks', South Africa, Nurse A. E. Williams (nee Cocking), World War I, 1917","Date Depicted","1917","Cape Town","","Cape Province","South Africa","Military history; Service; Souvenirs","Military Memorabilia; Wars & Conflicts; World War I, 1914-1918; Military Medical Care; Military Memorabilia; Ships; World War II, 1939-1945","Military Memorabilia Collection; Returned and Services League (RSL) Collection","true"
"items/1988663","Postcard - 'SS Dover Castle Leaving Cape Town Docks', South Africa, Nurse A. E. Williams (nee Cocking), World War I, 1917","Previous Owner","1915-1918","","","","","Military history; Service; Souvenirs","Military Memorabilia; Wars & Conflicts; World War I, 1914-1918; Military Medical Care; Military Memorabilia; Ships; World War II, 1939-1945","Military Memorabilia Collection; Returned and Services League (RSL) Collection","true"
"items/1988666","Postcard - Woman in Local Dress, Sao Vicente, Cape Verde, Nurse A. E. Williams (nee Cocking), World War I, 1917","Place & Date Depicted","1917","Sao Vicente","","","Cape Verde","Military history; Service; Souvenirs","Military Memorabilia; Wars & Conflicts; World War I, 1914-1918; Military Medical Care; Military Memorabilia; Traditional Costumes; Portraits; Souvenirs; World War II, 1939-1945","Military Memorabilia Collection; Returned and Services League (RSL) Collection","true"
"items/1988666","Postcard - Woman in Local Dress, Sao Vicente, Cape Verde, Nurse A. E. Williams (nee Cocking), World War I, 1917","Previous Owner","1915-1918","","","","","Military history; Service; Souvenirs","Military Memorabilia; Wars & Conflicts; World War I, 1914-1918; Military Medical Care; Military Memorabilia; Traditional Costumes; Portraits; Souvenirs; World War II, 1939-1945","Military Memorabilia Collection; Returned and Services League (RSL) Collection","true"
"items/1988716","Postcard - 'Greek Dress, A Shepherd', Greece, Nurse A. E. Williams (nee Cocking), World War I, 1918","Place & Date Depicted","1918","","","","Greece","Military history; Service; Souvenirs","Military Memorabilia; Wars & Conflicts; World War I, 1914-1918; Military Medical Care; Military Memorabilia; Souvenirs; Traditional Costumes; Postcards; World War II, 1939-1945","Military Memorabilia Collection; Returned and Services League (RSL) Collection","true"
"items/1988716","Postcard - 'Greek Dress, A Shepherd', Greece, Nurse A. E. Williams (nee Cocking), World War I, 1918","Previous Owner","1915-1918","","","","","Military history; Service; Souvenirs","Military Memorabilia; Wars & Conflicts; World War I, 1914-1918; Military Medical Care; Military Memorabilia; Souvenirs; Traditional Costumes; Postcards; World War II, 1939-1945","Military Memorabilia Collection; Returned and Services League (RSL) Collection","true"
"items/1988721","Postcard - 'Constantin Triumphal Arch', Salonica, Greece, Nurse A. E. Williams (nee Cocking), World War I, 1918","Place & Date Depicted","1918","Salonica","","","Greece","Military history; Service; Souvenirs","Military Memorabilia; Wars & Conflicts; World War I, 1914-1918; Military Medical Care; Military Memorabilia; Souvenirs; Arch Bridges; Postcards; Cityscapes; World War II, 1939-1945","Military Memorabilia Collection; Returned and Services League (RSL) Collection","true"
"items/1988721","Postcard - 'Constantin Triumphal Arch', Salonica, Greece, Nurse A. E. Williams (nee Cocking), World War I, 1918","Previous Owner","1915-1918","","","","","Military history; Service; Souvenirs","Military Memorabilia; Wars & Conflicts; World War I, 1914-1918; Military Medical Care; Military Memorabilia; Souvenirs; Arch Bridges; Postcards; Cityscapes; World War II, 1939-1945","Military Memorabilia Collection; Returned and Services League (RSL) Collection","true"
"items/1988729","Postcard - 'An Old Palikare' Soldier, Salonica, Greece, Nurse A. E. Williams (nee Cocking), World War I, 1918","Place & Date Depicted","1918","Salonica","","","Greece","Military history; Service; Souvenirs","Military Memorabilia; Wars & Conflicts; World War I, 1914-1918; Military Medical Care; Military Memorabilia; Souvenirs; Portraits; Postcards; Cityscapes; Soldiers; World War II, 1939-1945","Military Memorabilia Collection; Returned and Services League (RSL) Collection","true"
"items/1988729","Postcard - 'An Old Palikare' Soldier, Salonica, Greece, Nurse A. E. Williams (nee Cocking), World War I, 1918","Previous Owner","1915-1918","","","","","Military history; Service; Souvenirs","Military Memorabilia; Wars & Conflicts; World War I, 1914-1918; Military Medical Care; Military Memorabilia; Souvenirs; Portraits; Postcards; Cityscapes; Soldiers; World War II, 1939-1945","Military Memorabilia Collection; Returned and Services League (RSL) Collection","true"
"items/1988810","Postcard - 'The Quay', Salonica, Greece, Nurse A. E. Williams (nee Cocking), World War I, 1917","Place & Date Depicted","1918","Salonica","","","Greece","Military history; Service; Souvenirs","Military Memorabilia; Wars & Conflicts; World War I, 1914-1918; Military Medical Care; Military Memorabilia; Souvenirs; Postcards; Cityscapes; Wharves; World War II, 1939-1945","Military Memorabilia Collection; Returned and Services League (RSL) Collection","true"
"items/1988810","Postcard - 'The Quay', Salonica, Greece, Nurse A. E. Williams (nee Cocking), World War I, 1917","Previous Owner","1915-1918","","","","","Military history; Service; Souvenirs","Military Memorabilia; Wars & Conflicts; World War I, 1914-1918; Military Medical Care; Military Memorabilia; Souvenirs; Postcards; Cityscapes; Wharves; World War II, 1939-1945","Military Memorabilia Collection; Returned and Services League (RSL) Collection","true"
"items/1988820","Postcard - 'Remainder of the Market', Salonica, Greece, Nurse A. E. Williams (nee Cocking), World War I, 1917","Place & Date Depicted","1917","Salonica","","","Greece","Military history; Service; Souvenirs","Military Memorabilia; Wars & Conflicts; World War I, 1914-1918; Military Medical Care; Military Memorabilia; Souvenirs; Postcards; Cityscapes; Bombsights; World War II, 1939-1945","Military Memorabilia Collection; Returned and Services League (RSL) Collection","true"
"items/1988820","Postcard - 'Remainder of the Market', Salonica, Greece, Nurse A. E. Williams (nee Cocking), World War I, 1917","Previous Owner","1915-1918","","","","","Military history; Service; Souvenirs","Military Memorabilia; Wars & Conflicts; World War I, 1914-1918; Military Medical Care; Military Memorabilia; Souvenirs; Postcards; Cityscapes; Bombsights; World War II, 1939-1945","Military Memorabilia Collection; Returned and Services League (RSL) Collection","true"
"items/1988846","Postcard - 'Mosque Destroyed by the Fire', Salonica, Greece, Nurse A. E. Williams (nee Cocking), World War I, 1918","Place & Date Depicted","1918","Salonica","","","Greece","Military history; Service; Souvenirs","Military Memorabilia; Wars & Conflicts; World War I, 1914-1918; Military Medical Care; Military Memorabilia; Souvenirs; Postcards; Cityscapes; Bombsights; World War II, 1939-1945","Military Memorabilia Collection; Returned and Services League (RSL) Collection","true"
"items/1988846","Postcard - 'Mosque Destroyed by the Fire', Salonica, Greece, Nurse A. E. Williams (nee Cocking), World War I, 1918","Previous Owner","1915-1918","","","","","Military history; Service; Souvenirs","Military Memorabilia; Wars & Conflicts; World War I, 1914-1918; Military Medical Care; Military Memorabilia; Souvenirs; Postcards; Cityscapes; Bombsights; World War II, 1939-1945","Military Memorabilia Collection; Returned and Services League (RSL) Collection","true"
"items/1988857","Postcard - 'Harbour Salonica', Greece, Nurse A. E. Williams (nee Cocking), World War I, 1918","Place & Date Depicted","1918","Salonica","","","Greece","Military history; Service; Souvenirs","Military Memorabilia; Wars & Conflicts; World War I, 1914-1918; Military Medical Care; Military Memorabilia; Souvenirs; Postcards; Cityscapes; Harbours; Sailing Vessels; World War II, 1939-1945","Military Memorabilia Collection; Returned and Services League (RSL) Collection","true"
"items/1988857","Postcard - 'Harbour Salonica', Greece, Nurse A. E. Williams (nee Cocking), World War I, 1918","Previous Owner","1915-1918","","","","","Military history; Service; Souvenirs","Military Memorabilia; Wars & Conflicts; World War I, 1914-1918; Military Medical Care; Military Memorabilia; Souvenirs; Postcards; Cityscapes; Harbours; Sailing Vessels; World War II, 1939-1945","Military Memorabilia Collection; Returned and Services League (RSL) Collection","true"
"items/1988574","Postcard - Market Scene, Cairo, Egypt, Nurse A. E. Williams (nee Cocking), World War I, 1916","Place & Date Depicted","1918","Cairo","","","Egypt","Military history; Service; Souvenirs","Military Memorabilia; Wars & Conflicts; World War I, 1914-1918; Military Medical Care; Military Memorabilia; Postcards; Souvenirs; Markets; World War II, 1939-1945","Military Memorabilia Collection; Returned and Services League (RSL) Collection","true"
"items/1988574","Postcard - Market Scene, Cairo, Egypt, Nurse A. E. Williams (nee Cocking), World War I, 1916","Previous Owner","1915-1918","","","","","Military history; Service; Souvenirs","Military Memorabilia; Wars & Conflicts; World War I, 1914-1918; Military Medical Care; Military Memorabilia; Postcards; Souvenirs; Markets; World War II, 1939-1945","Military Memorabilia Collection; Returned and Services League (RSL) Collection","true"
"items/788367","Postcard - Walhalla, Victoria, 1905-1920","Place & Date Depicted","1905-1920","Walhalla","Gippsland","Victoria","Australia","Environments; Rural; Townscapes","Built Environment; Houses; Mines; Mining; Roads; Shops","Rodda Collection","true"
"items/2098595","Postcard - 'We Are Family: 20 Years of MGLC', Melbourne Gay & Lesbian Chorus, 16 Oct 2010","Organisation Named","16 Oct 2010","Preston","Greater Melbourne","Victoria","Australia","Cultural identity; Sexuality; Promotional materials","Lesbian & Gay; Choirs; Fundraising; Charities; Performers","","true"
"items/2098595","Postcard - 'We Are Family: 20 Years of MGLC', Melbourne Gay & Lesbian Chorus, 16 Oct 2010","Organisation Named","","Preston","Greater Melbourne","Victoria","Australia","Cultural identity; Sexuality; Promotional materials","Lesbian & Gay; Choirs; Fundraising; Charities; Performers","","true"
"items/788338","Postcard - Walhalla, Victoria, 1905-1920","Place & Date Depicted","1905-1920","Walhalla","Gippsland","Victoria","Australia","Road transport; Horse drawn vehicles","Cliffs; Horsedrawn Vehicles; Horses; Roads; Rock Formations","Rodda Collection","true"
"items/788977","Postcard - Walhalla, Victoria, 1905-1920","Place & Date Depicted","1905-1920","Walhalla","Gippsland","Victoria","Australia","Road transport; Horse drawn vehicles","Bushes; Horsedrawn Vehicles; Horses; Roads; Trees","Rodda Collection","true"
"items/788976","Postcard - Walhalla, Victoria, 1905-1920","Place & Date Depicted","1905-1920","Walhalla","Gippsland","Victoria","Australia","Recreation & tourism; Picnicking","Bridges; Miners; Picnics & Picnicking; Railway Lines; Railway Rollingstock; Steam Railway Locomotives; Trains","Rodda Collection","true"
"items/476095","Postcard - Eastern Facade, Exhibition Building, Melbourne, circa 1912","Place & Date Made","circa 1912","","","","England, Great Britain","Royal exhibition building; Revenue; Souvenir postcards","Buildings; Civic Mementoes; Correspondence; Exterior Views; Postcards; Royal Exhibition Building; Souvenirs","Royal Exhibition Building Collection","true"
"items/476095","Postcard - Eastern Facade, Exhibition Building, Melbourne, circa 1912","Place & Date Depicted","circa 1912","Melbourne","Greater Melbourne","Victoria","Australia","Royal exhibition building; Revenue; Souvenir postcards","Buildings; Civic Mementoes; Correspondence; Exterior Views; Postcards; Royal Exhibition Building; Souvenirs","Royal Exhibition Building Collection","true"
"items/476095","Postcard - Eastern Facade, Exhibition Building, Melbourne, circa 1912","Addressed To","1912","Gawler","","South Australia","Australia","Royal exhibition building; Revenue; Souvenir postcards","Buildings; Civic Mementoes; Correspondence; Exterior Views; Postcards; Royal Exhibition Building; Souvenirs","Royal Exhibition Building Collection","true"
"items/368829","Postcard - 'Les Auteurs et les Principaux Collaborateurs', Pantheon de la Guerre, French, World War I, 1918","Place & Date Made","1918","Paris","","","France","Military history; Souvenirs & mementoes; Art & craft","Military Memorabilia; World War I, 1914-1918","Military Memorabilia Collection","true"
"items/394897","Postcard - 'Angleterre', Pantheon de la Guerre, French, World War I, 1918","Place & Date Made","1918","Paris","","","France","Military history; Souvenirs & mementoes; Art & craft","Military Memorabilia; World War I, 1914-1918","Returned and Services League (RSL) Collection; Military Memorabilia Collection","true"
"items/394895","Postcard - 'Les Cuirassiers', Pantheon de la Guerre, French, World War I, 1918","Place & Date Made","1918","Paris","","","France","Military history; Souvenirs & mementoes; Art & craft","Military Memorabilia; World War I, 1914-1918","Returned and Services League (RSL) Collection; Military Memorabilia Collection","true"
"items/394896","Postcard - 'Italie', Pantheon de la Guerre, French, World War I, 1918","Place & Date Made","1918","Paris","","","France","Military history; Souvenirs & mementoes; Art & craft","Military Memorabilia; World War I, 1914-1918","Returned and Services League (RSL) Collection; Military Memorabilia Collection","true"
"items/394894","Postcard - 'Roumaine' , Pantheon de la Guerre, French, World War I, 1918","Place & Date Made","1918","Paris","","","France","Military history; Souvenirs & mementoes; Art & craft","Military Memorabilia; World War I, 1914-1918","Returned and Services League (RSL) Collection; Military Memorabilia Collection","true"
"items/1712381","Postcard - 'S.O.C. Day' Seeds of Compassion Day, Victoria, Sep 2009","Creator","Sept - Nov 2009","Camberwell","Greater Melbourne","Victoria","Australia","Sustainability; Natural disasters; Bushfires","Black Saturday Bushfires, 2009; Bushfires; Death & Mourning; Natural Disasters; Natural Environment; Publications","Victorian Bushfires Collection","true"
"items/1712381","Postcard - 'S.O.C. Day' Seeds of Compassion Day, Victoria, Sep 2009","Distributor","Sep - Nov 2009","","","Victoria","Australia","Sustainability; Natural disasters; Bushfires","Black Saturday Bushfires, 2009; Bushfires; Death & Mourning; Natural Disasters; Natural Environment; Publications","Victorian Bushfires Collection","true"
"items/1712381","Postcard - 'S.O.C. Day' Seeds of Compassion Day, Victoria, Sep 2009","Distributor","Sep - Nov 2009","Melbourne","","Victoria","Australia","Sustainability; Natural disasters; Bushfires","Black Saturday Bushfires, 2009; Bushfires; Death & Mourning; Natural Disasters; Natural Environment; Publications","Victorian Bushfires Collection","true"
"items/1712381","Postcard - 'S.O.C. Day' Seeds of Compassion Day, Victoria, Sep 2009","Distributor","Sep - Nov 2009","Melbourne","","Victoria","Australia","Sustainability; Natural disasters; Bushfires","Black Saturday Bushfires, 2009; Bushfires; Death & Mourning; Natural Disasters; Natural Environment; Publications","Victorian Bushfires Collection","true"
"items/1712381","Postcard - 'S.O.C. Day' Seeds of Compassion Day, Victoria, Sep 2009","Distributor","Sep - Nov 2009","Melbourne","","Victoria","Australia","Sustainability; Natural disasters; Bushfires","Black Saturday Bushfires, 2009; Bushfires; Death & Mourning; Natural Disasters; Natural Environment; Publications","Victorian Bushfires Collection","true"
"items/1712381","Postcard - 'S.O.C. Day' Seeds of Compassion Day, Victoria, Sep 2009","Distributor","Sep - Nov 2009","Kinglake","","Victoria","Australia","Sustainability; Natural disasters; Bushfires","Black Saturday Bushfires, 2009; Bushfires; Death & Mourning; Natural Disasters; Natural Environment; Publications","Victorian Bushfires Collection","true"
"items/1712381","Postcard - 'S.O.C. Day' Seeds of Compassion Day, Victoria, Sep 2009","Distributor","Sep - Nov 2009","Melbourne","","Victoria","Australia","Sustainability; Natural disasters; Bushfires","Black Saturday Bushfires, 2009; Bushfires; Death & Mourning; Natural Disasters; Natural Environment; Publications","Victorian Bushfires Collection","true"
"items/1712381","Postcard - 'S.O.C. Day' Seeds of Compassion Day, Victoria, Sep 2009","Distributor","Oct 2009","","","Victoria","Australia","Sustainability; Natural disasters; Bushfires","Black Saturday Bushfires, 2009; Bushfires; Death & Mourning; Natural Disasters; Natural Environment; Publications","Victorian Bushfires Collection","true"
"items/1712381","Postcard - 'S.O.C. Day' Seeds of Compassion Day, Victoria, Sep 2009","Person Named","Jun 2010","Melbourne","","Victoria","Australia","Sustainability; Natural disasters; Bushfires","Black Saturday Bushfires, 2009; Bushfires; Death & Mourning; Natural Disasters; Natural Environment; Publications","Victorian Bushfires Collection","true"
"items/394893","Postcard - 'Sur Les Marches du Pantheon', Pantheon de la Guerre, French, World War I, 1918","Place & Date Made","1918","Paris","","","France","Military history; Souvenirs & mementoes; Art & craft","Military Memorabilia; World War I, 1914-1918","Returned and Services League (RSL) Collection; Military Memorabilia Collection","true"
"items/146663","Postcard - SY Aurora, Arch Hoadley to Rev Edward Holdsworth Sugden, Australasian Antarctic Expedition, 1911-14","Sender","18 Feb 1912","","","","Australia","Exploration; Antarctic; Sea transport","Antarctic Expeditions; Antarctic Exploration; Correspondence; Postcards; Making History - Antarctic","Antarctica Collection; Ernest Shackleton Collection","true"
"items/146663","Postcard - SY Aurora, Arch Hoadley to Rev Edward Holdsworth Sugden, Australasian Antarctic Expedition, 1911-14","Addressed To","18 Feb 1912","Parkville","Greater Melbourne","Victoria","Australia","Exploration; Antarctic; Sea transport","Antarctic Expeditions; Antarctic Exploration; Correspondence; Postcards; Making History - Antarctic","Antarctica Collection; Ernest Shackleton Collection","true"
"items/146663","Postcard - SY Aurora, Arch Hoadley to Rev Edward Holdsworth Sugden, Australasian Antarctic Expedition, 1911-14","Ship Depicted","1911-1912","","","Tasmania (?)","Australia","Exploration; Antarctic; Sea transport","Antarctic Expeditions; Antarctic Exploration; Correspondence; Postcards; Making History - Antarctic","Antarctica Collection; Ernest Shackleton Collection","true"
"items/146663","Postcard - SY Aurora, Arch Hoadley to Rev Edward Holdsworth Sugden, Australasian Antarctic Expedition, 1911-14","Expedition Leader","1911-1914","","","","Antarctica","Exploration; Antarctic; Sea transport","Antarctic Expeditions; Antarctic Exploration; Correspondence; Postcards; Making History - Antarctic","Antarctica Collection; Ernest Shackleton Collection","true"
"items/1718448","Postcard Folder - Mr Henry Foote to Mrs H Clark, 'Scenic Gems of Yosemite National Park', Yosemite, USA, 1949","Sender","7 Dec 1949","Yosemite National Park","","California","United States of America","Recreation & tourism; Travel; Correspondence","Postcards; Souvenirs; Travel & Tourism; Working Life; Making History - Kodak Collection","Kodak Heritage Collection","true"
"items/1718448","Postcard Folder - Mr Henry Foote to Mrs H Clark, 'Scenic Gems of Yosemite National Park', Yosemite, USA, 1949","Other Association (See Comments)","7 Dec 1949","Abbotsford","Greater Melbourne","Victoria","Australia","Recreation & tourism; Travel; Correspondence","Postcards; Souvenirs; Travel & Tourism; Working Life; Making History - Kodak Collection","Kodak Heritage Collection","true"
"items/1830779","Postcard - Hector Chundaloo, Pilgrim Pack, Saint Mary of the Cross MacKillop Canonisation, 2009","Person Commemorated","Oct 2010","","","","","Religions; Christianity - roman catholic; Souvenirs","Saints; Pilgrims; Religions: Roman Catholic; Artworks; Aboriginal Art; Aboriginal People","","true"
"items/1830779","Postcard - Hector Chundaloo, Pilgrim Pack, Saint Mary of the Cross MacKillop Canonisation, 2009","Artist","before 2006","Turkey Creek","","Western Australia","Australia","Religions; Christianity - roman catholic; Souvenirs","Saints; Pilgrims; Religions: Roman Catholic; Artworks; Aboriginal Art; Aboriginal People","","true"
"items/1830779","Postcard - Hector Chundaloo, Pilgrim Pack, Saint Mary of the Cross MacKillop Canonisation, 2009","Place & Date of Event","17 Oct 2010","Rome","","Vatican City","Italy","Religions; Christianity - roman catholic; Souvenirs","Saints; Pilgrims; Religions: Roman Catholic; Artworks; Aboriginal Art; Aboriginal People","","true"
"items/1788790","Postcard - Southern Facade, 'Exhibition Buildings, Melbourne, Australia', circa 1904","Place & Date Depicted","circa 1904","Melbourne","Greater Melbourne","Victoria","Australia","Royal exhibition building; Revenue; Souvenir postcards","Buildings; Civic Mementoes; Exterior Views; Postcards; Royal Exhibition Building; Souvenirs","Royal Exhibition Building Collection","true"
"items/1092106","Postcard - 'Refugee Week', Avant Card, 2004","Publisher","2004","","","","Australia","Migration; Community activity; Promotional materials","Asylum Seekers; Detention Centres; Immigrant Voyages; Immigration; Immigration Debates; Immigration Policies; Immigration Selection; Refugee Children; Refugees","","true"
"items/1092106","Postcard - 'Refugee Week', Avant Card, 2004","Organiser of Event","2004","","","","Australia","Migration; Community activity; Promotional materials","Asylum Seekers; Detention Centres; Immigrant Voyages; Immigration; Immigration Debates; Immigration Policies; Immigration Selection; Refugee Children; Refugees","","true"
"items/1092106","Postcard - 'Refugee Week', Avant Card, 2004","Date of Event","24 Oct 2004 - 30 Oct 2004","","","","Australia","Migration; Community activity; Promotional materials","Asylum Seekers; Detention Centres; Immigrant Voyages; Immigration; Immigration Debates; Immigration Policies; Immigration Selection; Refugee Children; Refugees","","true"
"items/1740855","Postcard - Family Picnic, Greensborough, Victoria, 1921","Printer & Publisher","","","Greater Melbourne","Victoria","Australia","Recreation & tourism; Picnicking; Group portraits","Carriages; Children; Families; Horsedrawn Vehicles; People; Picnics & Picnicking; Portraits; Postcards; Recreation Activities; Road Transport; Wagon Wheels","The Biggest Family Album in Australia","true"
"items/1740855","Postcard - Family Picnic, Greensborough, Victoria, 1921","Place & Date Depicted","1921","Greensborough","Greater Melbourne","Victoria","Australia","Recreation & tourism; Picnicking; Group portraits","Carriages; Children; Families; Horsedrawn Vehicles; People; Picnics & Picnicking; Portraits; Postcards; Recreation Activities; Road Transport; Wagon Wheels","The Biggest Family Album in Australia","true"
"items/1788781","Postcard - 'Exhibition Buildings, Melbourne', Philco Series, London, circa 1909","Publisher","circa 1909","London","","","England, Great Britain","Royal exhibition building; Revenue; Souvenir postcards","Buildings; Civic Mementoes; Exterior Views; Postcards; Royal Exhibition Building; Souvenirs","Royal Exhibition Building Collection","true"
"items/1788781","Postcard - 'Exhibition Buildings, Melbourne', Philco Series, London, circa 1909","Place & Date Depicted","circa 1909","Melbourne","Greater Melbourne","Victoria","Australia","Royal exhibition building; Revenue; Souvenir postcards","Buildings; Civic Mementoes; Exterior Views; Postcards; Royal Exhibition Building; Souvenirs","Royal Exhibition Building Collection","true"
"items/1740878","Postcard - Class 1A, Eastern Road State School, South Melbourne, circa 1932","Organisation Depicted","circa 1932","South Melbourne","Greater Melbourne","Victoria","Australia","Education; Primary & secondary schools; Students","Children; Education; Portraits; School Children; Schools","The Biggest Family Album in Australia","true"
"items/1740878","Postcard - Class 1A, Eastern Road State School, South Melbourne, circa 1932","Place & Date Depicted","circa 1932","South Melbourne","Greater Melbourne","Victoria","Australia","Education; Primary & secondary schools; Students","Children; Education; Portraits; School Children; Schools","The Biggest Family Album in Australia","true"
"items/1740878","Postcard - Class 1A, Eastern Road State School, South Melbourne, circa 1932","Printer & Publisher","","","Greater Melbourne","Victoria","Australia","Education; Primary & secondary schools; Students","Children; Education; Portraits; School Children; Schools","The Biggest Family Album in Australia","true"
"items/2018586","Postcard - Exhibition Building, Melbourne, circa 1905","Place & Date Depicted","circa 1905","Melbourne","Greater Melbourne","Victoria","Australia","Royal exhibition building; Revenue; Souvenir postcards","Buildings; Civic Mementoes; Exterior Views; Photography; Postcards; Royal Exhibition Building; Souvenirs","Royal Exhibition Building Collection","true"
"items/2018586","Postcard - Exhibition Building, Melbourne, circa 1905","Original Owner","1926-1930","Elsternwick","Greater Melbourne","Victoria","Australia","Royal exhibition building; Revenue; Souvenir postcards","Buildings; Civic Mementoes; Exterior Views; Photography; Postcards; Royal Exhibition Building; Souvenirs","Royal Exhibition Building Collection","true"
"items/2018576","Postcard - Exhibition Building, Melbourne, circa 1901","Place & Date Depicted","circa 1901","Melbourne","Greater Melbourne","Victoria","Australia","Royal exhibition building; Revenue; Souvenir postcards","Buildings; Civic Mementoes; Exterior Views; Photography; Postcards; Royal Exhibition Building; Souvenirs","Royal Exhibition Building Collection","true"
"items/2018576","Postcard - Exhibition Building, Melbourne, circa 1901","Original Owner","1926-1930","Elsternwick","Greater Melbourne","Victoria","Australia","Royal exhibition building; Revenue; Souvenir postcards","Buildings; Civic Mementoes; Exterior Views; Photography; Postcards; Royal Exhibition Building; Souvenirs","Royal Exhibition Building Collection","true"
"items/2018576","Postcard - Exhibition Building, Melbourne, circa 1901","Photographer","1880","","","","","Royal exhibition building; Revenue; Souvenir postcards","Buildings; Civic Mementoes; Exterior Views; Photography; Postcards; Royal Exhibition Building; Souvenirs","Royal Exhibition Building Collection","true"
"items/1689709","Digital Photograph - Postcard, Girl Dressed for First Holy Communion, Williamstown, 1929","Place & Date Depicted","1929","Williamstown","Greater Melbourne","Victoria","Australia","Celebrations & traditions; Confirmation & first communion; Clothing","","Melbourne's Biggest Family Album","true"
"items/1689709","Digital Photograph - Postcard, Girl Dressed for First Holy Communion, Williamstown, 1929","Photographer","","","","","","Celebrations & traditions; Confirmation & first communion; Clothing","","Melbourne's Biggest Family Album","true"
"items/788359","Postcard - Walhalla, Victoria, circa 1910","Place & Date Depicted","circa 1910","Walhalla","Gippsland","Victoria","Australia","Recreation & tourism","Carnivals; Celebrations; Horse Riding; Horses; Public Gardens; Sport; Tents; Umbrellas","Rodda Collection","true"
"items/1716724","Postcard - Sailors Preparing a Body for Burial on HMAS Hobart, Indonesia, World War II, 1941-1942","Photographer","1941-1942","","","","Australia","Military history; Service; War graves & burials","Battleships; Burial Grounds; Death & Mourning; Oceans; Sailors; Ships; Uniforms; Wars & Conflicts; World War II, 1939-1945","Military Memorabilia Collection","true"
"items/1716724","Postcard - Sailors Preparing a Body for Burial on HMAS Hobart, Indonesia, World War II, 1941-1942","Place & Date Depicted","1941-1942","","","","Indonesia","Military history; Service; War graves & burials","Battleships; Burial Grounds; Death & Mourning; Oceans; Sailors; Ships; Uniforms; Wars & Conflicts; World War II, 1939-1945","Military Memorabilia Collection","true"
"items/1716724","Postcard - Sailors Preparing a Body for Burial on HMAS Hobart, Indonesia, World War II, 1941-1942","Ship Depicted","","","","","","Military history; Service; War graves & burials","Battleships; Burial Grounds; Death & Mourning; Oceans; Sailors; Ships; Uniforms; Wars & Conflicts; World War II, 1939-1945","Military Memorabilia Collection","true"
"items/1810985","Postcard - 'To My Dear Mother', Embroidered , World War I, 1914-1918","Place & Date Made","1914-1918","","","","France","Military history; Service; Correspondence","Embroidery; Postcards; Families; Souvenirs; World War I, 1914-1918","","true"
"items/2098635","Postcard - 'Dominion Monarch', to Elsie Storie, 1955","Date Written","1955","","","","","Recreation & tourism; Travel - international","Correspondence; Postcards; Travel & Tourism; Shipboard Travel; Ships","","true"
"items/2098635","Postcard - 'Dominion Monarch', to Elsie Storie, 1955","Previous Owner","","","","","","Recreation & tourism; Travel - international","Correspondence; Postcards; Travel & Tourism; Shipboard Travel; Ships","","true"
"items/2098635","Postcard - 'Dominion Monarch', to Elsie Storie, 1955","Ship Depicted","","","","","","Recreation & tourism; Travel - international","Correspondence; Postcards; Travel & Tourism; Shipboard Travel; Ships","","true"
"items/2098635","Postcard - 'Dominion Monarch', to Elsie Storie, 1955","Place Depicted","","Cape Town","","","South Africa","Recreation & tourism; Travel - international","Correspondence; Postcards; Travel & Tourism; Shipboard Travel; Ships","","true"
"items/1147031","Postcard - To My Dear Sister Eunice From Cliff, World War I, 21 Apr 1917","Date Inscribed","21 Apr 1917","","","","France","Military history; Personal effects; Correspondence","Wars & Conflicts; World War I, 1914-1918; Written Communications","","true"
"items/1779989","Postcard - 'Australia Greets America', Visit of the US Fleet, 1908","Place & Date Sent","1908","Melbourne","","Victoria","Australia","Public events; Us fleet visit, 1925; Souvenirs","Postcards; American Military Forces; Australian Art; Great White Fleet","","true"
"items/1779989","Postcard - 'Australia Greets America', Visit of the US Fleet, 1908","Addressed To","1908","Adelaide","","South Australia","Australia","Public events; Us fleet visit, 1925; Souvenirs","Postcards; American Military Forces; Australian Art; Great White Fleet","","true"
"items/1919857","Postcard - 'Australia' map, Commonwealth Immigration Office, circa 1924","Issued By","","Melbourne","","Victoria","Australia","Migration; Policy; Correspondence","Migration & Settlement; Immigration; Promotional Materials; Logging; Logging Workers; Timber Industry; Timber Harvesting; Saw Mills; Rural Life; Bushland; Tramways; Mountains","","true"
"items/1779992","Postcard - 'Australians Welcome Americans', US Fleet Visit, 1908","Date Manufactured","1908","","","","","Public events; Us fleet visit, 1925; Souvenirs","Postcards; American Military Forces; Americans; Coat of Arms: Commonwealth of Australia, 1908; Coat of Arms: United States of America; Flags","","true"
"items/1810981","Postcard - 'To My Dear Mother', Embroidered, Carte Postale, World War I, 1914-1918","Place & Date Made","1914-1918","","","","France","Military history; Service; Correspondence","Embroidery; Postcards; Souvenirs; Families; World War I, 1914-1918","","true"
"items/1779983","Postcard - 'A Happy Birthday', Embroidered, World War I, 10 Jun 1917","Date Written","10 Jun 1917","","","","","Military history; Personal effects; Correspondence","Wars & Conflicts; World War I, 1914-1918","","true"
"items/1779998","Postcard - 'No More Bluff', World War I, 1914-1918","Place & Date Depicted","1914-1918","","","","Europe","Military history; Personal effects; Correspondence","Wars & Conflicts; Postcards; World War I, 1914-1918; Propaganda; Allegorical Art","","true"
"items/2106523","Postcard - Kodak Australasia Pty Ltd, Radiography Markets Division, circa 1969","Issued By","1969","Coburg","Greater Melbourne","Victoria","Australia","Manufacturing & industry; Photographic products; Stationery","Industry; Photographic Equipment & Supplies; Working Life; Marketing; Sales; Sales Promotion; Newsletters; Advertising; Retailing; X-Ray Equipment","Kodak Heritage Collection","true"
"items/255395","Postcard - World's Fair New York, 1964-1965","Publisher","1963","West Wyack","","New York","United States of America","Royal exhibition building; Revenue; Souvenir postcards","Civic Mementoes; Exhibitions; Souvenirs; World Fairs","Royal Exhibition Building Collection","true"
"items/255395","Postcard - World's Fair New York, 1964-1965","Place & Date of Event","1964-1965","New York City","","New York State","United States of America","Royal exhibition building; Revenue; Souvenir postcards","Civic Mementoes; Exhibitions; Souvenirs; World Fairs","Royal Exhibition Building Collection","true"
"items/1092635","Postcard - 'Recognise the Journey Celebrate the Future', Avant Card, 2003","Publisher","2003","","","","Australia","Migration; Community activity; Promotional materials","Asylum Seekers; Detention Centres; Immigrant Voyages; Immigration; Immigration Debates; Immigration Policies; Immigration Selection; Refugee Children; Refugees","","true"
"items/1780183","Postcard - Lord Kitchener, C W Faulkner & Co, Series 1456, Anglo-Boer War, 1899-1902","Publisher","1899-1902","London","","","England, Great Britain","Military history; Souvenirs & mementoes; Collecting cards","Postcards; Flags; Boer War, 1899-1902; Conflicts; Lord Kitchener","","true"
"items/1780089","Postcard - 'I Could Stay Forever', Popular Series, No. 512, Germany, circa 1905-1914","Place Manufactured","circa 1905-1914","","","","Germany","Military history; Personal effects; Correspondence","Postcards; Christmas Cards; World War I, 1914-1918","","true"
"items/1780090","Postcard - 'A Swollen Creek', Melbourne, Victoria, 1904","Place & Date Sent","1904","Melbourne","","Victoria","Australia","Environments; Rural; Creeks","Waterways; Sheep; Landscapes; Flooding; Sheep; Drovers; Tourism","","true"
"items/1780090","Postcard - 'A Swollen Creek', Melbourne, Victoria, 1904","Addressed To","1904","Adelaide","","South Australia","Australia","Environments; Rural; Creeks","Waterways; Sheep; Landscapes; Flooding; Sheep; Drovers; Tourism","","true"
"items/1779997","Postcard - RMS Lusitania, 8 Mar 1910","Date inscribed","8 Mar 1910","London","","","England, Great Britain","Water transport; Shipboard life; Souvenirs","Wars & Conflicts; World War I, 1914-1918; Shipwrecks; Tourism; Shipboard Travel","","true"
"items/1779997","Postcard - RMS Lusitania, 8 Mar 1910","Ship Depicted","","","","","","Water transport; Shipboard life; Souvenirs","Wars & Conflicts; World War I, 1914-1918; Shipwrecks; Tourism; Shipboard Travel","","true"
"items/1779997","Postcard - RMS Lusitania, 8 Mar 1910","Place Made","","London","","","England, Great Britain","Water transport; Shipboard life; Souvenirs","Wars & Conflicts; World War I, 1914-1918; Shipwrecks; Tourism; Shipboard Travel","","true"
"items/1779986","Postcard - 'For Frank' from 'Uncle Charley', World War I, 1914-1918","Date Made","1914-1918","","","","","Military history; Personal effects; Correspondence","Wars & Conflicts; Postcards; World War I, 1914-1918","","true"
"items/1780179","Postcard - 'Love To Mother' from Jacko, World War I, 1914-1918","Date Made","1914-1918","","","","","Military history; Personal effects; Correspondence","World War I, 1914-1918; Wars & Conflicts; Postcards","","true"
"items/1917667","Postcard - 'Timber Tramway in a Beautiful Setting', Commonwealth Immigration Office, circa 1924","Issued By","circa 1924","Melbourne","Greater Melbourne","Victoria","Australia","Migration; Orientation; Promotional materials","Bushland; Exhibitions: British Empire Exhibition, Wembley, 1924; Forestry Industry; Forests; Horse Teams; Immigration; Logging; Logging Workers; Migration & Settlement; Promotional Materials; Rural Life; Saw Mills; Timber Bridges; Timber Industry; Timber Harvesting; Tramways; British Immigration; British Colonies; British Empire","","true"
"items/1917667","Postcard - 'Timber Tramway in a Beautiful Setting', Commonwealth Immigration Office, circa 1924","Printer","by 1924","Melbourne","Greater Melbourne","Victoria","Australia","Migration; Orientation; Promotional materials","Bushland; Exhibitions: British Empire Exhibition, Wembley, 1924; Forestry Industry; Forests; Horse Teams; Immigration; Logging; Logging Workers; Migration & Settlement; Promotional Materials; Rural Life; Saw Mills; Timber Bridges; Timber Industry; Timber Harvesting; Tramways; British Immigration; British Colonies; British Empire","","true"
"items/1422297","Postcard - 'Healthy Waterways', Melbourne Water, 2003","Creator","2006","Melbourne","Greater Melbourne","Victoria","Australia","Sustainability; Conservation - water; Promotional materials","Behavioural Changes; Conservation; Gardening; Government Policies; Industrial Design; Innovations; National Water Week; Natural Environment; Recycling; Waste; Water; Innovation & Design","Water Smart Home Collection","true"
"items/1810947","Postcard - 'Aden', Yemen, World War I, 1914-1918","Place Depicted","1914-1918","Aden","","","Yemen","Military history; Service; Souvenirs","Canals & Waterways; Souvenirs; Postcards; World War I, 1914-1918","","true"
"items/1810951","Postcard - 'Going Through Suez Canal', World War I, 1914-1918","Date Depicted","1914-1918","","","","","Military history; Service; Souvenirs","Canals & Waterways; Souvenirs; Postcards; World War I, 1914-1918","","true"
"items/1780187","Postcard - 'Empire', No 276, Raphael Tuck, circa 1900","Printer & Publisher","circa 1900","","","","England, Great Britain","Military history; Souvenirs & mementoes; Collecting cards","Postcards; Flags; Boer War, 1899-1902; Conflicts","","true"
"items/1780189","Postcard - 'Empire', No 278, Raphael Tuck, circa 1900","Printer & Publisher","circa 1900","","","","England, Great Britain","Military history; Souvenirs & mementoes; Collecting cards","Postcards; Flags; Boer War, 1899-1902; Conflicts","","true"
"items/1780091","Postcard - 'Collins Street', Melbourne, 12 Apr 1905","Place & Date Sent","12 Apr 1905","Melbourne","","Victoria","Australia","Environments; Metropolitan - melbourne; Streetscapes","Streetscapes; Postcards","","true"
"items/1780091","Postcard - 'Collins Street', Melbourne, 12 Apr 1905","Addressed To","12 Apr 1905","Celle","","Hannover","Germany","Environments; Metropolitan - melbourne; Streetscapes","Streetscapes; Postcards","","true"
"items/1780091","Postcard - 'Collins Street', Melbourne, 12 Apr 1905","Place Depicted","","Melbourne","","Victoria","Australia","Environments; Metropolitan - melbourne; Streetscapes","Streetscapes; Postcards","","true"
"items/1147062","Postcard - 'D......m Hard Job!', Addressed to Ralph, World War I, 1914-1918","Place & Date Depicted","1914-1918","","","","Egypt","Military history; Personal effects; Correspondence","Wars & Conflicts; World War I, 1914-1918; Written Communications; Racial Identity","","true"
"items/788339","Postcard - Walhalla, Victoria, 1905-1920","Place & Date Depicted","1905-1920","Walhalla","Gippsland","Victoria","Australia","Environments; Rural; Streetscapes","Fences; Horsedrawn Vehicles; Horses; Hotels; Roads; Signage","Rodda Collection","true"
"items/1787911","Postcard - Unknown Author, to Mr. & Mrs. Malval, 1944","Addressed To","1944","Ridgefield","","Connecticut","United States of America","Military history; Service; Correspondence","Australians at War; Christmas Cards; Correspondence; Military Communication; Military History; War Effort; War Service; Wars & Conflicts; World War II, 1939-1945; Soldiers' Comforts","","true"
"items/1787911","Postcard - Unknown Author, to Mr. & Mrs. Malval, 1944","Author","1944","","","","","Military history; Service; Correspondence","Australians at War; Christmas Cards; Correspondence; Military Communication; Military History; War Effort; War Service; Wars & Conflicts; World War II, 1939-1945; Soldiers' Comforts","","true"
"items/255347","Postcard - Opening of Federal Parliament, 1902","Publisher","1902","","","","Australia","Public events; Federation; Promotional materials","Australian Federation, 1901; Ceremonies; Civic Mementoes; Politics; Royal Exhibition Building; Royal Visits; Souvenirs","Royal Exhibition Building Collection","true"
"items/255347","Postcard - Opening of Federal Parliament, 1902","Person Depicted","09 May 1901","Melbourne","Greater Melbourne","Victoria","Australia","Public events; Federation; Promotional materials","Australian Federation, 1901; Ceremonies; Civic Mementoes; Politics; Royal Exhibition Building; Royal Visits; Souvenirs","Royal Exhibition Building Collection","true"
"items/1718483","Postcard Folder - Mr Edgar Rouse to Mr H Clark Jnr, 'Washington, Evergreen Playground', Washington via Seattle, USA, 1938","Sender","1938","Washington"," ","","United States of America","Recreation & tourism; Travel; Correspondence","Postcards; Souvenirs; Travel & Tourism; Working Life; Making History - Kodak Collection","Kodak Heritage Collection","true"
"items/1718483","Postcard Folder - Mr Edgar Rouse to Mr H Clark Jnr, 'Washington, Evergreen Playground', Washington via Seattle, USA, 1938","Recipient","1938","Abbotsford","Greater Melbourne","Victoria","Australia","Recreation & tourism; Travel; Correspondence","Postcards; Souvenirs; Travel & Tourism; Working Life; Making History - Kodak Collection","Kodak Heritage Collection","true"
"items/1718483","Postcard Folder - Mr Edgar Rouse to Mr H Clark Jnr, 'Washington, Evergreen Playground', Washington via Seattle, USA, 1938","Other Association (See Comments)","1938","Abbotsford","Greater Melbourne","Victoria","Australia","Recreation & tourism; Travel; Correspondence","Postcards; Souvenirs; Travel & Tourism; Working Life; Making History - Kodak Collection","Kodak Heritage Collection","true"
"items/1787914","Postcard - Australian Comforts Fund, H. Boxall, to Mr & Mrs Henry J. Malval, circa 1943-1945","Sender","circa 1943-1945","Darwin","","Northern Territory","Australia","Military history; Service; Correspondence","Australians at War; Correspondence; Military Communication; Military History; War Effort; War Service; Wars & Conflicts; World War II, 1939-1945; Soldiers' Comforts","","true"
"items/1787914","Postcard - Australian Comforts Fund, H. Boxall, to Mr & Mrs Henry J. Malval, circa 1943-1945","Addressed To","circa 1943-1945","Georgetown","","Connecticut","United States of America","Military history; Service; Correspondence","Australians at War; Correspondence; Military Communication; Military History; War Effort; War Service; Wars & Conflicts; World War II, 1939-1945; Soldiers' Comforts","","true"
"items/1787915","Postcard - Australian Comforts Fund, J.F Hurst, to Mr. & Mrs. Henry Malval, 28 Dec 1944","Sender","28 Dec 1944","Darwin","","Northern Territory","Australia","Military history; Service; Correspondence","Australians at War; Correspondence; Military Communication; Military History; Postcards; War Effort; War Service; Wars & Conflicts; World War II, 1939-1945; Soldiers' Comforts","","true"
"items/1787915","Postcard - Australian Comforts Fund, J.F Hurst, to Mr. & Mrs. Henry Malval, 28 Dec 1944","Addressed To","28 Dec 1944","Georgetown","","Connecticut","United States of America","Military history; Service; Correspondence","Australians at War; Correspondence; Military Communication; Military History; Postcards; War Effort; War Service; Wars & Conflicts; World War II, 1939-1945; Soldiers' Comforts","","true"
"items/1787913","Postcard - Australian Comforts Fund, R. Hetherington, to Mrs. J. H Malval, 17 Dec 1943","Sender","17 Dec 1943","","","","New Guinea","Military history; Service; Correspondence","Australians at War; Correspondence; Military Communication; Military History; Postcards; War Effort; War Service; Wars & Conflicts; World War II, 1939-1945; Soldiers' Comforts","","true"
"items/1787913","Postcard - Australian Comforts Fund, R. Hetherington, to Mrs. J. H Malval, 17 Dec 1943","Addressed To","17 Dec 1943","Georgetown","","Connecticut","United States of America","Military history; Service; Correspondence","Australians at War; Correspondence; Military Communication; Military History; Postcards; War Effort; War Service; Wars & Conflicts; World War II, 1939-1945; Soldiers' Comforts","","true"
"items/1810973","Postcard - 'To My Dear Mother', Embroidered, Cairo, World War I, 12 May 1917","Place & Date Inscribed","12 May 1917","Cairo","","","Egypt","Military history; Service; Correspondence","Embroidery; Postcards; Souvenirs; Flowers; Families; World War I, 1914-1918","","true"
"items/1811004","Postcard - Tom to Molly, 'Souvenir of the Great War', Embroidered, World War I, 1914-1918","Place Named","1914-1918","","","","France","Military history; Service; Souvenirs","Embroidery; Souvenirs; Postcards; Flags; Patriotism; World War I, 1914-1918","","true"
"items/1780000","Postcard - 'Advance Australia', World War I, 1914-1918","Artist","1914-1918","","","","","Military history; Personal effects; Correspondence","Wars & Conflicts; Postcards; Propaganda; World War I, 1914-1918; Allegorical Art","","true"
"items/1780000","Postcard - 'Advance Australia', World War I, 1914-1918","Printer","","","","","","Military history; Personal effects; Correspondence","Wars & Conflicts; Postcards; Propaganda; World War I, 1914-1918; Allegorical Art","","true"
"items/1810991","Postcard - 'To My Sweetheart', Embroidered, France, World War I, 22 Jul 1917","Place & Date Inscribed","22 Jul 1917","","","","France","Military history; Service; Correspondence","Embroidery; Postcards; Souvenirs; Love Tokens; World War I, 1914-1918","","true"
"items/2106522","Postcard - Kodak Australasia Pty Ltd, Radiography Markets Division, circa 1969","Issued By","1969","Coburg","Greater Melbourne","Victoria","Australia","Manufacturing & industry; Photographic products; Stationery","Industry; Photographic Equipment & Supplies; Working Life; Marketing; Sales; Sales Promotion; Newsletters; Advertising; Retailing; X-Ray Equipment","Kodak Heritage Collection","true"
"items/1810939","Postcard - 'Entrance to Suez Canal', Port Suez, World War I, 1914-1918","Place Depicted","1914-1918","Port Suez","","","Yemen","Military history; Service; Souvenirs","Canals & Waterways; Postcards; Souvenirs; World War I, 1914-1918","","true"
"items/1331207","Postcard - H.V McKay, 'Cosechadora La Australiana', Argentina, circa 1902","Place Depicted","","Buenos Aires","","","Argentina","Agriculture & rural life; Crop management - harvesting; Harvesting equipment","Agricultural Equipment; Harvesters; Horsedrawn Equipment","Old McKay Archive; H.V. McKay Sunshine Collection","true"
"items/1917669","Postcard - 'A Teamster's Camp in Australia Carting Wheat to a Railway Station', Commonwealth Immigration Office, circa 1922","Issued By","circa 1922","Melbourne","Greater Melbourne","Victoria","Australia","Migration; Orientation; Promotional materials","Bagged Crops; Campsites; Exhibitions: British Empire Exhibition, Wembley, 1924; Horse Teams; Horsedrawn Vehicles; Immigration; Migration & Settlement; Promotional Materials; Rural Life; Transport & Packaging; British Immigration; British Colonies; British Empire","","true"
"items/1917669","Postcard - 'A Teamster's Camp in Australia Carting Wheat to a Railway Station', Commonwealth Immigration Office, circa 1922","Printer","by 1924","Melbourne","Greater Melbourne","Victoria","Australia","Migration; Orientation; Promotional materials","Bagged Crops; Campsites; Exhibitions: British Empire Exhibition, Wembley, 1924; Horse Teams; Horsedrawn Vehicles; Immigration; Migration & Settlement; Promotional Materials; Rural Life; Transport & Packaging; British Immigration; British Colonies; British Empire","","true"
"items/1917668","Postcard - 'Mustering on a Sheep Station', Commonwealth Immigration Office, circa 1922","Issued By","circa 1922","Melbourne","Greater Melbourne","Victoria","Australia","Migration; Orientation; Promotional materials","Agriculture; Eucalypts; Exhibitions: British Empire Exhibition, Wembley, 1924; Farming Methods; Farms; Immigration; Meat Exports; Migration & Settlement; Promotional Materials; Pastoral Industry; Rural Life; Sheep; British Immigration; British Colonies; British Empire","","true"
"items/1917668","Postcard - 'Mustering on a Sheep Station', Commonwealth Immigration Office, circa 1922","Printer","by 1922","Melbourne","Greater Melbourne","Victoria","Australia","Migration; Orientation; Promotional materials","Agriculture; Eucalypts; Exhibitions: British Empire Exhibition, Wembley, 1924; Farming Methods; Farms; Immigration; Meat Exports; Migration & Settlement; Promotional Materials; Pastoral Industry; Rural Life; Sheep; British Immigration; British Colonies; British Empire","","true"
"items/1917666","Postcard - 'Breaking Land for an Orchard', Commonwealth Immigration Office, circa 1924","Issued By","circa 1924","Melbourne","Greater Melbourne","Victoria","Australia","Migration; Orientation; Promotional materials","Agriculture; Exhibitions: British Empire Exhibition, Wembley, 1924; Farms; Horse Teams; Immigration; Migration & Settlement; Mouldboard Ploughs; Ploughing; Promotional Materials; Orchards; Rural Life; British Immigration; British Colonies; British Empire","","true"
"items/1917666","Postcard - 'Breaking Land for an Orchard', Commonwealth Immigration Office, circa 1924","Printer","by 1924","Melbourne","Greater Melbourne","Victoria","Australia","Migration; Orientation; Promotional materials","Agriculture; Exhibitions: British Empire Exhibition, Wembley, 1924; Farms; Horse Teams; Immigration; Migration & Settlement; Mouldboard Ploughs; Ploughing; Promotional Materials; Orchards; Rural Life; British Immigration; British Colonies; British Empire","","true"
"items/1917665","Postcard - 'Off to School in the Australian Bush', Commonwealth Immigration Office, circa 1924","Issued By","circa 1924","Melbourne","Greater Melbourne","Victoria","Australia","Migration; Orientation; Promotional materials","Children; Education; Exhibitions: British Empire Exhibition, Wembley, 1924; Fences; Horse Riding; Horses; Immigration; Migration & Settlement; Promotional Materials; Rural Life; British Immigration; British Colonies; British Empire","","true"
"items/1917665","Postcard - 'Off to School in the Australian Bush', Commonwealth Immigration Office, circa 1924","Printer","by 1924","Melbourne","Greater Melbourne","Victoria","Australia","Migration; Orientation; Promotional materials","Children; Education; Exhibitions: British Empire Exhibition, Wembley, 1924; Fences; Horse Riding; Horses; Immigration; Migration & Settlement; Promotional Materials; Rural Life; British Immigration; British Colonies; British Empire","","true"
"items/1917664","Postcard - 'Harvest Time in Australia', Commonwealth Immigration Office, circa 1924","Issued By","circa 1924","Melbourne","Greater Melbourne","Victoria","Australia","Migration; Orientation; Promotional materials","Agriculture; Cereal Crops; Children; Children's Work; Exhibitions: British Empire Exhibition, Wembley, 1924; Farming Methods; Farms; Harvesting; Horse Teams; Immigration; Migration & Settlement; Promotional Materials; Reaper-Binders; Rural Life; British Immigration; British Colonies; British Empire","","true"
"items/1917664","Postcard - 'Harvest Time in Australia', Commonwealth Immigration Office, circa 1924","Printer","by 1924","Melbourne","Greater Melbourne","Victoria","Australia","Migration; Orientation; Promotional materials","Agriculture; Cereal Crops; Children; Children's Work; Exhibitions: British Empire Exhibition, Wembley, 1924; Farming Methods; Farms; Harvesting; Horse Teams; Immigration; Migration & Settlement; Promotional Materials; Reaper-Binders; Rural Life; British Immigration; British Colonies; British Empire","","true"
"items/1917659","Postcard - 'Stripping an Average Australian Wheat Crop', Commonwealth Immigration Office, circa 1922","Issued By","circa 1922","Melbourne","Greater Melbourne","Victoria","Australia","Migration; Orientation; Promotional materials","Agriculture; Exhibitions: British Empire Exhibition, Wembley, 1924; Farming Methods; Farms; Harvesting; Horse Teams; Immigration; Migration & Settlement; Promotional Materials; Stripper Harvesters; Rural Life; Wheat; British Immigration; British Colonies; British Empire","","true"
"items/1917659","Postcard - 'Stripping an Average Australian Wheat Crop', Commonwealth Immigration Office, circa 1922","Printer","by 1924","Melbourne","Greater Melbourne","Victoria","Australia","Migration; Orientation; Promotional materials","Agriculture; Exhibitions: British Empire Exhibition, Wembley, 1924; Farming Methods; Farms; Harvesting; Horse Teams; Immigration; Migration & Settlement; Promotional Materials; Stripper Harvesters; Rural Life; Wheat; British Immigration; British Colonies; British Empire","","true"
"items/287510","Postcard - S.S. Southern Cross, Shaw Savill Line, circa 1960s","Issued By","circa 1960s","","","","England, Great Britain","Water transport; Steam power; Screw steamers - passenger liners","Advertising; Immigration; Pamphlets; Postcards; Ship Memorabilia; Shipping; Shipping Lines","John McKay Ship Brochures Collection","true"
"items/287510","Postcard - S.S. Southern Cross, Shaw Savill Line, circa 1960s","Place & Date Published","circa 1960s","","","","England, Great Britain","Water transport; Steam power; Screw steamers - passenger liners","Advertising; Immigration; Pamphlets; Postcards; Ship Memorabilia; Shipping; Shipping Lines","John McKay Ship Brochures Collection","true"
"items/287510","Postcard - S.S. Southern Cross, Shaw Savill Line, circa 1960s","User","circa 1960s","Melbourne","Greater Melbourne","Victoria","Australia","Water transport; Steam power; Screw steamers - passenger liners","Advertising; Immigration; Pamphlets; Postcards; Ship Memorabilia; Shipping; Shipping Lines","John McKay Ship Brochures Collection","true"
"items/1780192","Postcard - Raphael Tuck, 'Empire', No 277, circa 1900","Printer & Publisher","circa 1900","","","","England, Great Britain","Military history; Souvenirs & mementoes; Collecting cards","Postcards; Flags; Boer War, 1899-1902; Conflicts","","true"
"items/1780194","Postcard - Raphael Tuck, 'Empire', No 274, circa 1900","Printer & Publisher","circa 1900","","","","England, Great Britain","Military history; Souvenirs & mementoes; Collecting cards","Postcards; Flags; Boer War, 1899-1902; Conflicts","","true"
"items/263850","Postcard - 'Bourke Street on 8 Hours Day', 1919-1930","Place & Date Depicted","1919-1930","Melbourne","Greater Melbourne","Victoria","Australia","Public events; Eight hour day; Promotional materials","8 Hours Day Movement; Societies; Souvenirs; Trade Unions; Working Hours; Working Life; 8 Hours Day Celebrations; Postcards; Workers Rights; Hats; Making History - Eight Hour Day","","true"
"items/287496","Postcards - Guglielmo Marconi, Lloyd Triestino Line, circa 1960s","Issued By","circa 1960","","","","Italy","Water transport; Steam power; Screw steamers - passenger liners","Advertising; Immigration; Pamphlets; Postcards; Ship Memorabilia; Shipping; Shipping Lines","John McKay Ship Brochures Collection","true"
"items/287496","Postcards - Guglielmo Marconi, Lloyd Triestino Line, circa 1960s","Place & Date Published","circa 1960s","","","","Italy","Water transport; Steam power; Screw steamers - passenger liners","Advertising; Immigration; Pamphlets; Postcards; Ship Memorabilia; Shipping; Shipping Lines","John McKay Ship Brochures Collection","true"
"items/287496","Postcards - Guglielmo Marconi, Lloyd Triestino Line, circa 1960s","User","circa 1960s","Melbourne","Greater Melbourne","Victoria","Australia","Water transport; Steam power; Screw steamers - passenger liners","Advertising; Immigration; Pamphlets; Postcards; Ship Memorabilia; Shipping; Shipping Lines","John McKay Ship Brochures Collection","true"
"items/1250039","Postcard - Orient Line, RMS Orontes, circa 1955","Manufactured For","circa 1955","London","","","England, Great Britain","Migration; Travel - shipboard life; Souvenirs","English Immigration; Immigrant Shipping; Immigrant Voyages; Immigration; Ship Memorabilia; Shipping Industry; Shipping Lines","","true"
"items/1250039","Postcard - Orient Line, RMS Orontes, circa 1955","Ship Depicted","circa 1955","","","","","Migration; Travel - shipboard life; Souvenirs","English Immigration; Immigrant Shipping; Immigrant Voyages; Immigration; Ship Memorabilia; Shipping Industry; Shipping Lines","","true"
"items/1250039","Postcard - Orient Line, RMS Orontes, circa 1955","User","1955","","","","","Migration; Travel - shipboard life; Souvenirs","English Immigration; Immigrant Shipping; Immigrant Voyages; Immigration; Ship Memorabilia; Shipping Industry; Shipping Lines","","true"
"items/788341","Postcard - Walhalla, Victoria, 1905-1920","Place & Date Depicted","1905-1920","Walhalla","Gippsland","Victoria","Australia","Environments; Rural; Aerial townscapes","Built Environment; Churches; Horsedrawn Vehicles; Hotels; Houses; Mining; Roads; Rotundas; Shops","Rodda Collection","true"
"items/788340","Postcard - Walhalla, Victoria, 1905-1920","Place & Date Depicted","1905-1920","Walhalla","Gippsland","Victoria","Australia","Road transport","Clothing; Fences; Horse Riding; Horses; Houses; Roads","Rodda Collection","true"
"items/415823","Postcards - Lloyd Triestino Line, circa 1950s","Manufactured For","circa 1950s","Genova","","","Italy","Migration; Travel - shipboard life; Souvenirs","Immigrant Shipping; Immigration; Immigration Policies; Ship Memorabilia; Shipping; Shipping Lines; Station Pier; Women's Work","Margaret Wood Immigration & Shipping Collection","true"
"items/415823","Postcards - Lloyd Triestino Line, circa 1950s","User","circa 1950s","Melbourne","Greater Melbourne","Victoria","Australia","Migration; Travel - shipboard life; Souvenirs","Immigrant Shipping; Immigration; Immigration Policies; Ship Memorabilia; Shipping; Shipping Lines; Station Pier; Women's Work","Margaret Wood Immigration & Shipping Collection","true"
"items/1810959","Postcard - Thomas to Jessie, Embroidered, World War I, 17 Jul 1916","Date Inscribed","17 Jul 1916","","","","","Military history; Service; Correspondence","Embroidery; Souvenirs; Postcards; Flowers; Friendships; World War I, 1914-1918","","true"
"items/1810979","Postcard - 'From Your Brother', Embroidered, World War I, 1914-1918","Place & Date Made","1914-1918","","","","France","Military history; Service; Correspondence","Embroidery; Postcards; Souvenirs; Families; World War I, 1914-1918","","true"
"items/1810999","Postcard - Andy to Mother & Jess, Embroidered, France, World War I, 1914-1918","Place Named","1914-1918","","","","France","Military history; Service; Correspondence","Embroidery; Postcards; Souvenirs; World War I, 1914-1918","","true"
"items/2493793","Postcard - Online Shopping, 'Two Ways To Find Victorian Produce Direct From Local Farmers Right Here In The Neighbourhood', Melbourne Farmers Markets, 2020","","","","","","","Commerce & retailing; Markets; Promotional materials","Agriculture & Farming; Commerce; Retailing; Farmers; Shopping; Food & Beverages; COVID-19 Pandemic; Pandemics; Sustainable Agriculture; Markets; Postcards","COVID-19 Pandemic Collection 2020","true"
"items/2493796","Postcard - Online Shopping, 'Two Ways To Find Victorian Produce Direct From Local Farmers Right Here In The Neighbourhood', Melbourne Farmers Markets, 2020","","","","","","","Commerce & retailing; Markets; Promotional materials","Agriculture & Farming; Commerce; Retailing; Farmers; Shopping; Food & Beverages; COVID-19 Pandemic; Pandemics; Markets; Sustainable Agriculture","COVID-19 Pandemic Collection 2020","true"
"items/1810935","Postcard - Men In A Dhow, World War I, 1914-1918","Date Depicted","1914-1918","","","","","Military history; Service; Shipboard life","Boats; Postcards; Souvenirs; World War I, 1914-1918","","true"
"items/1325030","Postcard - 'Sunshine Harvester Works, Tillage Implements Ready for Despatch', circa 1920","Place & Date Depicted","circa 1920","Sunshine","Greater Melbourne","Victoria","Australia","Manufacturing & industry; Agricultural & horticultural equipment; Cultivators","Correspondence; Harvesters; Postcards; Manufacturing; Agricultural Equipment","H.V. McKay Sunshine Collection; Old McKay Archive (Series E)","true"
"items/1333220","Postcard - H.V McKay Pty Ltd, McKay Football Team, Argentina, circa 1902","Place Depicted","","","","","Argentina","Manufacturing & industry; Agricultural & horticultural equipment; Sports teams","Sporting Teams; Workers; Soccer; Export Trade; Exports","H.V. McKay Sunshine Collection; Old McKay Archive (Series A)","true"
"items/1780197","Postcard - Boers & English, No. 1, Le Bon Vivant, Paris, Boer War, 1900","Place & Date Manufactured","1900","Paris","","","France","Military history; Souvenirs & mementoes; Collecting cards","Boer War, 1899-1902; Wars & Conflicts","","true"
"items/1780197","Postcard - Boers & English, No. 1, Le Bon Vivant, Paris, Boer War, 1900","Place & Date Depicted","1900","","","","South Africa","Military history; Souvenirs & mementoes; Collecting cards","Boer War, 1899-1902; Wars & Conflicts","","true"
"items/1689713","Digital Photograph - Postcard, Fire Fighter with Hose, Williamstown Fire Brigade, 1930","Place & Date Depicted","1930","Williamstown","Greater Melbourne","Victoria","Australia","Governance; Fire services; Fire fighters","","Melbourne's Biggest Family Album","true"
"items/1689713","Digital Photograph - Postcard, Fire Fighter with Hose, Williamstown Fire Brigade, 1930","Photographer","","","","","","Governance; Fire services; Fire fighters","","Melbourne's Biggest Family Album","true"
"items/1182948","Postcard - 'Les Jardins Publics', Ismailia, Egypt, World War I, 1914-1918","Place & Date Depicted","1914-1918","Ismailia","","","Egypt","Military history; Souvenirs & mementoes; Postcards","Postcards; Wars & Conflicts; World War I, 1914-1918","","true"
"items/1239263","Postcard - Private Albert Edward Kemp to his Family, 'The Burial of Two British Soldiers on the Battlefield', 1917","Author","1917","","","","","Military history; Personal effects; Correspondence","Death & Mourning; Wars & Conflicts; World War I, 1914-1918; Making History - Kemp Mourning Collection","Albert Edward Kemp Mourning Collection","true"
"items/1239263","Postcard - Private Albert Edward Kemp to his Family, 'The Burial of Two British Soldiers on the Battlefield', 1917","Date Written","1917","","","","","Military history; Personal effects; Correspondence","Death & Mourning; Wars & Conflicts; World War I, 1914-1918; Making History - Kemp Mourning Collection","Albert Edward Kemp Mourning Collection","true"
"items/1239263","Postcard - Private Albert Edward Kemp to his Family, 'The Burial of Two British Soldiers on the Battlefield', 1917","Publisher","","London","","","England","Military history; Personal effects; Correspondence","Death & Mourning; Wars & Conflicts; World War I, 1914-1918; Making History - Kemp Mourning Collection","Albert Edward Kemp Mourning Collection","true"
"items/1160366","Postcard. Punta Arenas, Magallanes, Tierra Del Fuego, Chile. 24/04/1929","","","","","","","","Topography; Scenery","Patrick Young Collection; Baldwin Spencer Collection","true"
"items/1826501","Postcard - Portrait of Male Soldier, German, World War I, 1914-1918","Maker","1889-1918","Bad Homburg","","","Germany","Military history; Souvenirs & mementoes; Postcards","Wars & Conflicts; World War I, 1914-1918; Military Uniforms: German","","true"
"items/1810955","Postcard - Unknown Soldier, World War I, 1914-1918","Organisation Named","1914-1918","","","","","Military history; Service; Portraits","Soldiers; Portraits; Postcards; World War I, 1914-1918","","true"
"items/253423","Postcard - Jakas Soft Toys, Melbourne, 1995-1998","User","1995-1998","Wantirna South","Greater Melbourne","Victoria","Australia","Manufacturing & industry; Toy manufacturing; Product advertising","Toys; Small Businesses; Postcards; Advertising; Marketing; Promotional Materials; Promotions; Publicity; Publicity Material; Australian Design; Australian Manufacturing Industry","Jakas Toys Collection","true"
"items/1722044","Postcard - 'Les Cartes du Front', A. Hatier, visa no.8, World War I, circa 1915","Publisher","circa 1915","Paris","","","France","Military history; Souvenirs & mementoes; Postcards","Military Memorabilia; Postcards; World War I, 1914-1918","","true"
"items/1550450","Postcard - 'The Book, IV, The Pictograph', Washington D.C., U.S.A., 1911","User","16 Jun 1911","Washington DC","","Washington","United States of America","Recreation & tourism; Travel; Souvenirs","Holidays; Leisure; Postcards; Recreation; Souvenirs; Travel & Tourism","Olive Oliver Collection","true"
"items/2009058","Postcard - 'City View From St Kilda, Melbourne', 1 Feb 2006","Organiser of Event","15 Mar 2006 - 26 Mar 2006","Melbourne","","Victoria","Australia","Public events; Commonwealth games - melbourne 2006; Souvenirs","Commonwealth Games: Melbourne, 2006; Bays; Cityscapes; Yachts; Postcards","","true"
"items/2009070","Postcard - 'Yarra River & Melbourne Skyline', Melbourne Commonwealth Games, 1 Feb 2006","Organiser of Event","15 Mar 2006 - 26 Mar 2006","Melbourne","","Victoria","Australia","Public events; Commonwealth games - melbourne 2006; Souvenirs","Commonwealth Games: Melbourne, 2006; Rivers; Rowing; Cityscapes; Balloons; Postcards","","true"
"items/2009070","Postcard - 'Yarra River & Melbourne Skyline', Melbourne Commonwealth Games, 1 Feb 2006","Owner of Item Depicted","Feb 2006","Melbourne","","Victoria","Australia","Public events; Commonwealth games - melbourne 2006; Souvenirs","Commonwealth Games: Melbourne, 2006; Rivers; Rowing; Cityscapes; Balloons; Postcards","","true"
"items/2009095","Postcard - 'Melbourne City Skyline From Southbank', Melbourne Commonwealth Games, 1 Feb 2006","Organiser of Event","15 Mar 2006 - 26 Mar 2006","Melbourne","","Victoria","Australia","Public events; Commonwealth games - melbourne 2006; Souvenirs","Commonwealth Games: Melbourne, 2006; Postcards; Cityscapes; Rivers","","true"
"items/2009099","Postcard - 'Melbourne Cricket Ground', 1 Feb 2006","Organiser of Event","15 Mar 2006 - 26 Mar 2006","Melbourne","","Victoria","Australia","Public events; Commonwealth games - melbourne 2006; Souvenirs","Commonwealth Games: Melbourne, 2006; Postcards; Melbourne Landmarks; Cityscapes; Sports Grounds","","true"
"items/2009054","Postcard - 'Royal Exhibition Building', Melbourne,  Feb-Mar 2006","Organiser of Event","15 Mar 2006 - 26 Mar 2006","Melbourne","","Victoria","Australia","Public events; Commonwealth games - melbourne 2006; Souvenirs","Royal Exhibition Building; Commonwealth Games: Melbourne, 2006; Postcards; Landmarks","","true"
"items/2009054","Postcard - 'Royal Exhibition Building', Melbourne,  Feb-Mar 2006","Owner of Item Depicted","Feb 2006","Melbourne","","Victoria","Australia","Public events; Commonwealth games - melbourne 2006; Souvenirs","Royal Exhibition Building; Commonwealth Games: Melbourne, 2006; Postcards; Landmarks","","true"
"items/2009081","Postcard - 'Floral Clock, St. Kilda Road, Melbourne', 1 Feb 2006","Organiser of Event","15 Mar 2006 - 26 Mar 2006","Melbourne","","Victoria","Australia","Public events; Commonwealth games - melbourne 2006; Souvenirs","Commonwealth Games: Melbourne, 2006; Flowers; Clocks; Postcards","","true"
"items/2009081","Postcard - 'Floral Clock, St. Kilda Road, Melbourne', 1 Feb 2006","Owner of Item Depicted","Feb 2006","Melbourne","","Victoria","Australia","Public events; Commonwealth games - melbourne 2006; Souvenirs","Commonwealth Games: Melbourne, 2006; Flowers; Clocks; Postcards","","true"
"items/2009103","Postcard - 'Federation Square, Melbourne', 1 Feb 2006","Organiser of Event","15 Mar 2006 - 26 Mar 2006","Melbourne","","Victoria","Australia","Public events; Commonwealth games - melbourne 2006; Souvenirs","Commonwealth Games: Melbourne, 2006; Postcards; City Squares","","true"
"items/2009106","Postcard - 'The Arts Centre', Melbourne, 1 Feb 2006","Organiser of Event","15 Mar 2006 - 26 Mar 2006","Melbourne","","Victoria","Australia","Public events; Commonwealth games - melbourne 2006; Souvenirs","Commonwealth Games: Melbourne, 2006; Arts Centres; Landmarks; Postcards","","true"
"items/2009106","Postcard - 'The Arts Centre', Melbourne, 1 Feb 2006","Owner of Item Depicted","Feb 2006","Melbourne","","Victoria","Australia","Public events; Commonwealth games - melbourne 2006; Souvenirs","Commonwealth Games: Melbourne, 2006; Arts Centres; Landmarks; Postcards","","true"
"items/2009109","Postcard - 'Tram Passing Flinders Street Station', Melbourne Commonwealth Games, 1 Feb 2006","Organiser of Event","15 Mar 2006 - 26 Mar 2006","Melbourne","","Victoria","Australia","Public events; Commonwealth games - melbourne 2006; Souvenirs","Commonwealth Games: Melbourne, 2006; Trains; Trams; Melbourne Landmarks; Postcards","","true"
"items/1484699","Postcard -  'M.V. Kanimbla', Cairns, Edgar Rouse to Harry Clarke, 26 Aug 1939","Author","26 Aug 1939","Cairns","","Queensland","Australia","Water transport; Shipping lines; Souvenirs","Correspondence; Photography; Postcards; Recreation; Shipping Lines; Ships; Travel; Making History - Kodak Collection","Kodak Heritage Collection","true"
"items/1484699","Postcard -  'M.V. Kanimbla', Cairns, Edgar Rouse to Harry Clarke, 26 Aug 1939","Addressed To","26 Aug 1939","Abbotsford","Greater Melbourne","Victoria","Australia","Water transport; Shipping lines; Souvenirs","Correspondence; Photography; Postcards; Recreation; Shipping Lines; Ships; Travel; Making History - Kodak Collection","Kodak Heritage Collection","true"
"items/1484699","Postcard -  'M.V. Kanimbla', Cairns, Edgar Rouse to Harry Clarke, 26 Aug 1939","Ship Depicted","26 Aug 1939","Cairns","","Queensland","Australia","Water transport; Shipping lines; Souvenirs","Correspondence; Photography; Postcards; Recreation; Shipping Lines; Ships; Travel; Making History - Kodak Collection","Kodak Heritage Collection","true"
"items/1182956","Postcard - 'Le Lac Timpsah et les Bains', Ismailia, Egypt, World War I, 1914-1918","Place & Date Depicted","1914-1918","Ismailia","","","Egypt","Military history; Souvenirs & mementoes; Postcards","Military Memorabilia; Postcards; World War I, 1914-1918","","true"
"items/1182957","Postcard - 'Les Antiquities et les Jardins', Ismailia, Egypt, World War I, 1914-1918","Place & Date Depicted","1914-1918","Ismailia","","","Egypt","Military history; Souvenirs & mementoes; Postcards","Military Memorabilia; Postcards; World War I, 1914-1918","","true"
"items/1750411","Postcard - Schumacher Mill Furnishing Works, Illustration of a Patent Package Filler, Port Melbourne, Victoria, circa 1940s","Place & Date Created","circa 1940s","Port Melbourne","Greater Melbourne","Victoria","Australia","Manufacturing & industry; Food & drinks; Packaging equipment","Advertising; Diagrams; Drawings; Illustrations; Industrial Equipment; Industrial Machines; Machinery Displays; Machines; Manufacturing; Packaging; Promotional Materials; Sketches","Schumacher Mill Furnishing Works Collection","true"
"items/1750411","Postcard - Schumacher Mill Furnishing Works, Illustration of a Patent Package Filler, Port Melbourne, Victoria, circa 1940s","Manufacturer of Item Depicted","","Port Melbourne","Greater Melbourne","Victoria","Australia","Manufacturing & industry; Food & drinks; Packaging equipment","Advertising; Diagrams; Drawings; Illustrations; Industrial Equipment; Industrial Machines; Machinery Displays; Machines; Manufacturing; Packaging; Promotional Materials; Sketches","Schumacher Mill Furnishing Works Collection","true"
"items/1550445","Postcard - 'Metropolitan Life Insurance Co's Home Office Building, Women's Lunch Room', New York, U.S.A., 1911","User","11 - 20 Jun 1911","New York","","New York","United States of America","Recreation & tourism; Travel; Souvenir postcards","Holidays; Insurance Industry; Leisure; Offices; Postcards; Recreation; Skyscrapers; Souvenirs; Travel & Tourism; Women's Work","Olive Oliver Collection","true"
"items/1550440","Postcard - 'Metropolitan Life Insurance Co.'s Home Office Bldg., N.Y. City', New York, U.S.A., 1911","User","11 - 20 Jun 1911","New York","","New York","United States of America","Recreation & tourism; Travel; Souvenirs","Holidays; Insurance Industry; Leisure; Offices; Postcards; Recreation; Skyscrapers; Souvenirs; Travel & Tourism","Olive Oliver Collection","true"
"items/1550451","Postcard - 'Capri, Grotta Azzura', Capri, Italy, 1911","User","1911","Capri","","","Italy","Recreation & tourism; Travel; Souvenirs","Holidays; Leisure; Postcards; Recreation; Souvenirs; Travel; Travel & Tourism","Olive Oliver Collection","true"
"items/1550439","Postcard - 'Metropolitan Life Insurance Co.'s Home Office Bldg., N.Y. City', New York, U.S.A., 1911","User","11 - 20 Jun 1911","New York","","New York","United States of America","Recreation & tourism; Travel; Souvenirs","Electrical Equipment; Elevators; Holidays; Insurance Industry; Leisure; Offices; Postcards; Recreation; Skyscrapers; Souvenirs; Travel & Tourism","Olive Oliver Collection","true"
"items/1550452","Postcard - 'New Washington Hotel, Seattle', Washington, U.S.A., 1911","User","6 - 10 Apr 1911","Seattle","","Washington","United States of America","Recreation & tourism; Travel; Souvenir postcards","Holidays; Hotels; Leisure; Postcards; Recreation; Souvenirs; Travel & Tourism","Olive Oliver Collection","true"
"items/1550442","Postcard - 'Home Office of the Metropolitan Life Insurance Company, Madison Square, New York City', New York, U.S.A., 1911","User","11 - 20 Jun 1911","New York","","New York","United States of America","Recreation & tourism; Travel; Souvenir postcards","Holidays; Insurance Industry; Leisure; Offices; Postcards; Recreation; Skyscrapers; Souvenirs; Travel & Tourism","Olive Oliver Collection","true"
"items/1550441","Postcard - 'Metropolitan Life Insurance Co.'s Home Office Bldg., N.Y. City', New York, U.S.A., 1911","User","11 - 20 Jun 1911","New York","","New York","United States of America","Recreation & tourism; Travel; Souvenirs","Holidays; Insurance Industry; Leisure; Offices; Postcards; Recreation; Skyscrapers; Souvenirs; Travel & Tourism","Olive Oliver Collection","true"
"items/1550449","Postcard - 'The Raleigh, Washington D.C.', Washington D.C., U.S.A., 1911","User","15 - 16 Jun 1911","Washington DC","","Washington","United States of America","Recreation & tourism; Travel; Souvenirs","Holidays; Hotels; Leisure; Postcards; Recreation; Souvenirs; Travel & Tourism","Olive Oliver Collection","true"
"items/1550438","Postcard - 'Metropolitan Life Insurance Co.'s Home Office Bldg., N.Y. City', New York, U.S.A., 1911","User","11 - 20 Jun 1911","New York","","New York","United States of America","Recreation & tourism; Travel; Souvenirs","Holidays; Insurance Industry; Leisure; Offices; Postcards; Recreation; Skyscrapers; Souvenirs; Travel & Tourism","Olive Oliver Collection","true"
"items/1550448","Postcard - 'Metropolitan Life Insurance Co.'s Home Office Bldg., N.Y. City', New York, U.S.A., 1911","User","11 - 20 Jun 1911","New York","","New York","United States of America","Recreation & tourism; Travel; Souvenirs","Holidays; Insurance Industry; Leisure; Offices; Postcards; Recreation; Skyscrapers; Souvenirs; Travel & Tourism","Olive Oliver Collection","true"
"items/1550437","Postcard - 'Metropolitan Life Insurance Co.'s Home Office Bldg., N.Y. City', New York, U.S.A., 1911","User","11 - 20 Jun 1911","New York","","New York","United States of America","Recreation & tourism; Travel; Souvenirs","Holidays; Insurance Industry; Leisure; Offices; Postcards; Recreation; Skyscrapers; Souvenirs; Travel & Tourism","Olive Oliver Collection","true"
"items/1550443","Postcard - 'Metropolitan Life Insurance Co's Home Office Building, Ordinary Department', New York, U.S.A., 1911","User","11 - 20 Jun 1911","New York","","New York","United States of America","Recreation & tourism; Travel; Souvenir postcards","Holidays; Insurance Industry; Leisure; Offices; Postcards; Recreation; Skyscrapers; Souvenirs; Travel & Tourism; Women's Work","Olive Oliver Collection","true"
"items/1550444","Postcard - 'Metropolitan Life Insurance Co's Home Office Building, Filing Section', New York, U.S.A., 1911","User","11 - 20 Jun 1911","New York","","New York","United States of America","Recreation & tourism; Travel; Souvenir postcards","Holidays; Insurance Industry; Leisure; Offices; Postcards; Recreation; Skyscrapers; Souvenirs; Travel & Tourism; Women's Work","Olive Oliver Collection","true"
"items/1550446","Postcard - 'Metropolitan Life Insurance Co's Home Office Building, Actuarial Division', New York, U.S.A., 1911","User","11 - 20 Jun 1911","New York","","New York","United States of America","Recreation & tourism; Travel; Souvenir postcards","Holidays; Insurance Industry; Leisure; Offices; Postcards; Recreation; Skyscrapers; Souvenirs; Travel & Tourism; Women's Work","Olive Oliver Collection","true"
"items/1550447","Postcard - 'Washington's Tomb, Mount Vernon, Va.', Virginia, U.S.A., 1911","User","16 Jun 1911","Mount Vernon","","Virginia","United States of America","Recreation & tourism; Travel; Souvenir postcards","Holidays; Leisure; Postcards; Presidents; Recreation; Souvenirs; Tombs; Tourist Attractions; Travel; Travel & Tourism","Olive Oliver Collection","true"
"items/1208015","Postcard - Rocks Outside Mouth of Hopkins River, Warrnambool, 1906","Place Depicted","circa 1906","Warrnambool District","","Victoria","Australia","Communications; Postal; Correspondence","Correspondence; Postcards; Coastal Landscapes","","true"
"items/1208015","Postcard - Rocks Outside Mouth of Hopkins River, Warrnambool, 1906","Date Written","1906","","","","","Communications; Postal; Correspondence","Correspondence; Postcards; Coastal Landscapes","","true"
"items/1182944","Postcard - 'Les Jardins', Ismailia, Egypt, World War I, 1914-1918","Place & Date Depicted","1914-1918","Ismailia","","","Egypt","Military history; Souvenirs & mementoes; Postcards","Postcards; Wars & Conflicts; World War I, 1914-1918","","true"
"items/1182949","Postcard - 'Avenue Ghichar', Ismailia, Egypt, World War I, 1914-1918","Place & Date Depicted","1914-1918","Ismailia","","","Egypt","Military history; Souvenirs & mementoes; Postcards","Postcards; Wars & Conflicts; World War I, 1914-1918","","true"
"items/1182950","Postcard - 'Le Pont du Canal d'Eau Douce', Ismailia Egypt, World War I, 1914-1918","Place & Date Depicted","1914-1918","Ismailia","","","Egypt","Military history; Souvenirs & mementoes; Postcards","Postcards; Wars & Conflicts; World War I, 1914-1918","","true"
"items/1182947","Postcard - 'Place Champollion', Ismailia, Egypt, World War I, 1914-1918","Place & Date Depicted","1914-1918","Ismailia","","","Egypt","Military history; Souvenirs & mementoes; Postcards","Postcards; Wars & Conflicts; World War I, 1914-1918","","true"
"items/1320682","Postcard Transparency - 'Market Street, Nottingham', 1900-1910","Date Made","1900-1910","","","","","Communications; Postal","Buildings; Correspondence; Motion Picture Films; Novelty; Postcards; Pre-Cinema Moving Images","Francis Collection","true"
"items/1320682","Postcard Transparency - 'Market Street, Nottingham', 1900-1910","Place Depicted","1900-1910","Nottingham","","Nottinghamshire","England, Great Britain","Communications; Postal","Buildings; Correspondence; Motion Picture Films; Novelty; Postcards; Pre-Cinema Moving Images","Francis Collection","true"
"items/1826512","Postcard - 'Spille Bei Zabern', German, World War I, 13 Jun 1916","Date Written","13 Jun 1916","Saverne","","","France","Military history; Souvenirs & mementoes; Postcards","Wars & Conflicts; World War I, 1914-1918","","true"
"items/1826512","Postcard - 'Spille Bei Zabern', German, World War I, 13 Jun 1916","Place Depicted","","Saverne","","","France","Military history; Souvenirs & mementoes; Postcards","Wars & Conflicts; World War I, 1914-1918","","true"
"items/1810915","Postcard - 'Arab Chiefs,' Aden, Yemen, World War I, 1914-1918","Place Depicted","1914-1918","Aden","","","Yemen","Military history; Service; Illustrations","Egyptian; Leadership; Postcards; Souvenirs; World War I, 1914-1918","","true"
"items/1810933","Postcard - 'The Wharf', Ma'alla, Aden, Yemen, World War I, 1914-1918","Place Depicted","1914-1918","Maala, Aden","","","Yemen","Military history; Service; Illustrations","Postcards; Wharves; Souvenirs; World War I, 1914-1918","","true"
"items/2162550","Postcard - Two Australian Servicemen, Park House, Salisbury, England, World War I, 19 Aug 1917","Place & Date Depicted","Aug 1917","Salisbury","","Wiltshire","England, Great Britain","Military history; Service; Portraits","World War I, 1914-1918; Australian Army; Medical Corps; Correspondence","","true"
"items/2162550","Postcard - Two Australian Servicemen, Park House, Salisbury, England, World War I, 19 Aug 1917","Date Inscribed","19 Aug 1917","","","","","Military history; Service; Portraits","World War I, 1914-1918; Australian Army; Medical Corps; Correspondence","","true"
"items/1208071","Postcard - 'Monolith, Mt Buffalo', Frank to Mrs C.J. Budge, 24 Jan 1911","Place & Date Depicted","circa 1911","Mount Buffalo","","Victoria","Australia","Communications; Postal; Correspondence","Correspondence; Motor Cars; Postcards; Recreation Activities; Travel & Tourism","","true"
"items/1208071","Postcard - 'Monolith, Mt Buffalo', Frank to Mrs C.J. Budge, 24 Jan 1911","Other Association (See Comments)","24 Jan 1911","","","","","Communications; Postal; Correspondence","Correspondence; Motor Cars; Postcards; Recreation Activities; Travel & Tourism","","true"
"items/1208188","Postcard - Thunder Point, Warrnambool, 1906","Place Depicted","circa 1906","Warrnambool District","","Victoria","Australia","Communications; Postal; Correspondence","Correspondence; Postcards","","true"
"items/1208188","Postcard - Thunder Point, Warrnambool, 1906","Date Written","1906","","","","","Communications; Postal; Correspondence","Correspondence; Postcards","","true"
"items/1688869","Digital Photograph - Postcard, View of Family Farewelling People at Station Pier, Port Melbourne, circa 1933","Place & Date Depicted","circa 1933","Port Melbourne","Greater Melbourne","Victoria","Australia","Water transport; Shipboard life; Embarkations","","Melbourne's Biggest Family Album","true"
"items/1688869","Digital Photograph - Postcard, View of Family Farewelling People at Station Pier, Port Melbourne, circa 1933","Photographer","","","","","","Water transport; Shipboard life; Embarkations","","Melbourne's Biggest Family Album","true"
"items/1826509","Postcard - Portrait of German Soldier, World War I, 1914-1918","Date Written","1914-1918","","","","Germany","Military history; Souvenirs & mementoes; Postcards","Wars & Conflicts; World War I, 1914-1918","","true"
"items/1810929","Postcard - 'Arab Travellers', Aden, Yemen, World War I, 1914-1918","Place Depicted","1914-1918","Aden","","","Yemen","Military history; Service; Illustrations","Postcards; Egyptian; Souvenirs; World War I, 1914-1918","","true"
"items/264974","Postcard - Chandris Lines, RHMS Ellinis, circa 1960s-1970s","Place & Date Manufactured","circa 1960s-1970s","","","","England, Great Britain","Migration; Travel - shipboard life; Souvenirs","Commerce; Recreation; Shipping Lines; Postcards; Shipboard Travel; Ship Memorabilia","","true"
"items/264974","Postcard - Chandris Lines, RHMS Ellinis, circa 1960s-1970s","Manufactured For","circa 1960s-1970s","","","","England, Great Britain","Migration; Travel - shipboard life; Souvenirs","Commerce; Recreation; Shipping Lines; Postcards; Shipboard Travel; Ship Memorabilia","","true"
"items/264974","Postcard - Chandris Lines, RHMS Ellinis, circa 1960s-1970s","Ship Depicted","circa 1960s-1970s","","","","","Migration; Travel - shipboard life; Souvenirs","Commerce; Recreation; Shipping Lines; Postcards; Shipboard Travel; Ship Memorabilia","","true"
"items/1826508","Postcard - 'St. Sauveur', to Frau Martha Krunpfert, from Otto, German, World War I, 16 Mar 1916","Place & Date Written","15 Mar 1915","Saint-Sauveur","","","France","Military history; Souvenirs & mementoes; Postcards","Wars & Conflicts; World War I, 1914-1918","","true"
"items/1826508","Postcard - 'St. Sauveur', to Frau Martha Krunpfert, from Otto, German, World War I, 16 Mar 1916","Addressed To","","","","","","Military history; Souvenirs & mementoes; Postcards","Wars & Conflicts; World War I, 1914-1918","","true"
"items/1826513","Postcard - 'Longuyon', German, World War I, 28 Aug 1916","Date Written","28 Aug 1916","Longuyon","","","France","Military history; Souvenirs & mementoes; Postcards","Wars & Conflicts; World War I, 1914-1918","","true"
"items/1826513","Postcard - 'Longuyon', German, World War I, 28 Aug 1916","Place Depicted","","Longuyon","","","France","Military history; Souvenirs & mementoes; Postcards","Wars & Conflicts; World War I, 1914-1918","","true"
"items/1826504","Postcard - German, to Herr Mueller, World War I, 1914-1918","Date Written","1914-1918","","","","","Military history; Souvenirs & mementoes; Postcards","Wars & Conflicts; World War I, 1914-1918; Portraits; Postcards","","true"
"items/1826504","Postcard - German, to Herr Mueller, World War I, 1914-1918","Addressed To","","","","","","Military history; Souvenirs & mementoes; Postcards","Wars & Conflicts; World War I, 1914-1918; Portraits; Postcards","","true"
"items/1826504","Postcard - German, to Herr Mueller, World War I, 1914-1918","Place Named","","Berlin","","","Germany","Military history; Souvenirs & mementoes; Postcards","Wars & Conflicts; World War I, 1914-1918; Portraits; Postcards","","true"
"items/1826506","Postcard - Portrait of Girl & Woman, from Res. R. Wittler, German, World War I, 25 Dec 1916","Date Written","25 Dec 1916","","","","Germany","Military history; Souvenirs & mementoes; Postcards","Wars & Conflicts; World War I, 1914-1918; Christmas","","true"
"items/2048138","Postcard - Sweetheart, German, World War I, 3 Mar 1916","Place & Date Inscribed","3 Mar 1916","","","","","Military history; Service; Correspondence","World War I, 1914-1918; Correspondence; Postcards","","true"
"items/787968","Postcard - Field of Japanese Rice Varieties, J. Takasuka, Tyntynder West, via Swan Hill, Victoria, 2 Mar 1917","Place & Date Depicted","1917","Tyntynder West","","Victoria","Australia","Agriculture & rural life; Crop management - cultivation","Crops; Rice; Innovations; Agriculture; Migration & Settlement; Migrant Businesses","","true"
"items/787626","Postcard - Potted Japanese Rice Plants, J. Takasuka, Tyntynder West, via Swan Hill, Victoria, 2 Mar 1917","Grower","1915-1916","Tyntynder West","","Victoria","Australia","Agriculture & rural life; Crop management - cultivation","Crops; Rice; Innovations; Agriculture; Migration & Settlement; Migrant Businesses","","true"
"items/1826511","Postcard - Portrait of Male Soldier, German, World War I, 1914-1918","Date of Event","1914-1918","","","","","Military history; Souvenirs & mementoes; Postcards","Wars & Conflicts; World War I, 1914-1918","","true"
"items/1826511","Postcard - Portrait of Male Soldier, German, World War I, 1914-1918","Date of Pattern","1871-1918","","","Saxony","Germany","Military history; Souvenirs & mementoes; Postcards","Wars & Conflicts; World War I, 1914-1918","","true"
"items/2048137","Postcard - German Hospital Patients & Staff, World War I, 1914-1918","Place & Date Made","1914-1918","","","","","Military history; Service; Medical patients & treatment","World War I, 1914-1918; Correspondence; Postcards","","true"
"items/1722040","Postcard - 'Business As Usual', Inter-Art Company, London, 'Patriotic' Series V, circa 1915","Person Depicted","1915","London","","","Great Britain","Military history; Service; Patriotism & propaganda","Patriotism; Postcards; Propaganda; World War I, 1914-1918; National Identity; Humour; Cartoons","","true"
"items/1722040","Postcard - 'Business As Usual', Inter-Art Company, London, 'Patriotic' Series V, circa 1915","Publisher","1915","London","","","Great Britain","Military history; Service; Patriotism & propaganda","Patriotism; Postcards; Propaganda; World War I, 1914-1918; National Identity; Humour; Cartoons","","true"
"items/1403878","Postcard - Souvenir of the Women's Work Exhibition, Melbourne, 1907","Place & Date Depicted","Oct 1907","Carlton","Greater Melbourne","Victoria","Australia","Public events; First australian exhibition of women's work 1907; Exhibition heritage","Exhibitions: Melbourne, First Australian Exhibition of Women's Work, 1907; Royal Exhibition Building; Postcards; Post Offices; Women's Issues","The Berry Family Collection","true"
"items/1826505","Postcard - 'Herzliche Weihnachtsgrusse', Merry Christmas, German, World War I, 20 Dec 1916","Addressed To","20 Dec 1916","Mettmann","Rhineland","","Germany","Military history; Souvenirs & mementoes; Postcards","Wars & Conflicts; World War I, 1914-1918; Christmas Cards","","true"
"items/1826505","Postcard - 'Herzliche Weihnachtsgrusse', Merry Christmas, German, World War I, 20 Dec 1916","Place Made","","Berlin","","","Germany","Military history; Souvenirs & mementoes; Postcards","Wars & Conflicts; World War I, 1914-1918; Christmas Cards","","true"
"items/1409444","Postcard - Melbourne Workers Theatre, 'We Built This City', 2006","Organiser of Event","2006","","","Victoria","Australia","Public events; Eight hour day; Promotional materials","8 Hours Day Movement; Trade Unions; 8 Hours Day Celebrations; Workers Rights; Performers; Making History - Eight Hour Day","","true"
"items/1409444","Postcard - Melbourne Workers Theatre, 'We Built This City', 2006","Organiser of Event","2006","Melbourne","Greater Melbourne","Victoria","Australia","Public events; Eight hour day; Promotional materials","8 Hours Day Movement; Trade Unions; 8 Hours Day Celebrations; Workers Rights; Performers; Making History - Eight Hour Day","","true"
"items/1409444","Postcard - Melbourne Workers Theatre, 'We Built This City', 2006","Place & Date of Event","2006","Spotswood","Greater Melbourne","Victoria","Australia","Public events; Eight hour day; Promotional materials","8 Hours Day Movement; Trade Unions; 8 Hours Day Celebrations; Workers Rights; Performers; Making History - Eight Hour Day","","true"
"items/1409440","Postcard - Victorian Trades Hall Council, 'Eight Hour Day', 2006","Organiser of Event","2006","","","Victoria","Australia","Public events; Eight hour day; Promotional materials","8 Hours Day Movement; Trade Unions; 8 Hours Day Celebrations; Waiters; Hospitality Industry; Making History - Eight Hour Day","","true"
"items/1409440","Postcard - Victorian Trades Hall Council, 'Eight Hour Day', 2006","Publisher","2006","Melbourne","Greater Melbourne","Victoria","Australia","Public events; Eight hour day; Promotional materials","8 Hours Day Movement; Trade Unions; 8 Hours Day Celebrations; Waiters; Hospitality Industry; Making History - Eight Hour Day","","true"
"items/1409440","Postcard - Victorian Trades Hall Council, 'Eight Hour Day', 2006","Place & Date of Event","21 Apr 2006","Parkville","Greater Melbourne","Victoria","Australia","Public events; Eight hour day; Promotional materials","8 Hours Day Movement; Trade Unions; 8 Hours Day Celebrations; Waiters; Hospitality Industry; Making History - Eight Hour Day","","true"
"items/1409440","Postcard - Victorian Trades Hall Council, 'Eight Hour Day', 2006","Photographer","","Melbourne","Greater Melbourne","Victoria","Australia","Public events; Eight hour day; Promotional materials","8 Hours Day Movement; Trade Unions; 8 Hours Day Celebrations; Waiters; Hospitality Industry; Making History - Eight Hour Day","","true"
"items/1409439","Postcard - Victorian Trades Hall Council, 'Eight Hour Day', 2006","Organiser of Event","2006","","","Victoria","Australia","Public events; Eight hour day; Promotional materials","8 Hours Day Movement; 8 Hours Day Celebrations; Trade Unions; Actors; Workers Rights; Making History - Eight Hour Day","","true"
"items/1409439","Postcard - Victorian Trades Hall Council, 'Eight Hour Day', 2006","Publisher","2006","Melbourne","Greater Melbourne","Victoria","Australia","Public events; Eight hour day; Promotional materials","8 Hours Day Movement; 8 Hours Day Celebrations; Trade Unions; Actors; Workers Rights; Making History - Eight Hour Day","","true"
"items/1409439","Postcard - Victorian Trades Hall Council, 'Eight Hour Day', 2006","Place & Date of Event","21 Apr 2006","Parkville","Greater Melbourne","Victoria","Australia","Public events; Eight hour day; Promotional materials","8 Hours Day Movement; 8 Hours Day Celebrations; Trade Unions; Actors; Workers Rights; Making History - Eight Hour Day","","true"
"items/1409439","Postcard - Victorian Trades Hall Council, 'Eight Hour Day', 2006","Photographer","1978","Melbourne","Greater Melbourne","Victoria","Australia","Public events; Eight hour day; Promotional materials","8 Hours Day Movement; 8 Hours Day Celebrations; Trade Unions; Actors; Workers Rights; Making History - Eight Hour Day","","true"
"items/255279","Postcard - Royal Exhibition Building & Views of Melbourne, Nucolorvue Productions, Melbourne, circa 1990","Publisher","circa 1990","Mentone","Greater Melbourne","Victoria","Australia","Royal exhibition building; Revenue; Souvenir postcards","Buildings; Civic Mementoes; Exterior Views; Postcards; Royal Exhibition Building; Souvenirs; State Library & Museums Building","Royal Exhibition Building Collection","true"
"items/255279","Postcard - Royal Exhibition Building & Views of Melbourne, Nucolorvue Productions, Melbourne, circa 1990","Place & Date Depicted","circa 1990","Melbourne","Greater Melbourne","Victoria","Australia","Royal exhibition building; Revenue; Souvenir postcards","Buildings; Civic Mementoes; Exterior Views; Postcards; Royal Exhibition Building; Souvenirs; State Library & Museums Building","Royal Exhibition Building Collection","true"
"items/255279","Postcard - Royal Exhibition Building & Views of Melbourne, Nucolorvue Productions, Melbourne, circa 1990","Place & Date Depicted","circa 1990","Melbourne","Greater Melbourne","Victoria","Australia","Royal exhibition building; Revenue; Souvenir postcards","Buildings; Civic Mementoes; Exterior Views; Postcards; Royal Exhibition Building; Souvenirs; State Library & Museums Building","Royal Exhibition Building Collection","true"
"items/255279","Postcard - Royal Exhibition Building & Views of Melbourne, Nucolorvue Productions, Melbourne, circa 1990","Place & Date Depicted","circa 1990","Melbourne","Greater Melbourne","Victoria","Australia","Royal exhibition building; Revenue; Souvenir postcards","Buildings; Civic Mementoes; Exterior Views; Postcards; Royal Exhibition Building; Souvenirs; State Library & Museums Building","Royal Exhibition Building Collection","true"
"items/1804624","Postcard - Kodak Australasia Pty Ltd, Kodak Factory, Coburg, circa 1964","Organisation Depicted","circa 1964","Coburg","Greater Melbourne","Victoria","Australia","Manufacturing & industry; Photographic products; Promotional materials","Factories; Manufacturing; Photography; Postcards; Promotional Materials","Kodak Heritage Collection","true"
"items/1232934","Postcard - Port Said, Written by W. E. Green, World War I, 5 Aug 1917","Place & Date Inscribed","5 Aug 1917","Port Said","","","Egypt","Military history; Service; Correspondence","Militaria: Australian; Military Memorabilia; Wars & Conflicts; World War I, 1914-1918","Military Memorabilia Collection; Returned and Services League (RSL) Collection","true"
"items/255277","Postcard - South East Facade, Royal Exhibition Building, Melbourne, circa 1980s","Publisher","1980s","","","","Australia","Royal exhibition building; Revenue; Souvenir postcards","Buildings; Civic Mementoes; Exterior Views; Postcards; Royal Exhibition Building; Souvenirs","Royal Exhibition Building Collection","true"
"items/255277","Postcard - South East Facade, Royal Exhibition Building, Melbourne, circa 1980s","Place Depicted","1980s","","","","","Royal exhibition building; Revenue; Souvenir postcards","Buildings; Civic Mementoes; Exterior Views; Postcards; Royal Exhibition Building; Souvenirs","Royal Exhibition Building Collection","true"
"items/255271","Postcard - Dome & Southern Facade, Royal Exhibition Building, Biscay Greetings, Melbourne, post 1971","Publisher","post 1971","Melbourne","Greater Melbourne","Victoria","Australia","Royal exhibition building; Revenue; Souvenir postcards","Buildings; Civic Mementoes; Exterior Views; Postcards; Royal Exhibition Building; Souvenirs","Royal Exhibition Building Collection","true"
"items/255271","Postcard - Dome & Southern Facade, Royal Exhibition Building, Biscay Greetings, Melbourne, post 1971","Place & Date Depicted","post 1971","Melbourne","Greater Melbourne","Victoria","Australia","Royal exhibition building; Revenue; Souvenir postcards","Buildings; Civic Mementoes; Exterior Views; Postcards; Royal Exhibition Building; Souvenirs","Royal Exhibition Building Collection","true"
"items/1230960","Postcard - Port Said, Entrance to the Canal, Will to Belle, World War I, 30 Aug 1917","Date Written","30 Aug 1917","","","","","Military history; Service; Correspondence","Militaria: Australian; Military Memorabilia; Postcards; Wars & Conflicts; World War I, 1914-1918","Military Memorabilia Collection; Returned and Services League (RSL) Collection","true"
"items/252657","Postcard - Southern Facade, Exhibition Building, Southern Cross Series, Melbourne, circa 1943","Place & Date Depicted","1941-1946","Melbourne","Greater Melbourne","Victoria","Australia","Royal exhibition building; Revenue; Souvenirs","Civic Mementoes; Correspondence; Exterior Views; Keepsakes; Postcards; Royal Exhibition Building; Souvenirs; World War II, 1939-1945","Royal Exhibition Building Collection","true"
"items/252657","Postcard - Southern Facade, Exhibition Building, Southern Cross Series, Melbourne, circa 1943","Date Inscribed","1941-1946","Melbourne","Greater Melbourne","Victoria","Australia","Royal exhibition building; Revenue; Souvenirs","Civic Mementoes; Correspondence; Exterior Views; Keepsakes; Postcards; Royal Exhibition Building; Souvenirs; World War II, 1939-1945","Royal Exhibition Building Collection","true"
"items/1307451","Postcard Transparency - Granma, To Master H. Baldwin, 'A Glad Christmas', 24 Dec 1907","Addressed To","Dec 1907","Diss","","Norfolk","England, Great Britain","Celebrations & traditions; Christmas; Correspondence","Christmas; Christmas Trees; Correspondence; Motion Picture Films; Novelty; Postcards; Pre-Cinema Moving Images; Toys","Francis Collection","true"
"items/1307451","Postcard Transparency - Granma, To Master H. Baldwin, 'A Glad Christmas', 24 Dec 1907","Date Written","24 Dec 1907","","","","England, Great Britain","Celebrations & traditions; Christmas; Correspondence","Christmas; Christmas Trees; Correspondence; Motion Picture Films; Novelty; Postcards; Pre-Cinema Moving Images; Toys","Francis Collection","true"
"items/380286","Postcard -  Alfred Galbraith, Egypt, 1915-1916","Place & Date Depicted","1915-1916","","","","Egypt","Military history; Personal effects; Correspondence","Australian Army; Australian Military Forces; Letters; Military Memorabilia; Postcards; Wars & Conflicts; World War I, 1914-1918","Returned and Services League (RSL) Collection; Military Memorabilia Collection","true"
"items/380286","Postcard -  Alfred Galbraith, Egypt, 1915-1916","Author","1915-1916","Alexandria","","","Egypt","Military history; Personal effects; Correspondence","Australian Army; Australian Military Forces; Letters; Military Memorabilia; Postcards; Wars & Conflicts; World War I, 1914-1918","Returned and Services League (RSL) Collection; Military Memorabilia Collection","true"
"items/1722036","Postcard - 'Flags That Help The Motherland', Flags of the Empire, The 'Classic' All British Series, circa 1900","Publisher","1899","Bradford","","West Midlands","England, Great Britain","Military history; Service; Patriotism & propaganda","Boer War, 1899-1902; Patriotism; Postcards; Propaganda; World War I, 1914-1918","","true"
"items/1722037","Postcard - 'The Flags That Fight In Freedom's Cause', Flags of the Allies, The 'Classic' All British Series, circa 1915","Publisher","1914","Bradford","","West Midlands","England, Great Britain","Military history; Service; Patriotism & propaganda","Patriotism; Postcards; Propaganda; World War I, 1914-1918","","true"
"items/1722035","Postcard - 'United We Stand', Flags of the Empire, The 'Classic' All British Series, circa 1900","Publisher","1899","Bradford","","West Midlands","England, Great Britain","Military history; Souvenirs & mementoes; Postcards","Boer War, 1899-1902; Patriotism; Postcards","","true"
"items/1722035","Postcard - 'United We Stand', Flags of the Empire, The 'Classic' All British Series, circa 1900","Place Named","","","","Tasmania","Australia","Military history; Souvenirs & mementoes; Postcards","Boer War, 1899-1902; Patriotism; Postcards","","true"
"items/1826515","Postcard - Five Soldiers, German, World War I, 1914-1918","Date Written","1910-1918","","","","Germany","Military history; Souvenirs & mementoes; Postcards","Wars & Conflicts; World War I, 1914-1918; Correspondence; Soldiers","","true"
"items/1722039","Postcard - 'Colonel Baden-Powell - Defender of Mafeking', circa 1900","Person Depicted","1900","","","","Great Britain","Military history; Souvenirs & mementoes; Postcards","Boer War, 1899-1902; Patriotism; Postcards; Siege of Mafeking, 1899-1900","","true"
"items/255385","Postcard - South West Facade, Exhibition Building, Victoria Stamp Market, Melbourne, circa 1905","Publisher","circa 1905","Melbourne","Greater Melbourne","Victoria","Australia","Royal exhibition building; Revenue; Souvenir postcards","Buildings; Civic Mementoes; Correspondence; Exterior Views; Postcards; Royal Exhibition Building; Souvenirs","Royal Exhibition Building Collection","true"
"items/255385","Postcard - South West Facade, Exhibition Building, Victoria Stamp Market, Melbourne, circa 1905","Place & Date Depicted","circa 1905","Melbourne","Greater Melbourne","Victoria","Australia","Royal exhibition building; Revenue; Souvenir postcards","Buildings; Civic Mementoes; Correspondence; Exterior Views; Postcards; Royal Exhibition Building; Souvenirs","Royal Exhibition Building Collection","true"
"items/255385","Postcard - South West Facade, Exhibition Building, Victoria Stamp Market, Melbourne, circa 1905","Addressed To","1907","Woollahra","Greater Sydney","New South Wales","Australia","Royal exhibition building; Revenue; Souvenir postcards","Buildings; Civic Mementoes; Correspondence; Exterior Views; Postcards; Royal Exhibition Building; Souvenirs","Royal Exhibition Building Collection","true"
"items/1826502","Postcard - 'Scape Flow', German, World War I, 1914-1918","Place Depicted","1914-1918","Scapa Flow","","","Norway","Military history; Souvenirs & mementoes; Postcards","Wars & Conflicts; World War I, 1914-1918; Military Bases; British Military","","true"
"items/380284","Postcard - Alfred Galbraith to 'Home Folks', Ismailia, Egypt, 1916","Place & Date Depicted","09 Jan 1916","Ismailia","","","Egypt","Military history; Personal effects; Correspondence","Australian Army; Australian Military Forces; Bridges; Letters; Military Memorabilia; Postcards; Wars & Conflicts; World War I, 1914-1918","Returned and Services League (RSL) Collection; Military Memorabilia Collection","true"
"items/380284","Postcard - Alfred Galbraith to 'Home Folks', Ismailia, Egypt, 1916","Author","09 Jan 1916","Ismailia","","","Egypt","Military history; Personal effects; Correspondence","Australian Army; Australian Military Forces; Bridges; Letters; Military Memorabilia; Postcards; Wars & Conflicts; World War I, 1914-1918","Returned and Services League (RSL) Collection; Military Memorabilia Collection","true"
"items/255375","Postcard - South West Facade, Exhibition Building, Melbourne, pre 1905","Place & Date Made","pre 1905","","","","Australia","Royal exhibition building; Revenue; Souvenir postcards","Buildings; Civic Mementoes; Correspondence; Exterior Views; Postcards; Royal Exhibition Building; Souvenirs","Royal Exhibition Building Collection","true"
"items/255375","Postcard - South West Facade, Exhibition Building, Melbourne, pre 1905","Place & Date Depicted","pre 1905","Melbourne","Greater Melbourne","Victoria","Australia","Royal exhibition building; Revenue; Souvenir postcards","Buildings; Civic Mementoes; Correspondence; Exterior Views; Postcards; Royal Exhibition Building; Souvenirs","Royal Exhibition Building Collection","true"
"items/255198","Postcard - South East Facade, Exhibition Building, JW Lindt, Melbourne, circa 1905","Place & Date Made","circa 1905","","","","Germany","Royal exhibition building; Revenue; Souvenir postcards","Buildings; Civic Mementoes; Exterior Views; Photography; Postcards; Royal Exhibition Building; Souvenirs","Royal Exhibition Building Collection","true"
"items/255198","Postcard - South East Facade, Exhibition Building, JW Lindt, Melbourne, circa 1905","Place & Date Depicted","circa 1880","Melbourne","Greater Melbourne","Victoria","Australia","Royal exhibition building; Revenue; Souvenir postcards","Buildings; Civic Mementoes; Exterior Views; Photography; Postcards; Royal Exhibition Building; Souvenirs","Royal Exhibition Building Collection","true"
"items/255198","Postcard - South East Facade, Exhibition Building, JW Lindt, Melbourne, circa 1905","Photographer","circa 1880","Melbourne","Greater Melbourne","Victoria","Australia","Royal exhibition building; Revenue; Souvenir postcards","Buildings; Civic Mementoes; Exterior Views; Photography; Postcards; Royal Exhibition Building; Souvenirs","Royal Exhibition Building Collection","true"
"items/255355","Postcard - The Flower Beds, Exhibition Gardens, Melbourne, circa 1905","Place & Date Made","circa 1905","","","","Germany","Royal exhibition building; Revenue; Souvenir postcards","Civic Mementoes; Correspondence; Exterior Views; Gardens; Postcards; Royal Exhibition Building; Souvenirs","Royal Exhibition Building Collection","true"
"items/255355","Postcard - The Flower Beds, Exhibition Gardens, Melbourne, circa 1905","Place & Date Depicted","circa 1905","Melbourne","Greater Melbourne","Victoria","Australia","Royal exhibition building; Revenue; Souvenir postcards","Civic Mementoes; Correspondence; Exterior Views; Gardens; Postcards; Royal Exhibition Building; Souvenirs","Royal Exhibition Building Collection","true"
"items/255355","Postcard - The Flower Beds, Exhibition Gardens, Melbourne, circa 1905","Sender","circa 1905","","","","","Royal exhibition building; Revenue; Souvenir postcards","Civic Mementoes; Correspondence; Exterior Views; Gardens; Postcards; Royal Exhibition Building; Souvenirs","Royal Exhibition Building Collection","true"
"items/255302","Postcard - South West Facade, Exhibition Building, Melbourne, 1904","Place & Date Made","1904","","","","Australia","Royal exhibition building; Revenue; Souvenir postcards","Buildings; Civic Mementoes; Correspondence; Exterior Views; Postcards; Royal Exhibition Building; Souvenirs","Royal Exhibition Building Collection","true"
"items/255302","Postcard - South West Facade, Exhibition Building, Melbourne, 1904","Place & Date Depicted","1904","Melbourne","Greater Melbourne","Victoria","Australia","Royal exhibition building; Revenue; Souvenir postcards","Buildings; Civic Mementoes; Correspondence; Exterior Views; Postcards; Royal Exhibition Building; Souvenirs","Royal Exhibition Building Collection","true"
"items/255302","Postcard - South West Facade, Exhibition Building, Melbourne, 1904","Addressed To","1904","Armadale","Greater Melbourne","Victoria","Australia","Royal exhibition building; Revenue; Souvenir postcards","Buildings; Civic Mementoes; Correspondence; Exterior Views; Postcards; Royal Exhibition Building; Souvenirs","Royal Exhibition Building Collection","true"
"items/255302","Postcard - South West Facade, Exhibition Building, Melbourne, 1904","Date Used","1904","Armadale","Greater Melbourne","Victoria","Australia","Royal exhibition building; Revenue; Souvenir postcards","Buildings; Civic Mementoes; Correspondence; Exterior Views; Postcards; Royal Exhibition Building; Souvenirs","Royal Exhibition Building Collection","true"
"items/1826510","Postcard - German Soldiers Going to War, World War I, 1914-1918","Place & Date Depicted","1914-1918","","","","Germany","Military history; Souvenirs & mementoes; Postcards","Wars & Conflicts; World War I, 1914-1918; Soldiers","","true"
"items/1722041","Postcard - 'A Fair Knock-Out', 'Georges Carpentier v. Bill Kaiser', World War I, circa 1915","Person Depicted","1915","","","","Great Britain","Military history; Civilian life; Patriotism & propaganda","Patriotism; Postcards; Propaganda; World War I, 1914-1918","","true"
"items/1722041","Postcard - 'A Fair Knock-Out', 'Georges Carpentier v. Bill Kaiser', World War I, circa 1915","Person Depicted","1915","","","","Great Britain","Military history; Civilian life; Patriotism & propaganda","Patriotism; Postcards; Propaganda; World War I, 1914-1918","","true"
"items/2100445","Postcard - Kodak Australasia Pty Ltd Health Imaging, 'The Art of Digital Science, by Kodak', circa 1998","Issued By","circa 1998","","","","Australia","Manufacturing & industry; Photographic products; Promotional materials","Photography; Manufacturing; Healthcare & Medicine; Workers; Quality Control; Advertising; Postcards; Marketing","Kodak Heritage Collection","true"
"items/376402","Postcard - Lieutenant Townley to Freda, Depicting 'Old Bill', France, World War I, 15 Nov 1918","Author","15 Nov 1918","","","","","Military history; Service; Horses","Australian Army; Australian Military Forces; Horses; Military Forces; Military Memorabilia; Wars & Conflicts; World War I, 1914-1918; Armistice Day; World War I Armistice, 1918","Military Memorabilia Collection; Townley Collection; Returned and Services League (RSL) Collection","true"
"items/376402","Postcard - Lieutenant Townley to Freda, Depicting 'Old Bill', France, World War I, 15 Nov 1918","Organisation Symbolised","Nov 1918","","","","","Military history; Service; Horses","Australian Army; Australian Military Forces; Horses; Military Forces; Military Memorabilia; Wars & Conflicts; World War I, 1914-1918; Armistice Day; World War I Armistice, 1918","Military Memorabilia Collection; Townley Collection; Returned and Services League (RSL) Collection","true"
"items/376402","Postcard - Lieutenant Townley to Freda, Depicting 'Old Bill', France, World War I, 15 Nov 1918","Organisation Symbolised","","","","","France","Military history; Service; Horses","Australian Army; Australian Military Forces; Horses; Military Forces; Military Memorabilia; Wars & Conflicts; World War I, 1914-1918; Armistice Day; World War I Armistice, 1918","Military Memorabilia Collection; Townley Collection; Returned and Services League (RSL) Collection","true"
"items/376402","Postcard - Lieutenant Townley to Freda, Depicting 'Old Bill', France, World War I, 15 Nov 1918","Organisation Symbolised","","","","","","Military history; Service; Horses","Australian Army; Australian Military Forces; Horses; Military Forces; Military Memorabilia; Wars & Conflicts; World War I, 1914-1918; Armistice Day; World War I Armistice, 1918","Military Memorabilia Collection; Townley Collection; Returned and Services League (RSL) Collection","true"
"items/255329","Postcard - South West Facade, Exhibition Building, VSM Series, Melbourne, circa 1906","Publisher","circa 1906","Melbourne","Greater Melbourne","Victoria","Australia","Royal exhibition building; Revenue; Souvenir postcards","Buildings; Christmas Cards; Civic Mementoes; Correspondence; Exterior Views; Postcards; Royal Exhibition Building; Souvenirs; Stamps","Royal Exhibition Building Collection","true"
"items/255329","Postcard - South West Facade, Exhibition Building, VSM Series, Melbourne, circa 1906","Place & Date Depicted","circa 1906","Melbourne","Greater Melbourne","Victoria","Australia","Royal exhibition building; Revenue; Souvenir postcards","Buildings; Christmas Cards; Civic Mementoes; Correspondence; Exterior Views; Postcards; Royal Exhibition Building; Souvenirs; Stamps","Royal Exhibition Building Collection","true"
"items/255329","Postcard - South West Facade, Exhibition Building, VSM Series, Melbourne, circa 1906","Addressed To","circa 1906","","","New South Wales","Australia","Royal exhibition building; Revenue; Souvenir postcards","Buildings; Christmas Cards; Civic Mementoes; Correspondence; Exterior Views; Postcards; Royal Exhibition Building; Souvenirs; Stamps","Royal Exhibition Building Collection","true"
"items/255378","Postcard - Southern Facade, Exhibition Building, Harding & Billing, Melbourne, circa 1905","Publisher","circa 1905","Sydney","Greater Sydney","New South Wales","Australia","Royal exhibition building; Revenue; Souvenir postcards","Buildings; Civic Mementoes; Correspondence; Exterior Views; Postcards; Royal Exhibition Building; Souvenirs","Royal Exhibition Building Collection","true"
"items/255378","Postcard - Southern Facade, Exhibition Building, Harding & Billing, Melbourne, circa 1905","Place & Date Depicted","circa 1905","","","","","Royal exhibition building; Revenue; Souvenir postcards","Buildings; Civic Mementoes; Correspondence; Exterior Views; Postcards; Royal Exhibition Building; Souvenirs","Royal Exhibition Building Collection","true"
"items/255378","Postcard - Southern Facade, Exhibition Building, Harding & Billing, Melbourne, circa 1905","Addressed To","","","","","","Royal exhibition building; Revenue; Souvenir postcards","Buildings; Civic Mementoes; Correspondence; Exterior Views; Postcards; Royal Exhibition Building; Souvenirs","Royal Exhibition Building Collection","true"
"items/255321","Postcard - Southern Facade, Exhibition Building, Harding & Billing, Melbourne, circa 1910","Publisher","circa 1910","","","","Australia","Royal exhibition building; Revenue; Souvenir postcards","Buildings; Civic Mementoes; Correspondence; Exterior Views; Postcards; Royal Exhibition Building; Souvenirs","Royal Exhibition Building Collection","true"
"items/255321","Postcard - Southern Facade, Exhibition Building, Harding & Billing, Melbourne, circa 1910","Place & Date Depicted","circa 1910","Melbourne","Greater Melbourne","Victoria","Australia","Royal exhibition building; Revenue; Souvenir postcards","Buildings; Civic Mementoes; Correspondence; Exterior Views; Postcards; Royal Exhibition Building; Souvenirs","Royal Exhibition Building Collection","true"
"items/255321","Postcard - Southern Facade, Exhibition Building, Harding & Billing, Melbourne, circa 1910","Date Used","1910","","","","","Royal exhibition building; Revenue; Souvenir postcards","Buildings; Civic Mementoes; Correspondence; Exterior Views; Postcards; Royal Exhibition Building; Souvenirs","Royal Exhibition Building Collection","true"
"items/255322","Postcard - Southern Facade, Exhibition Building, J Beagles, Melbourne, circa 1911","Printer & Publisher","circa 1911","London","","","England, Great Britain","Royal exhibition building; Revenue; Souvenir postcards","Buildings; Civic Mementoes; Correspondence; Exterior Views; Postcards; Royal Exhibition Building; Souvenirs","Royal Exhibition Building Collection","true"
"items/255322","Postcard - Southern Facade, Exhibition Building, J Beagles, Melbourne, circa 1911","Place & Date Depicted","circa 1911","Melbourne","Greater Melbourne","Victoria","Australia","Royal exhibition building; Revenue; Souvenir postcards","Buildings; Civic Mementoes; Correspondence; Exterior Views; Postcards; Royal Exhibition Building; Souvenirs","Royal Exhibition Building Collection","true"
"items/255243","Postcard - Southern Facade, Exhibition Building, REM Series, Melbourne, circa 1905","Publisher","circa 1905","","","","Germany","Royal exhibition building; Revenue; Souvenir postcards","Buildings; Civic Mementoes; Exterior Views; Postcards; Royal Exhibition Building; Souvenirs","Royal Exhibition Building Collection","true"
"items/255243","Postcard - Southern Facade, Exhibition Building, REM Series, Melbourne, circa 1905","Place & Date Depicted","circa 1905","Melbourne","Greater Melbourne","Victoria","Australia","Royal exhibition building; Revenue; Souvenir postcards","Buildings; Civic Mementoes; Exterior Views; Postcards; Royal Exhibition Building; Souvenirs","Royal Exhibition Building Collection","true"
"items/255380","Postcard - South West Facade, Exhibition Building, Marlborough Art Series, Melbourne, circa 1910","Publisher","by 1910","Melbourne","Greater Melbourne","Victoria","Australia","Royal exhibition building; Revenue; Souvenir postcards","Buildings; Civic Mementoes; Correspondence; Exterior Views; Postcards; Royal Exhibition Building; Ships; Souvenirs","Royal Exhibition Building Collection","true"
"items/255380","Postcard - South West Facade, Exhibition Building, Marlborough Art Series, Melbourne, circa 1910","Place & Date Depicted","circa 1910","Melbourne","Greater Melbourne","Victoria","Australia","Royal exhibition building; Revenue; Souvenir postcards","Buildings; Civic Mementoes; Correspondence; Exterior Views; Postcards; Royal Exhibition Building; Ships; Souvenirs","Royal Exhibition Building Collection","true"
"items/255380","Postcard - South West Facade, Exhibition Building, Marlborough Art Series, Melbourne, circa 1910","Addressed To","1910","","","","","Royal exhibition building; Revenue; Souvenir postcards","Buildings; Civic Mementoes; Correspondence; Exterior Views; Postcards; Royal Exhibition Building; Ships; Souvenirs","Royal Exhibition Building Collection","true"
"items/255380","Postcard - South West Facade, Exhibition Building, Marlborough Art Series, Melbourne, circa 1910","Place & Date Used","1910","Albert Park","Greater Melbourne","Victoria","Australia","Royal exhibition building; Revenue; Souvenir postcards","Buildings; Civic Mementoes; Correspondence; Exterior Views; Postcards; Royal Exhibition Building; Ships; Souvenirs","Royal Exhibition Building Collection","true"
"items/255368","Postcard - South West Facade, Exhibition Building, Melbourne, circa 1905","Place & Date Made","circa 1905","","","","Australia","Royal exhibition building; Revenue; Souvenir postcards","Buildings; Civic Mementoes; Correspondence; Exterior Views; Postcards; Royal Exhibition Building; Souvenirs","Royal Exhibition Building Collection","true"
"items/255368","Postcard - South West Facade, Exhibition Building, Melbourne, circa 1905","Place & Date Depicted","circa 1905","Melbourne","Greater Melbourne","Victoria","Australia","Royal exhibition building; Revenue; Souvenir postcards","Buildings; Civic Mementoes; Correspondence; Exterior Views; Postcards; Royal Exhibition Building; Souvenirs","Royal Exhibition Building Collection","true"
"items/255368","Postcard - South West Facade, Exhibition Building, Melbourne, circa 1905","Person Named","","","","","","Royal exhibition building; Revenue; Souvenir postcards","Buildings; Civic Mementoes; Correspondence; Exterior Views; Postcards; Royal Exhibition Building; Souvenirs","Royal Exhibition Building Collection","true"
"items/255350","Postcard - South West Facade, Exhibition Building, Melbourne, circa 1905","Place & Date Made","circa 1905","","","","Germany","Royal exhibition building; Revenue; Souvenir postcards","Buildings; Civic Mementoes; Correspondence; Postcards; Royal Exhibition Building; Souvenirs","Royal Exhibition Building Collection","true"
"items/255350","Postcard - South West Facade, Exhibition Building, Melbourne, circa 1905","Place & Date Depicted","circa 1905","Melbourne","Greater Melbourne","Victoria","Australia","Royal exhibition building; Revenue; Souvenir postcards","Buildings; Civic Mementoes; Correspondence; Postcards; Royal Exhibition Building; Souvenirs","Royal Exhibition Building Collection","true"
"items/255286","Postcard - Southern Facade, Exhibition Building, Valentine & Sons, Melbourne, circa 1905","Publisher","circa 1905","Melbourne","Greater Melbourne","Victoria","Australia","Royal exhibition building; Revenue; Souvenir postcards","Buildings; Civic Mementoes; Exterior Views; Postcards; Royal Exhibition Building; Souvenirs","Royal Exhibition Building Collection","true"
"items/255286","Postcard - Southern Facade, Exhibition Building, Valentine & Sons, Melbourne, circa 1905","Place & Date Depicted","circa 1905","Melbourne","Greater Melbourne","Victoria","Australia","Royal exhibition building; Revenue; Souvenir postcards","Buildings; Civic Mementoes; Exterior Views; Postcards; Royal Exhibition Building; Souvenirs","Royal Exhibition Building Collection","true"
"items/255286","Postcard - Southern Facade, Exhibition Building, Valentine & Sons, Melbourne, circa 1905","Printer","circa 1905","Glasgow","","","Scotland, Great Britain","Royal exhibition building; Revenue; Souvenir postcards","Buildings; Civic Mementoes; Exterior Views; Postcards; Royal Exhibition Building; Souvenirs","Royal Exhibition Building Collection","true"
"items/255235","Postcard - South West Facade, Exhibition Building, Melbourne, circa 1906","Place & Date Made","circa 1906","","","","Australia","Royal exhibition building; Revenue; Souvenir postcards","Buildings; Civic Mementoes; Exterior Views; Postcards; Royal Exhibition Building; Souvenirs","Royal Exhibition Building Collection","true"
"items/255235","Postcard - South West Facade, Exhibition Building, Melbourne, circa 1906","Place & Date Depicted","circa 1906","Melbourne","Greater Melbourne","Victoria","Australia","Royal exhibition building; Revenue; Souvenir postcards","Buildings; Civic Mementoes; Exterior Views; Postcards; Royal Exhibition Building; Souvenirs","Royal Exhibition Building Collection","true"
"items/1749814","Postcard - Sent by Daisy Poole from Malta, SS Jervis Bay, Aberdeen & Commonwealth Line, 1933","Manufactured For","1933","","","","","Water transport; Shipping lines; Souvenirs","English Immigration; Immigrant Shipping; Immigrant Voyages; Naval Vessels; Passenger Ships; Postcards; Return Migration; Shipping Lines; Souvenirs; Travel & Tourism","","true"
"items/1749814","Postcard - Sent by Daisy Poole from Malta, SS Jervis Bay, Aberdeen & Commonwealth Line, 1933","Sender","1933","","","","Malta","Water transport; Shipping lines; Souvenirs","English Immigration; Immigrant Shipping; Immigrant Voyages; Naval Vessels; Passenger Ships; Postcards; Return Migration; Shipping Lines; Souvenirs; Travel & Tourism","","true"
"items/1749814","Postcard - Sent by Daisy Poole from Malta, SS Jervis Bay, Aberdeen & Commonwealth Line, 1933","Ship Depicted","1933","","","","","Water transport; Shipping lines; Souvenirs","English Immigration; Immigrant Shipping; Immigrant Voyages; Naval Vessels; Passenger Ships; Postcards; Return Migration; Shipping Lines; Souvenirs; Travel & Tourism","","true"
"items/2104276","Postcard - Kodak Australasia Pty Ltd, 'The Creation of a Masterpiece: Kodak T-MAT/RA Film', circa 2000","Issued By","circa 2000","Coburg","Melbourne","Victoria","Australia","Manufacturing & industry; Photographic products; Promotional materials","X-Ray Film; Marketing; Advertising; Postcards","Kodak Heritage Collection","true"
"items/476101","Postcard - 'Greetings from Melbourne', Exhibition Building, Valentine's Series, Melbourne, circa 1908","Publisher","circa 1908","","","","England, Great Britain","Royal exhibition building; Revenue; Souvenir postcards","Buildings; Civic Mementoes; Correspondence; Exterior Views; Postcards; Royal Exhibition Building; Souvenirs","","true"
"items/476101","Postcard - 'Greetings from Melbourne', Exhibition Building, Valentine's Series, Melbourne, circa 1908","Place & Date Depicted","circa 1908","Melbourne","Greater Melbourne","Victoria","Australia","Royal exhibition building; Revenue; Souvenir postcards","Buildings; Civic Mementoes; Correspondence; Exterior Views; Postcards; Royal Exhibition Building; Souvenirs","","true"
"items/255292","Postcard - Eastern Facade & Forecourt, Exhibition Building, Valentine & Sons, Melbourne, circa 1915","Publisher","circa 1915","","","","Scotland, Great Britain","Royal exhibition building; Revenue; Souvenir postcards","Buildings; Civic Mementoes; Exterior Views; Fountains; Postcards; Royal Exhibition Building; Souvenirs","Royal Exhibition Building Collection","true"
"items/255292","Postcard - Eastern Facade & Forecourt, Exhibition Building, Valentine & Sons, Melbourne, circa 1915","Place & Date Depicted","circa 1915","Melbourne","Greater Melbourne","Victoria","Australia","Royal exhibition building; Revenue; Souvenir postcards","Buildings; Civic Mementoes; Exterior Views; Fountains; Postcards; Royal Exhibition Building; Souvenirs","Royal Exhibition Building Collection","true"
"items/255391","Postcard - 'Advance Australia', Carlton Gardens, EW Cole Book Arcade, Melbourne, 1917","Publisher","1917","Melbourne","Greater Melbourne","Victoria","Australia","Royal exhibition building; Revenue; Souvenir postcards","Booksellers; Civic Mementoes; Correspondence; Keepsakes; Postcards; Royal Exhibition Building; Souvenirs","Royal Exhibition Building Collection; Cole's Book Arcade Collection","true"
"items/255391","Postcard - 'Advance Australia', Carlton Gardens, EW Cole Book Arcade, Melbourne, 1917","Place & Date Depicted","1917","Melbourne","Greater Melbourne","Victoria","Australia","Royal exhibition building; Revenue; Souvenir postcards","Booksellers; Civic Mementoes; Correspondence; Keepsakes; Postcards; Royal Exhibition Building; Souvenirs","Royal Exhibition Building Collection; Cole's Book Arcade Collection","true"
"items/255391","Postcard - 'Advance Australia', Carlton Gardens, EW Cole Book Arcade, Melbourne, 1917","Date Used","1917","","","","","Royal exhibition building; Revenue; Souvenir postcards","Booksellers; Civic Mementoes; Correspondence; Keepsakes; Postcards; Royal Exhibition Building; Souvenirs","Royal Exhibition Building Collection; Cole's Book Arcade Collection","true"
"items/1176237","Postcard - Phar Lap, National Museum of Victoria, 1930s","Issued By","1930-1940","Melbourne","Greater Melbourne","Victoria","Australia","Museum history; Marketing & publicity; Souvenirs","Civic Mementoes; Exhibitions; Horse Racing; Horses; Museum History; Postcards; Racing Industry; Souvenirs; Sport; Making History - Phar Lap","Phar Lap Collection; Museum History Collection","true"
"items/802756","Postcard - 'The Home Coming Train Arriving at Ballarat' circa 1920","Creator","circa 1920","Melbourne","","Victoria","Australia","Rail transport; Railways - steam power","Cartoons; Celebrations; Postcards; Railway Carriages; Steam Railway Locomotives; Trains; World War I, 1914-1918","Norm De Pomeroy Collection","true"
"items/802756","Postcard - 'The Home Coming Train Arriving at Ballarat' circa 1920","Place & Date Depicted","circa 1920","Ballarat","","Victoria","Australia","Rail transport; Railways - steam power","Cartoons; Celebrations; Postcards; Railway Carriages; Steam Railway Locomotives; Trains; World War I, 1914-1918","Norm De Pomeroy Collection","true"
"items/802616","Postcard - 'Puffing Billy' NA-class Steam Locomotive & Passenger Train, Upper Ferntree Gully, Victoria, circa 1930s","Place & Date Depicted","circa 1930s","Upper Ferntree Gully","Dandenongs","Victoria","Australia","Rail transport; Railways - steam power; Steam passenger trains","Passenger Trains; Railway Bridges; Railway Carriages; Railway Crossings; Railway Level Crossings; Steam Railway Locomotives; Timber Bridges","Norm De Pomeroy Collection","true"
"items/802616","Postcard - 'Puffing Billy' NA-class Steam Locomotive & Passenger Train, Upper Ferntree Gully, Victoria, circa 1930s","Organisation Depicted","circa 1930s","","Dandenongs","Victoria","Australia","Rail transport; Railways - steam power; Steam passenger trains","Passenger Trains; Railway Bridges; Railway Carriages; Railway Crossings; Railway Level Crossings; Steam Railway Locomotives; Timber Bridges","Norm De Pomeroy Collection","true"
"items/1195382","Postcard - Ancient Ruins, Middle East, World War I, 1914-1919","Place & Date Depicted","1914-1919","","","","Iraq","Military history; Service; Recreation & tourism","Buildings; Military Memorabilia; Wars & Conflicts; World War I, 1914-1918; Ancient History","Military Memorabilia Collection; Returned and Services League (RSL) Collection","true"
"items/380307","Postcard - Field Service, Alfred Galbraith to Mrs J Breare, 12 Jul 1916","Author","12 Jul 1916","","","","France","Military history; Personal effects; Correspondence","Australian Army; Australian Military Forces; Communications; Letters; Military Memorabilia; Postcards; Trenches; Wars & Conflicts; World War I, 1914-1918; Military Censorship; Battle of the Somme (Somme Offensive), 1916","Returned and Services League (RSL) Collection; Military Memorabilia Collection","true"
"items/380307","Postcard - Field Service, Alfred Galbraith to Mrs J Breare, 12 Jul 1916","Addressed To","12 Jul 1916","South Shields","","","England, Great Britain","Military history; Personal effects; Correspondence","Australian Army; Australian Military Forces; Communications; Letters; Military Memorabilia; Postcards; Trenches; Wars & Conflicts; World War I, 1914-1918; Military Censorship; Battle of the Somme (Somme Offensive), 1916","Returned and Services League (RSL) Collection; Military Memorabilia Collection","true"
"items/380285","Postcard - Alfred Galbraith to Mother, French Garden, Alexandria, Egypt, 19 Feb 1916","Place & Date Depicted","19 Feb 1916","Alexandria","","","Egypt","Military history; Personal effects; Correspondence","Australian Army; Australian Military Forces; Military Memorabilia; Postcards; Wars & Conflicts; World War I, 1914-1918","Returned and Services League (RSL) Collection; Military Memorabilia Collection","true"
"items/380285","Postcard - Alfred Galbraith to Mother, French Garden, Alexandria, Egypt, 19 Feb 1916","Author","19 Feb 1916","Alexandria","","","Egypt","Military history; Personal effects; Correspondence","Australian Army; Australian Military Forces; Military Memorabilia; Postcards; Wars & Conflicts; World War I, 1914-1918","Returned and Services League (RSL) Collection; Military Memorabilia Collection","true"
"items/380283","Postcard - Alfred Galbraith to Mother, Ismailia, Egypt, World War I, 1915","Place & Date Depicted","29 Nov 1915","Ismailia","","","Egypt","Military history; Personal effects; Correspondence","Australian Army; Australian Military Forces; Christmas Dinners; Letters; Military Memorabilia; Postcards; Railway Stations; Wars & Conflicts; World War I, 1914-1918","Returned and Services League (RSL) Collection; Military Memorabilia Collection","true"
"items/380283","Postcard - Alfred Galbraith to Mother, Ismailia, Egypt, World War I, 1915","Author","29 Nov 1915","Ismailia","","","Egypt","Military history; Personal effects; Correspondence","Australian Army; Australian Military Forces; Christmas Dinners; Letters; Military Memorabilia; Postcards; Railway Stations; Wars & Conflicts; World War I, 1914-1918","Returned and Services League (RSL) Collection; Military Memorabilia Collection","true"
"items/380283","Postcard - Alfred Galbraith to Mother, Ismailia, Egypt, World War I, 1915","Addressed To","29 Nov 1915","Essendon","Greater Melbourne","Victoria","Australia","Military history; Personal effects; Correspondence","Australian Army; Australian Military Forces; Christmas Dinners; Letters; Military Memorabilia; Postcards; Railway Stations; Wars & Conflicts; World War I, 1914-1918","Returned and Services League (RSL) Collection; Military Memorabilia Collection","true"
"items/1351537","Postcard. Specific locality unrecorded, Papua New Guinea. pre 1906","","","","","","","","People; Topography; Gathering; Clothing","","true"
"items/1232982","Postcard - Honour Roll, Rochester Shire, circa 1918","Place & Date Made","circa 1918","Rochester","","Victoria","Australia","Military history; Service; Honour boards","Militaria: Australian; Military Memorabilia; Postcards; Wars & Conflicts; World War I, 1914-1918","Military Memorabilia Collection; Returned and Services League (RSL) Collection","true"
"items/1178714","Postcard - 'A Bhootia Milkman', World War I, 1916-1919","Place & Date Made","1916-1919","","","","Japan","Military history; Souvenirs & mementoes; Postcards","Military Memorabilia; Postcards; Travel; Wars & Conflicts; World War I, 1914-1918","Military Memorabilia Collection; Returned and Services League (RSL) Collection","true"
"items/1178714","Postcard - 'A Bhootia Milkman', World War I, 1916-1919","Place Named","","","","","Bhutan","Military history; Souvenirs & mementoes; Postcards","Military Memorabilia; Postcards; Travel; Wars & Conflicts; World War I, 1914-1918","Military Memorabilia Collection; Returned and Services League (RSL) Collection","true"
"items/1178744","Postcard - 'A Nepali Milkwoman', World War I, 1916-1919","Place & Date Made","1916-1919","","","","Japan","Military history; Souvenirs & mementoes; Postcards","Postcards; Travel; Wars & Conflicts; World War I, 1914-1918","Military Memorabilia Collection; Returned and Services League (RSL) Collection","true"
"items/1178744","Postcard - 'A Nepali Milkwoman', World War I, 1916-1919","Place Depicted","","","","","Nepal","Military history; Souvenirs & mementoes; Postcards","Postcards; Travel; Wars & Conflicts; World War I, 1914-1918","Military Memorabilia Collection; Returned and Services League (RSL) Collection","true"
"items/1178915","Postcard - The Snowy Range From Darjeeling, India, World War I, 1916-1919","Place & Date Depicted","1916-1919","Darjeeling","","West Bengal","India","Military history; Service; Recreation & tourism","Postcards; Travel; Wars & Conflicts; World War I, 1914-1918; Mountains; Tourism","Military Memorabilia Collection; Returned and Services League (RSL) Collection","true"
"items/1178915","Postcard - The Snowy Range From Darjeeling, India, World War I, 1916-1919","Previous Owner","","","","","","Military history; Service; Recreation & tourism","Postcards; Travel; Wars & Conflicts; World War I, 1914-1918; Mountains; Tourism","Military Memorabilia Collection; Returned and Services League (RSL) Collection","true"
"items/1177892","Postcard - Darjeeling Railway, India, World War I, 1916-1919","Place & Date Depicted","1916-1919","Darjeeling","","West Bengal","India","Military history; Service; Recreation & tourism","Military Memorabilia; Postcards; Wars & Conflicts; World War I, 1914-1918; Railways","Military Memorabilia Collection; Returned and Services League (RSL) Collection","true"
"items/1178032","Postcard - Ashar Creek, Basra, World War I, 1916-1919","Place & Date Depicted","1916-1919","Basra","","","Iraq","Military history; Service; Recreation & tourism","Military Memorabilia; Postcards; Wars & Conflicts; World War I, 1914-1918; Creeks","Military Memorabilia Collection; Returned and Services League (RSL) Collection","true"
"items/1178042","Postcard - Etesiphon Arch, Iraq, World War I, 1914-1919","Place & Date Depicted","1914-1919","","","","Iraq","Military history; Service; Recreation & tourism","Military Memorabilia; Postcards; Travel; Wars & Conflicts; World War I, 1914-1918; Ancient History","Military Memorabilia Collection; Returned and Services League (RSL) Collection","true"
"items/1178050","Postcard - Pontoon Bridge, Iraq, World War I, 1916-1919","Place & Date Depicted","1916-1919","","","","Iraq","Military history; Service; Recreation & tourism","Life Buoys; Military Memorabilia; Postcards; Wars & Conflicts; World War I, 1914-1918; Bridges; Pontoons","Military Memorabilia Collection; Returned and Services League (RSL) Collection","true"
"items/1178081","Postcard - Cavalry Crossing Pontoon Bridge, South of Baghdad, Iraq, World War I, 1916-1919","Place & Date Depicted","1916-1919","Baghdad","","","Iraq","Military history; Service; Marches & movements","Military Memorabilia; Postcards; Wars & Conflicts; World War I, 1914-1918; Horses","Military Memorabilia Collection; Returned and Services League (RSL) Collection","true"
"items/1178096","Postcard - Monitor Ship 'Tarantulla', Middle East, World War I, 1916-1919","Place & Date Depicted","1916-1919","","","","Iraq","Military history; Service; Battleships","Military Memorabilia; Postcards; Wars & Conflicts; World War I, 1914-1918; Ships","Military Memorabilia Collection; Returned and Services League (RSL) Collection","true"
"items/1178096","Postcard - Monitor Ship 'Tarantulla', Middle East, World War I, 1916-1919","Organisation Depicted","","","","","","Military history; Service; Battleships","Military Memorabilia; Postcards; Wars & Conflicts; World War I, 1914-1918; Ships","Military Memorabilia Collection; Returned and Services League (RSL) Collection","true"
"items/1178096","Postcard - Monitor Ship 'Tarantulla', Middle East, World War I, 1916-1919","Previous Owner","","","","","","Military history; Service; Battleships","Military Memorabilia; Postcards; Wars & Conflicts; World War I, 1914-1918; Ships","Military Memorabilia Collection; Returned and Services League (RSL) Collection","true"
"items/1178108","Postcard - Natives Travelling on the Darjeeling Line, India, World War I, 1914-1918","Place & Date Depicted","1914-1918","","","","India","Military history; Service; Recreation & tourism","Military Memorabilia; Postcards; Travel; Wars & Conflicts; World War I, 1914-1918","Military Memorabilia Collection; Returned and Services League (RSL) Collection","true"
"items/1178110","Postcard - Baquba, Iraq, World War I, 1916-1919","Place & Date Depicted","1916-1919","Baquba","","","Iraq","Military history; Service; Recreation & tourism","Military Memorabilia; Postcards; Travel; Wars & Conflicts; World War I, 1914-1918","Military Memorabilia Collection; Returned and Services League (RSL) Collection","true"
"items/1178111","Postcard - Waterfall on Darjeeling Railway, World War I, 1916-1919","Place & Date Depicted","1916-1919","","","West Bengal","India","Military history; Service; Recreation & tourism","Military Memorabilia; Postcards; Wars & Conflicts; World War I, 1914-1918; Waterfalls","Military Memorabilia Collection; Returned and Services League (RSL) Collection","true"
"items/1178164","Postcard - 'Artillery on the March', Middle East, World War I, 1916-1919","Place & Date Depicted","1916-1919","","","","Middle East","Military history; Service; Marches & movements","Military Memorabilia; Postcards; Wars & Conflicts; World War I, 1914-1918; Artillery","Military Memorabilia Collection; Returned and Services League (RSL) Collection","true"
"items/1178164","Postcard - 'Artillery on the March', Middle East, World War I, 1916-1919","Previous Owner","","","","","","Military history; Service; Marches & movements","Military Memorabilia; Postcards; Wars & Conflicts; World War I, 1914-1918; Artillery","Military Memorabilia Collection; Returned and Services League (RSL) Collection","true"
"items/1178177","Postcard - Artillery on the March, Middle East, World War I, 1916-1919","Place & Date Depicted","1916-1919","","","","Middle East","Military history; Service; Marches & movements","Military Memorabilia; Postcards; Wars & Conflicts; World War I, 1914-1918; Artillery","Military Memorabilia Collection; Returned and Services League (RSL) Collection","true"
"items/1178177","Postcard - Artillery on the March, Middle East, World War I, 1916-1919","Previous Owner","","","","","","Military history; Service; Marches & movements","Military Memorabilia; Postcards; Wars & Conflicts; World War I, 1914-1918; Artillery","Military Memorabilia Collection; Returned and Services League (RSL) Collection","true"
"items/1178473","Postcard - 'Making Bhoosa', World War I, 1916-1919","Place & Date Depicted","1916-1919","","","","Middle East","Military history; Service; Recreation & tourism","Military Memorabilia; Postcards; Travel; Wars & Conflicts; World War I, 1914-1918; Agricultural Workers; Farming Practices","Military Memorabilia Collection; Returned and Services League (RSL) Collection","true"
"items/1178497","Postcard - The River at Basra, Iraq, World War I, 1916-1919","Place & Date Depicted","1916-1919","Basra","","","Iraq","Military history; Service; Recreation & tourism","Military Memorabilia; Postcards; Travel; Wars & Conflicts; World War I, 1914-1918; Rivers; Boats; Ships","Military Memorabilia Collection; Returned and Services League (RSL) Collection","true"
"items/1178508","Postcard - Bund Gardens, Poona, India, World War I, 1916-1919","Place & Date Depicted","1916-1919","Poona","","Maharashtra","India","Military history; Service; Recreation & tourism","Military Memorabilia; Postcards; Travel; Wars & Conflicts; World War I, 1914-1918; Gardens","Military Memorabilia Collection; Returned and Services League (RSL) Collection","true"
"items/1178546","Postcard - Artillery on the March, Middle East, World War I, 1916-1919","Place & Date Depicted","1916-1919","","","","Middle East","Military history; Service; Marches & movements","Military Memorabilia; Postcards; Travel; Wars & Conflicts; World War I, 1914-1918; Artillery","Military Memorabilia Collection; Returned and Services League (RSL) Collection","true"
"items/1178546","Postcard - Artillery on the March, Middle East, World War I, 1916-1919","Previous Owner","","","","","","Military history; Service; Marches & movements","Military Memorabilia; Postcards; Travel; Wars & Conflicts; World War I, 1914-1918; Artillery","Military Memorabilia Collection; Returned and Services League (RSL) Collection","true"
"items/1178667","Postcard - Mosque in Baghdad, Iraq, World War I, 1916-1919","Place & Date Depicted","1916-1919","Baghdad","","","Iraq","Military history; Service; Recreation & tourism","Military Memorabilia; Postcards; Travel; Wars & Conflicts; World War I, 1914-1918; Religions: Islam; Mosques","Military Memorabilia Collection; Returned and Services League (RSL) Collection","true"
"items/1178686","Postcard - Bund Gardens, Poona, India, World War I, 1916-1919","Place & Date Depicted","1916-1919","Poona","","Maharashtra","India","Military history; Service; Recreation & tourism","Military Memorabilia; Postcards; Travel; Wars & Conflicts; World War I, 1914-1918; Gardens","Military Memorabilia Collection; Returned and Services League (RSL) Collection","true"
"items/1194934","Postcard - Street Sellers, Middle East, World War I, 1916-1919","Place & Date Depicted","1916-1919","","","","Middle East","Military history; Service; Recreation & tourism","Military Memorabilia; Postcards; Travel; Wars & Conflicts; World War I, 1914-1918; Street Vendors; Retail Displays","Military Memorabilia Collection; Returned and Services League (RSL) Collection","true"
"items/1194935","Postcard - Stone Hut in Mountains, Middle East, World War I, 1916-1919","Place & Date Depicted","1916-1919","","","","Middle East","Military history; Service; Recreation & tourism","Military Memorabilia; Postcards; Wars & Conflicts; World War I, 1914-1918; Buildings; Stonemasonry; Huts","Military Memorabilia Collection; Returned and Services League (RSL) Collection","true"
"items/1194936","Postcard - Radio Control, Mesopotamia, World War I, 1916-1919","Place & Date Depicted","1916-1919","","","","Mesopotamia (Iraq & Neighbours)","Military history; Service; Communication equipment","Military Memorabilia; Postcards; Wars & Conflicts; World War I, 1914-1918; Radio Transmitter Equipment","Military Memorabilia Collection; Returned and Services League (RSL) Collection","true"
"items/1194941","Postcard - Young Boy, World War I, 1916-1919","Place & Date Depicted","1916-1919","","","","Middle East","Military history; Service; Recreation & tourism","Military Memorabilia; Postcards; Wars & Conflicts; World War I, 1914-1918; Childhood","Military Memorabilia Collection; Returned and Services League (RSL) Collection","true"
"items/1194950","Postcard - Arab Men, World War I, 1916-1919","Place & Date Depicted","1916-1919","","","","Middle East","Military history; Service; Recreation & tourism","Military Memorabilia; Postcards; Wars & Conflicts; World War I, 1914-1918","Military Memorabilia Collection; Returned and Services League (RSL) Collection","true"
"items/1194953","Postcard - Arab Women & Men, Middle East, World War I, 1916-1919","Place & Date Depicted","1916-1919","","","","Middle East","Military history; Service; Recreation & tourism","Military Memorabilia; Postcards; Wars & Conflicts; World War I, 1914-1918","Military Memorabilia Collection; Returned and Services League (RSL) Collection","true"
"items/1194981","Postcard - Trucks Passing Ruins, Middle East, World War I, 1914-1919","Place & Date Depicted","1914-1919","","","","Iraq","Military history; Service; Marches & movements","Military Memorabilia; Postcards; Wars & Conflicts; World War I, 1914-1918; Ancient History","Military Memorabilia Collection; Returned and Services League (RSL) Collection","true"
"items/1194983","Postcard - Soldiers Relaxing, World War I, 1916-1919","Place & Date Depicted","1916-1919","","","","","Military history; Service; Portraits","Military Memorabilia; Postcards; Wars & Conflicts; World War I, 1914-1918; Recreation","Military Memorabilia Collection; Returned and Services League (RSL) Collection","true"
"items/1194985","Postcard - Sone Building, Middle East, World War I, 1916-1919","Place & Date Depicted","1916-1919","","","","Middle East","Military history; Service; Recreation & tourism","Military Memorabilia; Postcards; Wars & Conflicts; World War I, 1914-1918; Buildings; Stonemasonry","Military Memorabilia Collection; Returned and Services League (RSL) Collection","true"
"items/1175996","Postcard - Aeroplanes in the Field, World War I, 1916-1919","Place & Date Depicted","1916-1919","","","","","Military history; Service; Aircraft & air forces","Military Memorabilia; Postcards; Wars & Conflicts; World War I, 1914-1918; Aeroplanes; Air Forces","Military Memorabilia Collection; Returned and Services League (RSL) Collection","true"
"items/1175413","Postcard - Kurdish Woman, World War I, 1914-1918","Date of Event","1914-1918","","","","","Military history; Service; Recreation & tourism","Anzac Day; Commemorations; Military Memorabilia; Wars & Conflicts; World War I, 1914-1918; Kurdish Communities","Military Memorabilia Collection; Returned and Services League (RSL) Collection","true"
"items/1178965","Postcard - Bridge Over the River, Baghdad, World War I, 1916-1919","Place & Date Depicted","1916-1919","Baghdad","","","Iraq","Military history; Service; Recreation & tourism","Military Memorabilia; Travel; Wars & Conflicts; World War I, 1914-1918; Bridges; Rivers","Military Memorabilia Collection; Returned and Services League (RSL) Collection","true"
"items/1178975","Postcard - 'Tajmahal Hotel', Bombay, India, World War I, 1916-1919","Place & Date Depicted","1916-1919","Bombay (Mumbai)","","Maharashtra","India","Military history; Service; Recreation & tourism","Military Memorabilia; Postcards; Travel; Wars & Conflicts; World War I, 1914-1918; Hotels","Military Memorabilia Collection; Returned and Services League (RSL) Collection","true"
"items/1178975","Postcard - 'Tajmahal Hotel', Bombay, India, World War I, 1916-1919","Previous Owner","","","","","","Military history; Service; Recreation & tourism","Military Memorabilia; Postcards; Travel; Wars & Conflicts; World War I, 1914-1918; Hotels","Military Memorabilia Collection; Returned and Services League (RSL) Collection","true"
"items/1175365","Postcard - Women in Burkhas in Public Square, World War I, 1916-1919","Place & Date Depicted","1916-1919","","","","Middle East","Military history; Service; Recreation & tourism","World War I, 1914-1918; Commemorations; Military Memorabilia; Wars & Conflicts; Religions: Islam","Military Memorabilia Collection; Returned and Services League (RSL) Collection","true"
"items/1175402","Postcard - Kurdish Woman, World War I, 1914-1918","Date of Event","1914-1918","","","","","Military history; Service; Recreation & tourism","Anzac Day; Commemorations; Military Memorabilia; Wars & Conflicts; World War I, 1914-1918; Kurdish Communities","Military Memorabilia Collection; Returned and Services League (RSL) Collection","true"
"items/388691","Postcard - Stoker W. M. Sorell to Mother, H.M.A.S. Melbourne, England, 10 Feb 1919","Place & Date Depicted","1914","Port Melbourne","Greater Melbourne","Victoria","Australia","Military history; Service; Battleships","Australian Military Forces; Military Memorabilia; Naval Forces; Postcards; Ships; Wars & Conflicts; World War I, 1914-1918","Military Memorabilia Collection","true"
"items/388691","Postcard - Stoker W. M. Sorell to Mother, H.M.A.S. Melbourne, England, 10 Feb 1919","Ship Depicted","1914","Port Melbourne","Greater Melbourne","Victoria","Australia","Military history; Service; Battleships","Australian Military Forces; Military Memorabilia; Naval Forces; Postcards; Ships; Wars & Conflicts; World War I, 1914-1918","Military Memorabilia Collection","true"
"items/388691","Postcard - Stoker W. M. Sorell to Mother, H.M.A.S. Melbourne, England, 10 Feb 1919","Author","10 Feb 1919","","","","England, Great Britain","Military history; Service; Battleships","Australian Military Forces; Military Memorabilia; Naval Forces; Postcards; Ships; Wars & Conflicts; World War I, 1914-1918","Military Memorabilia Collection","true"
"items/1175403","Postcard - Camel Transport, Middle East, World War I, circa 1916","Place & Date Depicted","circa 1916","","","","Middle East","Military history; Service; Marches & movements","Military Memorabilia; Postcards; Wars & Conflicts; World War I, 1914-1918; Camels","Military Memorabilia Collection; Returned and Services League (RSL) Collection","true"
"items/1175403","Postcard - Camel Transport, Middle East, World War I, circa 1916","Previous Owner","","","","","","Military history; Service; Marches & movements","Military Memorabilia; Postcards; Wars & Conflicts; World War I, 1914-1918; Camels","Military Memorabilia Collection; Returned and Services League (RSL) Collection","true"
"items/2104262","Postcard - Eastman Kodak Co, Kodak Tower, Rochester, New York, USA, 1987","Issued By","circa 1987","Rochester","","New York","United States of America","Manufacturing & industry; Photographic products; Correspondence","Marketing; Advertising; Communications; Promotional Materials; Postcards","Kodak Heritage Collection","true"
"items/1232967","Postcard - Men of Rochester Shire, World War I, 1914","Place & Date Made","1914","Rochester","","Victoria","Australia","Military history; Service; Portraits","Militaria: Australian; Military Memorabilia; Postcards; Wars & Conflicts; World War I, 1914-1918","Military Memorabilia Collection; Returned and Services League (RSL) Collection","true"
"items/1322220","Postcard - 'A Little Shriner Wearing His First Pin', From H.V. McKay, Odessa, Ukraine, Addressed to H.V. McKay Office, London, 17 May 1912","Author","17 May 1912","","","","","Manufacturing & industry; Agricultural & horticultural equipment; Correspondence","Cartoons; Postcards; Russians","Old McKay Archive; H.V. McKay Sunshine Collection","true"
"items/1175110","Postcard - Badamlam Bridge, Darjeeling, India, World War I, 1916-1919","Place & Date Depicted","1916-1919","Darjeeling","","West Bengal","India","Military history; Service; Recreation & tourism","Military Memorabilia; Postcards; Wars & Conflicts; World War I, 1914-1918; Bridges","Military Memorabilia Collection; Returned and Services League (RSL) Collection","true"
"items/1175110","Postcard - Badamlam Bridge, Darjeeling, India, World War I, 1916-1919","Previous Owner","","","","","","Military history; Service; Recreation & tourism","Military Memorabilia; Postcards; Wars & Conflicts; World War I, 1914-1918; Bridges","Military Memorabilia Collection; Returned and Services League (RSL) Collection","true"
"items/1175380","Postcard - Ashar Creek, Basra, World War I, 1916-1919","Place & Date Depicted","1916-1919","Basra","","","Iraq","Military history; Service; Recreation & tourism","Military Memorabilia; Postcards; Wars & Conflicts; World War I, 1914-1918; Creeks","Military Memorabilia Collection; Returned and Services League (RSL) Collection","true"
"items/1175411","Postcard - Aeroplane Landing, World War I, 1916-1919","Place & Date Depicted","1916-1919","","","","","Military history; Service; Aircraft & air forces","Military Memorabilia; Postcards; Wars & Conflicts; World War I, 1914-1918; Aeroplanes; Air Forces","Military Memorabilia Collection; Returned and Services League (RSL) Collection","true"
"items/1176606","Postcard - Monitor Ship 'Tarantulla', Middle East, World War I, 1916-1919","Place & Date Depicted","1916-1919","","","","Iraq","Military history; Service; Battleships","Military Memorabilia; Postcards; Wars & Conflicts; World War I, 1914-1918; Ships","Military Memorabilia Collection; Returned and Services League (RSL) Collection","true"
"items/1176606","Postcard - Monitor Ship 'Tarantulla', Middle East, World War I, 1916-1919","Organisation Depicted","","","","","","Military history; Service; Battleships","Military Memorabilia; Postcards; Wars & Conflicts; World War I, 1914-1918; Ships","Military Memorabilia Collection; Returned and Services League (RSL) Collection","true"
"items/1176606","Postcard - Monitor Ship 'Tarantulla', Middle East, World War I, 1916-1919","Previous Owner","","","","","","Military history; Service; Battleships","Military Memorabilia; Postcards; Wars & Conflicts; World War I, 1914-1918; Ships","Military Memorabilia Collection; Returned and Services League (RSL) Collection","true"
"items/1176721","Postcard - Monitor Ship 'Tarantulla', Middle East, World War I, 1916-1919","Place & Date Depicted","1916-1919","","","","Iraq","Military history; Service; Battleships","Military Memorabilia; Postcards; Wars & Conflicts; World War I, 1914-1918; Ships","Military Memorabilia Collection; Returned and Services League (RSL) Collection","true"
"items/1176721","Postcard - Monitor Ship 'Tarantulla', Middle East, World War I, 1916-1919","Organisation Depicted","","","","","","Military history; Service; Battleships","Military Memorabilia; Postcards; Wars & Conflicts; World War I, 1914-1918; Ships","Military Memorabilia Collection; Returned and Services League (RSL) Collection","true"
"items/1176721","Postcard - Monitor Ship 'Tarantulla', Middle East, World War I, 1916-1919","Previous Owner","","","","","","Military history; Service; Battleships","Military Memorabilia; Postcards; Wars & Conflicts; World War I, 1914-1918; Ships","Military Memorabilia Collection; Returned and Services League (RSL) Collection","true"
"items/1177872","Postcard - Street Scene in Basra, Iraq, World War I, 1916-1919","Place & Date Depicted","1916-1919","Basra","","","Iraq","Military history; Service; Recreation & tourism","Military Memorabilia; Postcards; Travel; Wars & Conflicts; World War I, 1914-1918; Shops; Retail Displays","Military Memorabilia Collection; Returned and Services League (RSL) Collection","true"
"items/1178486","Postcard - 'Another Mosque in Baghdad', Iraq, circa 1916","Place & Date Depicted","circa 1916","Baghdad","","","Iraq","Military history; Service; Recreation & tourism","Military Memorabilia; Postcards; Travel; Wars & Conflicts; World War I, 1914-1918; Mosques; Religions: Islam","Military Memorabilia Collection; Returned and Services League (RSL) Collection","true"
"items/1178486","Postcard - 'Another Mosque in Baghdad', Iraq, circa 1916","Previous Owner","","","","","","Military history; Service; Recreation & tourism","Military Memorabilia; Postcards; Travel; Wars & Conflicts; World War I, 1914-1918; Mosques; Religions: Islam","Military Memorabilia Collection; Returned and Services League (RSL) Collection","true"
"items/395598","Postcard - S.S. Oonah, Devonport, Tasmania, 18 Jan 1914","Place & Date Inscribed","18 Jan 1914","Devonport","","Tasmania","Australia","Water transport; Steam power; Screw steamers - passenger","Postcards; Ships; Steamships; World War I, 1914-1918","","true"
"items/395598","Postcard - S.S. Oonah, Devonport, Tasmania, 18 Jan 1914","Publisher","","","","","","Water transport; Steam power; Screw steamers - passenger","Postcards; Ships; Steamships; World War I, 1914-1918","","true"
"items/395598","Postcard - S.S. Oonah, Devonport, Tasmania, 18 Jan 1914","Place Made","","","","","Germany","Water transport; Steam power; Screw steamers - passenger","Postcards; Ships; Steamships; World War I, 1914-1918","","true"
"items/395598","Postcard - S.S. Oonah, Devonport, Tasmania, 18 Jan 1914","Ship Depicted","","","","","","Water transport; Steam power; Screw steamers - passenger","Postcards; Ships; Steamships; World War I, 1914-1918","","true"
"items/1175454","Postcard - Turks Captured, World War I, 1916-1919","Place & Date Depicted","1916-1919","","","","Middle East","Military history; Service; Prisoners of war","Military Memorabilia; Postcards; Wars & Conflicts; World War I, 1914-1918; Prisoners of War","Military Memorabilia Collection; Returned and Services League (RSL) Collection","true"
"items/1175774","Postcard - Horse Line in Margil, Iraq, World War I, 1916-1919","Place & Date Depicted","1916-1919","Margil","","","Iraq","Military history; Service; Cavalry","Military Memorabilia; Postcards; Wars & Conflicts; World War I, 1914-1918; Horses","Military Memorabilia Collection; Returned and Services League (RSL) Collection","true"
"items/1175816","Postcard - German Railway in Baghdad, World War I, 1916-1919","Place & Date Depicted","1916-1919","Baghdad","","","Iraq","Military history; Service; Recreation & tourism","Military Memorabilia; Postcards; Wars & Conflicts; World War I, 1914-1918; German Occupation; Railways","Military Memorabilia Collection; Returned and Services League (RSL) Collection","true"
"items/1175885","Postcard - Dome & Minaret, Baghdad, Iraq, World War I, 1916-1919","Place & Date Depicted","1916-1919","Baghdad","","","Iraq","Military history; Service; Recreation & tourism","Military Memorabilia; Postcards; Wars & Conflicts; World War I, 1914-1918; Mosques; Religions: Islam","Military Memorabilia Collection; Returned and Services League (RSL) Collection","true"
"items/1175897","Postcard - Pontoon Bridge, Baquba, Iraq, World War I, 1916-1919","Place & Date Depicted","1916-1919","Baquba","","","Iraq","Military history; Service; Recreation & tourism","Life Buoys; Military Memorabilia; Postcards; Wars & Conflicts; World War I, 1914-1918; Bridges; Pontoons","Military Memorabilia Collection; Returned and Services League (RSL) Collection","true"
"items/1175955","Postcard - Baghdad Capture, World War I, 1917","Place & Date Depicted","1917","Baghdad","","","Mesopotamia (Iraq & Neighbours)","Military history; Service; Battles & battlefields","Military Memorabilia; Postcards; Wars & Conflicts; World War I, 1914-1918","Military Memorabilia Collection; Returned and Services League (RSL) Collection","true"
"items/1175970","Postcard - Street Scene, Baghdad, Iraq, circa 1918","Place & Date Depicted","circa 1918","Baghdad","","","Iraq","Military history; Service; Recreation & tourism","Military Memorabilia; Postcards; Wars & Conflicts; World War I, 1914-1918; Urban Landscapes","Military Memorabilia Collection; Returned and Services League (RSL) Collection","true"
"items/1175970","Postcard - Street Scene, Baghdad, Iraq, circa 1918","Previous Owner","","","","","","Military history; Service; Recreation & tourism","Military Memorabilia; Postcards; Wars & Conflicts; World War I, 1914-1918; Urban Landscapes","Military Memorabilia Collection; Returned and Services League (RSL) Collection","true"
"items/1176031","Postcard - Ashar Creek, Basra, World War I, 1916-1919","Place & Date Depicted","1916-1919","Basra","","","Iraq","Military history; Service; Recreation & tourism","Military Memorabilia; Postcards; Wars & Conflicts; World War I, 1914-1918; Creeks","Military Memorabilia Collection; Returned and Services League (RSL) Collection","true"
"items/1176060","Postcard - Arab Woman With Wheat, World War I, 1916-1919","Place & Date Depicted","1916-1919","","","","Middle East","Military history; Service; Recreation & tourism","Military Memorabilia; Postcards; Wars & Conflicts; World War I, 1914-1918","Military Memorabilia Collection; Returned and Services League (RSL) Collection","true"
"items/1176113","Postcard - Waterfall on Darjeeling Railway, India, World War I, 1916-1919","Place & Date Depicted","1916-1919","","","West Bengal","India","Military history; Service; Recreation & tourism","Military Memorabilia; Postcards; Wars & Conflicts; World War I, 1914-1918; Waterfalls","Military Memorabilia Collection; Returned and Services League (RSL) Collection","true"
"items/1176120","Postcard - Darjeeling Railway, India, World War I, 1916-1919","Place & Date Depicted","1916-1919","","","West Bengal","India","Military history; Service; Recreation & tourism","Military Memorabilia; Postcards; Wars & Conflicts; World War I, 1914-1918; Railways","Military Memorabilia Collection; Returned and Services League (RSL) Collection","true"
"items/1176128","Postcard - Threshing Corn, Middle East, World War I, 1916-1919","Place & Date Depicted","1916-1919","","","","Middle East","Military history; Service; Recreation & tourism","Military Memorabilia; Postcards; Wars & Conflicts; World War I, 1914-1918; Agricultural Workers; Farming Methods; Donkeys; Bullocks; Corn Harvesters","Military Memorabilia Collection; Returned and Services League (RSL) Collection","true"
"items/1176172","Postcard - Jain Temple, Calcutta, India, World War I, 1916-1919","Place & Date Depicted","1916-1919","Calcutta (Kolkata)","","West Bengal","India","Military history; Service; Recreation & tourism","Military Memorabilia; Postcards; Wars & Conflicts; World War I, 1914-1918; Temples; Religions","Military Memorabilia Collection; Returned and Services League (RSL) Collection","true"
"items/1176180","Postcard - Banyan Tree Botanical Gardens, Calcutta, India, World War I, 1916-1919","Place & Date Depicted","1916-1919","Calcutta (Kolkata)","","West Bengal","India","Military history; Service; Recreation & tourism","Military Memorabilia; Postcards; Wars & Conflicts; World War I, 1914-1918; Gardens","Military Memorabilia Collection; Returned and Services League (RSL) Collection","true"
"items/1176072","Postcard - Himalayan Mountains near Darjeeling, India, World War I, 1916-1919","Place & Date Depicted","1916-1919","Darjeeling","","West Bengal","India","Military history; Service; Recreation & tourism","Military Memorabilia; Postcards; Wars & Conflicts; World War I, 1914-1918; Mountains","Military Memorabilia Collection; Returned and Services League (RSL) Collection","true"
"items/1195354","Postcard - Ancient Ruins, Middle East, World War I, 1914-1919","Place & Date Depicted","1914-1919","","","","Iraq","Military history; Service; Recreation & tourism","Buildings; Military Memorabilia; Wars & Conflicts; World War I, 1914-1918; Ancient History","Military Memorabilia Collection; Returned and Services League (RSL) Collection","true"
"items/1195091","Postcard - Ruins of Building, Middle East, World War I, 1914-1919","Place & Date Depicted","1914-1919","","","","Iraq","Military history; Service; Recreation & tourism","Commemorations; Military Memorabilia; Wars & Conflicts; World War I, 1914-1918; Ancient History","Military Memorabilia Collection; Returned and Services League (RSL) Collection","true"
"items/381890","Postcard - Hospital Ship HMHS Assaye, Sergeant John Lord, World War I, 12 Dec 1915","Date Created","12 Dec 1915","","","","","Military history; Service; Medical services & facilities","Wars & Conflicts; World War I, 1914-1918","John Lord Collection","true"
"items/381890","Postcard - Hospital Ship HMHS Assaye, Sergeant John Lord, World War I, 12 Dec 1915","Author (Probable)","","","","","","Military history; Service; Medical services & facilities","Wars & Conflicts; World War I, 1914-1918","John Lord Collection","true"
"items/381890","Postcard - Hospital Ship HMHS Assaye, Sergeant John Lord, World War I, 12 Dec 1915","Organisation Depicted","","","","","","Military history; Service; Medical services & facilities","Wars & Conflicts; World War I, 1914-1918","John Lord Collection","true"
"items/374393","Postcard - S.S. Omrah, Orient-Royal Mail Line, Gibralter, 1899-1918","Ship Depicted","1899-1918","","","Gibralter","British Overseas Territory","Water transport; Steam power; Model screw steamers - passenger","Postcards; Shipping Lines; Ships; Steamships; World War I, 1914-1918","Gerald & Lorna Dee Collection","true"
"items/747275","Postcard - Orient Line S.S. Orontes, circa 1936 - 1945","Place & Date Depicted","circa 1936 - 1945","","","","","Water transport","Ships","Harvie Collection","true"
"items/747275","Postcard - Orient Line S.S. Orontes, circa 1936 - 1945","Person Named","circa 1936 - 1945","Hawthorn East","Greater Melbourne","Victoria","Australia","Water transport","Ships","Harvie Collection","true"
"items/788492","Postcard - Point Piper & Double Bay, New South Wales, circa 1936 - 1945","Place & Date Depicted","circa 1936 - 1945","Double Bay","","New South Wales","Australia","Environments; Metropolitan; Seascapes","Boats; Buildings","Harvie Collection","true"
"items/788492","Postcard - Point Piper & Double Bay, New South Wales, circa 1936 - 1945","Person Named","circa 1936 - 1945","Hawthorn East","Greater Melbourne","Victoria","Australia","Environments; Metropolitan; Seascapes","Boats; Buildings","Harvie Collection","true"
"items/746933","Postcard - Interior of Edythe Ellison Harvie's Doll House, Kitchen, Melbourne, Victoria, circa 1909","Place & Date Depicted","circa 1909","Melbourne","","Victoria","Australia","Games & toys","Cooking Utensils; Cupboards; Dolls; Dolls Houses; Plates; Tables; Toy Furniture","Harvie Collection","true"
"items/746933","Postcard - Interior of Edythe Ellison Harvie's Doll House, Kitchen, Melbourne, Victoria, circa 1909","Creator (Possible)","circa 1909","Melbourne","","Victoria","Australia","Games & toys","Cooking Utensils; Cupboards; Dolls; Dolls Houses; Plates; Tables; Toy Furniture","Harvie Collection","true"
"items/746044","Postcard - Interior of Edythe Ellison Harvie's Doll House, Living room, Melbourne, Victoria, circa 1909","Place & Date Depicted","circa 1909","Melbourne","","Victoria","Australia","Games & toys","Clocks; Cupboards; Dolls; Dolls Houses; Tables; Toy Furniture; Toys; Horology","Harvie Collection","true"
"items/746044","Postcard - Interior of Edythe Ellison Harvie's Doll House, Living room, Melbourne, Victoria, circa 1909","Creator (Possible)","circa 1909","Melbourne","","Victoria","Australia","Games & toys","Clocks; Cupboards; Dolls; Dolls Houses; Tables; Toy Furniture; Toys; Horology","Harvie Collection","true"
"items/746934","Postcard - Exterior of Edythe Ellison Harvie's Doll House, Melbourne, Victoria, circa 1909","Place & Date Depicted","circa 1909","Melbourne","","Victoria","Australia","Games & toys","Dolls; Dolls Houses; Toys","Harvie Collection","true"
"items/746934","Postcard - Exterior of Edythe Ellison Harvie's Doll House, Melbourne, Victoria, circa 1909","Creator (Possible)","circa 1909","Melbourne","","Victoria","Australia","Games & toys","Dolls; Dolls Houses; Toys","Harvie Collection","true"
"items/747274","Postcard - Interior of Edythe Ellison Harvie's Doll House, Living room, Melbourne, Victoria, circa 1909","Place & Date Depicted","circa 1909","Melbourne","","Victoria","Australia","Games & toys","Dolls; Dolls Houses; Toys","Harvie Collection","true"
"items/747274","Postcard - Interior of Edythe Ellison Harvie's Doll House, Living room, Melbourne, Victoria, circa 1909","Creator (Possible)","circa 1909","Melbourne","","Victoria","Australia","Games & toys","Dolls; Dolls Houses; Toys","Harvie Collection","true"
"items/747460","Postcard - Interior of Edythe Ellison Harvie's Doll House, Babie's room, Melbourne, Victoria, circa 1909","Place & Date Depicted","circa 1909","Melbourne","","Victoria","Australia","Games & toys","Dolls; Dolls Houses; Toys","Harvie Collection","true"
"items/747460","Postcard - Interior of Edythe Ellison Harvie's Doll House, Babie's room, Melbourne, Victoria, circa 1909","Creator (Possible)","circa 1909","Melbourne","","Victoria","Australia","Games & toys","Dolls; Dolls Houses; Toys","Harvie Collection","true"
"items/746045","Postcard - Interior of Edythe Ellison Harvie's Doll House, Living room, Melbourne, Victoria, circa 1909","Place & Date Depicted","circa 1909","Melbourne","","Victoria","Australia","Games & toys","Dolls; Dolls Houses; Toys","Harvie Collection","true"
"items/746045","Postcard - Interior of Edythe Ellison Harvie's Doll House, Living room, Melbourne, Victoria, circa 1909","Creator (Possible)","circa 1909","Melbourne","","Victoria","Australia","Games & toys","Dolls; Dolls Houses; Toys","Harvie Collection","true"
"items/390727","Postcard - 'Just a Few Views From Censored (Somewhere in England)', World War I, 1914-1918","Place & Date Used","1914-1918","","","","England, Great Britain","Military history; Service; Recreation & tourism","Militaria; Military Memorabilia; Postcards; World War I, 1914-1918; Humour","Military Memorabilia Collection; Returned and Services League (RSL) Collection","true"
"items/390727","Postcard - 'Just a Few Views From Censored (Somewhere in England)', World War I, 1914-1918","Publisher","","","","","","Military history; Service; Recreation & tourism","Militaria; Military Memorabilia; Postcards; World War I, 1914-1918; Humour","Military Memorabilia Collection; Returned and Services League (RSL) Collection","true"
"items/393480","Postcard - Grosvenor House, London, circa 1934","Place & Date Depicted","circa 1934","London","","","England, Great Britain","Public events; Centenary of victoria; Souvenirs","Aeroplanes; Air Races; Air Transport; Celebrations; Centennial Air Race, London to Melbourne, 1934; Pilots; Racing; Victoria Centenary, 1934-1935; Philanthropy","Melbourne Collection","true"
"items/393480","Postcard - Grosvenor House, London, circa 1934","Sender","19 Dec 1934","London","","","England, Great Britain","Public events; Centenary of victoria; Souvenirs","Aeroplanes; Air Races; Air Transport; Celebrations; Centennial Air Race, London to Melbourne, 1934; Pilots; Racing; Victoria Centenary, 1934-1935; Philanthropy","Melbourne Collection","true"
"items/390894","Postcard - 'Little Belgium Must Re-cover All', Art & Humour Publishing Co., 1914-1918","Date made","1914-1918","","","","","Military history; Service; Patriotism & propaganda","Militaria; Military Memorabilia; Patriotism; Postcards; Propaganda; World War I, 1914-1918; Humour","Military Memorabilia Collection; Returned and Services League (RSL) Collection","true"
"items/390894","Postcard - 'Little Belgium Must Re-cover All', Art & Humour Publishing Co., 1914-1918","Past Owner","","","","","","Military history; Service; Patriotism & propaganda","Militaria; Military Memorabilia; Patriotism; Postcards; Propaganda; World War I, 1914-1918; Humour","Military Memorabilia Collection; Returned and Services League (RSL) Collection","true"
"items/390894","Postcard - 'Little Belgium Must Re-cover All', Art & Humour Publishing Co., 1914-1918","Publisher","","","","","","Military history; Service; Patriotism & propaganda","Militaria; Military Memorabilia; Patriotism; Postcards; Propaganda; World War I, 1914-1918; Humour","Military Memorabilia Collection; Returned and Services League (RSL) Collection","true"
"items/394802","Postcard - C. Joyce & Friend, Fort Ricasoli, World War I, 5 Jun 1915","Place & Date Written","5 Jun 1915","Fort Ricasoli","","","Malta","Military history; Service; Portraits","Military Memorabilia; World War I, 1914-1918","Military Memorabilia Collection; Returned and Services League (RSL) Collection","true"
"items/394802","Postcard - C. Joyce & Friend, Fort Ricasoli, World War I, 5 Jun 1915","Author (Probable)","","","","","","Military history; Service; Portraits","Military Memorabilia; World War I, 1914-1918","Military Memorabilia Collection; Returned and Services League (RSL) Collection","true"
"items/393520","Postcard - Bert Hinkler, 1928","Place & Date Depicted","1928","Bundaberg","","Queensland","Australia","Air transport; Pioneering flights; Aviators","Aeroplanes; Air Transport; Aircraft Components; Aviation Pioneers; Families; Pilots; Pioneer Air Flights; Public Broadcasting; Radio Stations","","true"
"items/393520","Postcard - Bert Hinkler, 1928","Person Depicted","1928","Bundaberg","","Queensland","Australia","Air transport; Pioneering flights; Aviators","Aeroplanes; Air Transport; Aircraft Components; Aviation Pioneers; Families; Pilots; Pioneer Air Flights; Public Broadcasting; Radio Stations","","true"
"items/376520","Postcard - Man & Girl Looking at Moving Images with a Praxinoscope Theatre, circa 1879","Inventor","1879","Paris","","","France","","Animation; Optical Illusion Devices; Praxinoscopes; Pre-Cinema Moving Images","Francis Collection","true"
"items/376520","Postcard - Man & Girl Looking at Moving Images with a Praxinoscope Theatre, circa 1879","Collector","1990","London","","Middlesex","England, Great Britain","","Animation; Optical Illusion Devices; Praxinoscopes; Pre-Cinema Moving Images","Francis Collection","true"
"items/1176144","Postcard - Aeroplanes in the Field, World War I, 1916-1919","Place & Date Depicted","1916-1919","","","","","Military history; Service; Aircraft & air forces","Military Memorabilia; Postcards; Wars & Conflicts; World War I, 1914-1918; Aeroplanes; Air Forces","Military Memorabilia Collection; Returned and Services League (RSL) Collection","true"
"items/1176225","Postcard - Jain Temple, Calcutta, India, World War I, 1916-1919","Place & Date Depicted","1916-1919","Calcutta (Kolkata)","","West Bengal","India","Military history; Service; Recreation & tourism","Military Memorabilia; Postcards; Wars & Conflicts; World War I, 1914-1918; Temples; Religions","Military Memorabilia Collection; Returned and Services League (RSL) Collection","true"
"items/1176232","Postcard - Jain Temple, Calcutta, India, World War I, 1916-1919","Place & Date Depicted","1916-1919","Calcutta (Kolkata)","","West Bengal","India","Military history; Service; Recreation & tourism","Military Memorabilia; Postcards; Wars & Conflicts; World War I, 1914-1918; Temples; Religions","Military Memorabilia Collection; Returned and Services League (RSL) Collection","true"
"items/1176241","Postcard - 'Artillery on the March', Middle East, World War I, 1916-1919","Place & Date Depicted","1916-1919","","","","Middle East","Military history; Service; Marches & movements","Military Memorabilia; Postcards; Wars & Conflicts; World War I, 1914-1918; Artillery","Military Memorabilia Collection; Returned and Services League (RSL) Collection","true"
"items/1176241","Postcard - 'Artillery on the March', Middle East, World War I, 1916-1919","Previous Owner","","","","","","Military history; Service; Marches & movements","Military Memorabilia; Postcards; Wars & Conflicts; World War I, 1914-1918; Artillery","Military Memorabilia Collection; Returned and Services League (RSL) Collection","true"
"items/1176254","Postcard - Aeroplane Landed Near Baquba, World War I, 1916-1919","Place & Date Depicted","1916-1919","Baquba","","","Iraq","Military history; Service; Aircraft & air forces","Military Memorabilia; Postcards; Wars & Conflicts; World War I, 1914-1918; Aeroplanes; Air Forces","Military Memorabilia Collection; Returned and Services League (RSL) Collection","true"
"items/1176339","Postcard - Red Cross Launches on the Tigris River, Middle East, World War I, 1916-1919","Place & Date Depicted","1916-1919","","","","Middle East","Military history; Service; Medical services & facilities","Military Memorabilia; Postcards; Wars & Conflicts; World War I, 1914-1918; Red Cross; Boats","Military Memorabilia Collection; Returned and Services League (RSL) Collection","true"
"items/1176339","Postcard - Red Cross Launches on the Tigris River, Middle East, World War I, 1916-1919","Organisation Symbolised","","","","","","Military history; Service; Medical services & facilities","Military Memorabilia; Postcards; Wars & Conflicts; World War I, 1914-1918; Red Cross; Boats","Military Memorabilia Collection; Returned and Services League (RSL) Collection","true"
"items/1176339","Postcard - Red Cross Launches on the Tigris River, Middle East, World War I, 1916-1919","Previous Owner","","","","","","Military history; Service; Medical services & facilities","Military Memorabilia; Postcards; Wars & Conflicts; World War I, 1914-1918; Red Cross; Boats","Military Memorabilia Collection; Returned and Services League (RSL) Collection","true"
"items/1176347","Postcard - Outside the Citadel, Baghdad, World War I, 1916-1919","Place & Date Depicted","1916-1919","Baghdad","","","Iraq","Military history; Service; Recreation & tourism","Military Memorabilia; Postcards; Wars & Conflicts; World War I, 1914-1918","Military Memorabilia Collection; Returned and Services League (RSL) Collection","true"
"items/1176391","Postcard - Outside the Citadel, Baghdad, World War I, 1916-1919","Place & Date Depicted","1916-1919","Baghdad","","","Iraq","Military history; Service; Recreation & tourism","Military Memorabilia; Postcards; Wars & Conflicts; World War I, 1914-1918","Military Memorabilia Collection; Returned and Services League (RSL) Collection","true"
"items/1176395","Postcard - Camel Transport, World War I, 1916-1919","Place & Date Depicted","1916-1919","","","","","Military history; Service; Marches & movements","Military Memorabilia; Postcards; Wars & Conflicts; World War I, 1914-1918; Camels","Military Memorabilia Collection; Returned and Services League (RSL) Collection","true"
"items/1176438","Postcard - Etesiphon Arch, Iraq, World War I, 1914-1919","Place & Date Depicted","1914-1919","","","","Iraq","Military history; Service; Recreation & tourism","Military Memorabilia; Postcards; Wars & Conflicts; World War I, 1914-1918; Ancient History","Military Memorabilia Collection; Returned and Services League (RSL) Collection","true"
"items/1174662","Postcard - Monitor Ships on the Tigris River, World War I, 1916-1919","Place & Date Depicted","1916-1919","","Tigris River","","Iraq","Military history; Service; Battleships","Military Memorabilia; Postcards; Wars & Conflicts; World War I, 1914-1918; Ships; Warships","Military Memorabilia Collection; Returned and Services League (RSL) Collection","true"
"items/1176526","Postcard - Bridge Street, Basra, World War I, 1916-1919","Place & Date Depicted","1916-1919","Basra","","","Iraq","Military history; Service; Recreation & tourism","Military Memorabilia; Postcards; Wars & Conflicts; World War I, 1914-1918","Military Memorabilia Collection; Returned and Services League (RSL) Collection","true"
"items/1176547","Postcard - Woman with Wheat, Iraq, World War I, 1916-1919","Place & Date Depicted","1916-1919","","","","Iraq","Military history; Service; Recreation & tourism","Military Memorabilia; Postcards; Wars & Conflicts; World War I, 1914-1918; Agricultural Workers; Wheat","Military Memorabilia Collection; Returned and Services League (RSL) Collection","true"
"items/1176569","Postcard - Dalhousie Square, Calcutta, World War I, 1916-1919","Place & Date Depicted","1916-1919","Calcutta (Kolkata)","","West Bengal","India","Military history; Service; Recreation & tourism","Military Memorabilia; Postcards; Wars & Conflicts; World War I, 1914-1918","Military Memorabilia Collection; Returned and Services League (RSL) Collection","true"
"items/1176580","Postcard - River Transport in Iraq, World War I, 1916-1919","Place & Date Depicted","1916-1919","","","","Iraq","Military history; Service; Recreation & tourism","Military Memorabilia; Postcards; Wars & Conflicts; World War I, 1914-1918; Rivers; Boats","Military Memorabilia Collection; Returned and Services League (RSL) Collection","true"
"items/1176584","Postcard - Etesiphon Arch, Iraq, World War I, 1914-1919","Place & Date Depicted","1914-1919","","","","Iraq","Military history; Service; Recreation & tourism","Military Memorabilia; Postcards; Wars & Conflicts; World War I, 1914-1918; Ancient History","Military Memorabilia Collection; Returned and Services League (RSL) Collection","true"
"items/1176592","Postcard - Gate at Baghdad, World War I, 1916-1919","Place & Date Depicted","1916-1919","Baghdad","","","Iraq","Military history; Service; Recreation & tourism","Military Memorabilia; Postcards; Wars & Conflicts; World War I, 1914-1918; Gates","Military Memorabilia Collection; Returned and Services League (RSL) Collection","true"
"items/1176665","Postcard - River Transport in Iraq, World War I, 1916-1919","Place & Date Depicted","1916-1919","","","","Iraq","Military history; Service; Recreation & tourism","Military Memorabilia; Postcards; Wars & Conflicts; World War I, 1914-1918; Rivers; Boats","Military Memorabilia Collection; Returned and Services League (RSL) Collection","true"
"items/1176727","Postcard - Palm Grove in the Botanical Gardens, Calcutta, India, World War I, 1916-1919","Place & Date Depicted","1916-1919","Calcutta (Kolkata)","","West Bengal","India","Military history; Service; Recreation & tourism","Military Memorabilia; Postcards; Wars & Conflicts; World War I, 1914-1918; Gardens","Military Memorabilia Collection; Returned and Services League (RSL) Collection","true"
"items/1176747","Postcard - Old Court House Street, Calcutta, India, World War I, 1916-1919","Place & Date Depicted","1916-1919","Calcutta (Kolkata)","","West Bengal","India","Military history; Service; Recreation & tourism","Military Memorabilia; Postcards; Wars & Conflicts; World War I, 1914-1918; Legal Industry; Court Houses","Military Memorabilia Collection; Returned and Services League (RSL) Collection","true"
"items/1176756","Postcard - Pontoon Bridge, Middle East, World War I, 1916-1919","Place & Date Depicted","1916-1919","","","","Middle East","Military history; Service; Recreation & tourism","Life Buoys; Military Memorabilia; Postcards; Wars & Conflicts; World War I, 1914-1918; Bridges; Pontoons","Military Memorabilia Collection; Returned and Services League (RSL) Collection","true"
"items/1176789","Postcard - Monitor Ships on the Tigris River, World War I, 1916-1919","Place & Date Depicted","1916-1919","","","","Middle East","Military history; Service; Battleships","Military Memorabilia; Postcards; Wars & Conflicts; World War I, 1914-1918; Ships; Warships","Military Memorabilia Collection; Returned and Services League (RSL) Collection","true"
"items/1176875","Postcard - Baquba, Iraq, World War I, 1916-1919","Place & Date Depicted","1916-1919","Baquba","","","Iraq","Military history; Service; Recreation & tourism","Military Memorabilia; Postcards; Wars & Conflicts; World War I, 1914-1918","Military Memorabilia Collection; Returned and Services League (RSL) Collection","true"
"items/1176904","Postcard - Ashar Creek, Basra, World War I, 1916-1919","Place & Date Depicted","1916-1919","Basra","","","Iraq","Military history; Service; Recreation & tourism","Military Memorabilia; Postcards; Wars & Conflicts; World War I, 1914-1918; Creeks","Military Memorabilia Collection; Returned and Services League (RSL) Collection","true"
"items/1176923","Postcard - Palm Grove in the Botanical Gardens, Calcutta, World War I, 1916-1919","Place & Date Depicted","1916-1919","Calcutta (Kolkata)","","West Bengal","India","Military history; Service; Recreation & tourism","Military Memorabilia; Postcards; Wars & Conflicts; World War I, 1914-1918; Gardens","Military Memorabilia Collection; Returned and Services League (RSL) Collection","true"
"items/1176927","Postcard - Ashar Creek, Basra, World War I, 1916-1919","Place & Date Depicted","1916-1919","Basra","","","Iraq","Military history; Service; Recreation & tourism","Military Memorabilia; Postcards; Wars & Conflicts; World War I, 1914-1918; Creeks","Military Memorabilia Collection; Returned and Services League (RSL) Collection","true"
"items/1176929","Postcard - General Post Office, Calcutta, India, World War I, 1916-1919","Place & Date Depicted","1916-1919","Calcutta (Kolkata)","","West Bengal","India","Military history; Service; Recreation & tourism","Military Memorabilia; Postcards; Wars & Conflicts; World War I, 1914-1918; Post Offices; Postal Services","Military Memorabilia Collection; Returned and Services League (RSL) Collection","true"
"items/1176932","Postcard - 'Natives Travelling on the Darjeeling Line', India, World War I, 1916-1919","Place & Date Depicted","1916-1919","Darjeeling","","West Bengal","India","Military history; Service; Recreation & tourism","Military Memorabilia; Postcards; Wars & Conflicts; World War I, 1914-1918; Railways","Military Memorabilia Collection; Returned and Services League (RSL) Collection","true"
"items/1176933","Postcard - Cavalry Crossing Pontoon Bridge, South of Baghdad, Iraq, World War I, 1916-1919","Place & Date Depicted","1916-1919","Baghdad","","","Iraq","Military history; Service; Marches & movements","Military Memorabilia; Postcards; Wars & Conflicts; World War I, 1914-1918; Horses","Military Memorabilia Collection; Returned and Services League (RSL) Collection","true"
"items/374422","Postcard - RMS Lusitania, Hugo Long & Co, Liverpool, circa 1910","Ship Depicted","circa 1910","","","","","Water transport; Steam power; Model screw steamers - passenger liners","Postcards; Shipping Lines; Ships; Steamships","Gerald & Lorna Dee Collection","true"
"items/374422","Postcard - RMS Lusitania, Hugo Long & Co, Liverpool, circa 1910","Publisher","circa 1910","","","","Great Britain","Water transport; Steam power; Model screw steamers - passenger liners","Postcards; Shipping Lines; Ships; Steamships","Gerald & Lorna Dee Collection","true"
"items/380293","Postcard - Change of Address, Sapper Alfred Galbraith to Mr A. Galbraith, 1916","Author","24 Mar 1916","","","","Egypt","Military history; Personal effects; Correspondence","Australian Army; Australian Military Forces; Cards; Letters; Military Forces; Military Memorabilia; Postcards; Wars & Conflicts; World War I, 1914-1918","Returned and Services League (RSL) Collection; Military Memorabilia Collection","true"
"items/380293","Postcard - Change of Address, Sapper Alfred Galbraith to Mr A. Galbraith, 1916","Addressed To","24 Mar 1916","Essendon","Greater Melbourne","Victoria","Australia","Military history; Personal effects; Correspondence","Australian Army; Australian Military Forces; Cards; Letters; Military Forces; Military Memorabilia; Postcards; Wars & Conflicts; World War I, 1914-1918","Returned and Services League (RSL) Collection; Military Memorabilia Collection","true"
"items/1177128","Postcard - Horse Line in Margil, Iraq, World War I, 1916-1919","Place & Date Depicted","1916-1919","Margil","","","Iraq","Military history; Service; Cavalry","Military Memorabilia; Travel; Wars & Conflicts; World War I, 1914-1918; Horses","Military Memorabilia Collection; Returned and Services League (RSL) Collection","true"
"items/1177128","Postcard - Horse Line in Margil, Iraq, World War I, 1916-1919","Past Owner (Probable)","","","","","","Military history; Service; Cavalry","Military Memorabilia; Travel; Wars & Conflicts; World War I, 1914-1918; Horses","Military Memorabilia Collection; Returned and Services League (RSL) Collection","true"
"items/788184","Postcard - Gala Day Celebrations, Horsewomen in Francy Dress Costume, by Jack Walton, Ballarat, Victoria, 1938","Place & Date Depicted","06 Mar 1938","Ballarat","","Victoria","Australia","Public events; Ballarat gala day; Parades & street festivals","Advertising; Celebrations; Fancy Dress; Fancy Dress Costumes; Horse Riding; Horses; Parades; Roads","Jack Walton Collection","true"
"items/788440","Postcard - Walhalla, Victoria, 1905-1920","Place & Date Depicted","1905-1920","Walhalla","Gippsland","Victoria","Australia","Environments; Rural; Townscapes","Fences; Houses; Trees","Rodda Collection","true"
"items/788439","Postcard - Walhalla, Victoria, 1905-1920","Place & Date Depicted","1905-1920","Walhalla","Gippsland","Victoria","Australia","Mining & metallurgy","Mines; Mining; Mining Equipment; Snow; Trees","Rodda Collection","true"
"items/788438","Postcard - Walhalla, Victoria, 1905-1920","Place & Date Depicted","1905-1920","Walhalla","Gippsland","Victoria","Australia","Mining & metallurgy","Houses; Mountains; Roads","Rodda Collection","true"
"items/788366","Postcard - Walhalla, Victoria, 1905-1920","Place & Date Depicted","1905-1920","Walhalla","Gippsland","Victoria","Australia","Mining & metallurgy","Bridges; Houses; Huts; Mining; Rivers; Tents; Trees","Rodda Collection","true"
"items/788433","Postcard - Walhalla, Victoria, 1905-1920","Place & Date Depicted","1905-1920","Walhalla","Gippsland","Victoria","Australia","Environments; Rural; Roadscapes","Fences; Rivers; Roads; Snow","Rodda Collection","true"
"items/788370","Postcard - Walhalla, Victoria, 1905-1920","Place & Date Depicted","1905-1920","Walhalla","Gippsland","Victoria","Australia","Environments; Rural; Aerial townscapes","Aerial Photographs; Built Environment; Houses; Mines; Mining; Mountains; Roads","Rodda Collection","true"
"items/788365","Postcard - Walhalla, Victoria, 1905-1920","Place & Date Depicted","1905-1920","Walhalla","Gippsland","Victoria","Australia","Mining & metallurgy","Houses; Huts; Mines; Mining; Roads","Rodda Collection","true"
"items/788428","Postcard - Walhalla, Victoria, 1905-1920","Place & Date Depicted","1905-1920","Walhalla","Gippsland","Victoria","Australia","Mining & metallurgy","Fences; Houses; Mountains; Roads","Rodda Collection","true"
"items/788364","Postcard - Walhalla, Victoria, 1905-1920","Place & Date Depicted","1905-1920","Walhalla","Gippsland","Victoria","Australia","Environments; Rural; Aerial townscapes","Built Environment; Fences; Houses; Lumber Yards; Mining; Roads; Rotundas; Shops; Signage","Rodda Collection","true"
"items/788427","Postcard - Tennis Game, Walhalla, Victoria, 1905-1920","Place & Date Depicted","1905-1920","Walhalla","Gippsland","Victoria","Australia","Sport; Tennis","Fences; Sport; Tennis; Tennis Courts","Rodda Collection","true"
"items/788419","Postcard - Walhalla, Victoria, 1905-1920","Place & Date Depicted","1905-1920","Walhalla","Gippsland","Victoria","Australia","Environments; Rural; Buildings","Houses; Mountains; Roads","Rodda Collection","true"
"items/788414","Postcard - Walhalla, Victoria, 1905-1920","Place & Date Depicted","1905-1920","Walhalla","Gippsland","Victoria","Australia","Road transport","Fences; Houses; Mountains; Roads; Snow; Trees","Rodda Collection","true"
"items/788368","Postcard - Walhalla, Victoria, 1905-1920","Place & Date Depicted","1905-1920","Walhalla","Gippsland","Victoria","Australia","Environments; Rural; Townscapes","Built Environment; Hotels; Houses; Mines; Mining; Roads; Rotundas; Shops; Signage","Rodda Collection","true"
"items/788408","Postcard - Walhalla, Victoria, 1905-1920","Place & Date Depicted","1905-1920","Walhalla","Gippsland","Victoria","Australia","Environments; Rural; Roadscapes","Fences; Houses; Roads; Snow","Rodda Collection","true"
"items/788371","Postcard - Walhalla, Victoria, 1905-1920","Place & Date Depicted","1905-1920","Walhalla","Gippsland","Victoria","Australia","Recreation & tourism","Beverages; Bushes; Drinks; Eating & Drinking; Portraits; Smoking; Trees","Rodda Collection","true"
"items/788323","Postcard - Gala Day Celebrations, Golden City Hotel, by Jack Walton, Ballarat, Victoria, 1938","Place & Date Depicted","06 Mar 1938","Ballarat","","Victoria","Australia","Public events; Ballarat gala day; Street decorations","Advertising; Celebrations; Decorations; Hotels; Motor Cars; Motor Cycles; Parades; Roads; Signage; Streetscapes","Jack Walton Collection","true"
"items/1692632","Postcard - 'M. Bleriot over the Channel', France-to-England, 25 Jul 1909","Place & Date Depicted","25 Jul 1909","","English Channel","","England, Great Britain","Air transport; Pioneering flights; Aviators","Aeronautics; Aeroplanes; Aviation; Aviation Pioneers; Experimental Aircraft; Inventors; Pilots; Sunrises","Harold P. Wood Collection","true"
"items/1692632","Postcard - 'M. Bleriot over the Channel', France-to-England, 25 Jul 1909","Place & Date Published","circa 1910","","","","Great Britain","Air transport; Pioneering flights; Aviators","Aeronautics; Aeroplanes; Aviation; Aviation Pioneers; Experimental Aircraft; Inventors; Pilots; Sunrises","Harold P. Wood Collection","true"
"items/1692632","Postcard - 'M. Bleriot over the Channel', France-to-England, 25 Jul 1909","Person Depicted","","","","","France","Air transport; Pioneering flights; Aviators","Aeronautics; Aeroplanes; Aviation; Aviation Pioneers; Experimental Aircraft; Inventors; Pilots; Sunrises","Harold P. Wood Collection","true"
"items/1692632","Postcard - 'M. Bleriot over the Channel', France-to-England, 25 Jul 1909","Designer of Item Depicted","","","","","France","Air transport; Pioneering flights; Aviators","Aeronautics; Aeroplanes; Aviation; Aviation Pioneers; Experimental Aircraft; Inventors; Pilots; Sunrises","Harold P. Wood Collection","true"
"items/391050","Postcard - To My Soldier Boy, World War I, 1914-1918","Manufacturer","1914-1918","London","","","England, Great Britain","Military history; Personal effects; Correspondence","Militaria: Australian; World War I, 1914-1918; Patriotism","Returned and Services League (RSL) Collection","true"
"items/391145","Postcard - 'Remembrance From France', Embroidered, Edgar James McCarthy, World War I, 28 Mar 1917","Author","28 Mar 1917","","","","France","Military history; Personal effects; Correspondence","Death & Mourning; Militaria: Australian; Military Memorabilia; Postcards; Wars & Conflicts; World War I, 1914-1918","Military Memorabilia Collection; Returned and Services League (RSL) Collection","true"
"items/1208540","Postcard - Daniel Harvey Pty Ltd, Hanging Rock, Woodend, Victoria, circa 1940","Place & Date Depicted","circa 1940","Woodend","","Victoria","Australia","Recreation & tourism; Travel","Agriculture; Bushes; Leisure; Natural Environment; Recreation; Tourist Attractions","Daniel Harvey Collection","true"
"items/1208540","Postcard - Daniel Harvey Pty Ltd, Hanging Rock, Woodend, Victoria, circa 1940","Past Owner or User","circa 1940","Box Hill","Greater Melbourne","Victoria","Australia","Recreation & tourism; Travel","Agriculture; Bushes; Leisure; Natural Environment; Recreation; Tourist Attractions","Daniel Harvey Collection","true"
"items/391144","Postcard - World War I, Flowers of France, Edgar James McCarthy, 17 Jan 1917","Author","17 Jan 1917","","","","France","Military history; Personal effects; Correspondence","Death & Mourning; Militaria: Australian; Military Memorabilia; Postcards; Wars & Conflicts; World War I, 1914-1918","Military Memorabilia Collection; Returned and Services League (RSL) Collection","true"
"items/391144","Postcard - World War I, Flowers of France, Edgar James McCarthy, 17 Jan 1917","Organisation Named","","","","","","Military history; Personal effects; Correspondence","Death & Mourning; Militaria: Australian; Military Memorabilia; Postcards; Wars & Conflicts; World War I, 1914-1918","Military Memorabilia Collection; Returned and Services League (RSL) Collection","true"
"items/379379","Postcard - Navy Servicemen on Holland-Class H.M. Submarine Boat No.1, Private Albert Peile to Sister Flo, circa Dec 1914","Date Depicted","1914-1918","","","","","Military history; Service; Battleships","Military Memorabilia; World War I, 1914-1918","Military Memorabilia Collection; Returned and Services League (RSL) Collection","false"
"items/379379","Postcard - Navy Servicemen on Holland-Class H.M. Submarine Boat No.1, Private Albert Peile to Sister Flo, circa Dec 1914","Author","circa Dec 1914","","","","","Military history; Service; Battleships","Military Memorabilia; World War I, 1914-1918","Military Memorabilia Collection; Returned and Services League (RSL) Collection","false"
"items/1484698","Postcard - R.M.S. 'Orion', Orient Line, Bradford Johnson Ltd, Sydney, Edgar Rouse to Harry Clarke, circa 1939","Author","circa 1939","","","","United States of America","Water transport; Shipping lines; Souvenirs","Postcards; Shipping; Shipping Lines; Ships; Making History - Kodak Collection","Kodak Heritage Collection","false"
"items/1484698","Postcard - R.M.S. 'Orion', Orient Line, Bradford Johnson Ltd, Sydney, Edgar Rouse to Harry Clarke, circa 1939","Addressed To","circa 1939","Abbotsford","Greater Melbourne","Victoria","Australia","Water transport; Shipping lines; Souvenirs","Postcards; Shipping; Shipping Lines; Ships; Making History - Kodak Collection","Kodak Heritage Collection","false"
"items/1484698","Postcard - R.M.S. 'Orion', Orient Line, Bradford Johnson Ltd, Sydney, Edgar Rouse to Harry Clarke, circa 1939","Ship Depicted","circa 1939","","","","","Water transport; Shipping lines; Souvenirs","Postcards; Shipping; Shipping Lines; Ships; Making History - Kodak Collection","Kodak Heritage Collection","false"
"items/255400","Postcard - Eastern Facade & Forecourt, Exhibition Building, Valentine & Sons, Melbourne, circa 1910","Publisher","circa 1910","Melbourne","Greater Melbourne","Victoria","Australia","Royal exhibition building; Revenue; Souvenir postcards","Buildings; Civic Mementoes; Exterior Views; Fountains; Keepsakes; Postcards; Royal Exhibition Building; Souvenirs","Royal Exhibition Building Collection","false"
"items/255400","Postcard - Eastern Facade & Forecourt, Exhibition Building, Valentine & Sons, Melbourne, circa 1910","Place & Date Depicted","circa 1910","Melbourne","Greater Melbourne","Victoria","Australia","Royal exhibition building; Revenue; Souvenir postcards","Buildings; Civic Mementoes; Exterior Views; Fountains; Keepsakes; Postcards; Royal Exhibition Building; Souvenirs","Royal Exhibition Building Collection","false"