id,title,year,collections,theme,decade,depicted_country
items/1091551,"Postcard - MV Dundalk Bay, Irish Bay Lines, circa 1949",1949,,Migration,1940,
items/1092106,"Postcard - 'Refugee Week', Avant Card, 2004",2004,,Migration,2000,
items/1092107,"Postcard - 'Refugee Week', Avant Card, 2004",2004,,Migration,2000,
items/1092627,"Postcard - Given the Chance he'll Make a Great Australian, Amnesty International, circa 2001",2001,,Migration,2000,
items/1092628,"Postcard - 'I Have an Unjust Country', Avant Card, 2004",2004,,Migration,2000,
items/1092630,"Postcard - 'I Have an Unjust Country', Avant Card, 2004",2004,,Migration,2000,
items/1092631,"Postcard - 'I Have an Unjust Country', Avant Card, 2004",2004,,Migration,2000,
items/1092633,"Postcard - 'Recognise the Journey Celebrate the Future', Avant Card, 2003",2003,,Migration,2000,
items/1092634,"Postcard - 'Recognise the Journey Celebrate the Future', Avant Card, 2003",2003,,Migration,2000,
items/1092635,"Postcard - 'Recognise the Journey Celebrate the Future', Avant Card, 2003",2003,,Migration,2000,
items/1092637,"Postcard - 'Refugee Week', Avant Card, 2004",2004,,Migration,2000,
items/1098950,"Postcard - 'Foot Warma', Electric Foot Warmer, Hecla Electrics Pty Ltd, South Yarra, 1927",1927,Hecla Collection,Other,1920,
items/1147031,"Postcard - To My Dear Sister Eunice From Cliff, World War I, 21 Apr 1917",1917,,War & service,1910,
items/1147062,"Postcard - 'D......m Hard Job!', Addressed to Ralph, World War I, 1914-1918",1914,,War & service,1910,Egypt
items/1160366,"Postcard. Punta Arenas, Magallanes, Tierra Del Fuego, Chile. 24/04/1929",,Patrick Young Collection; Baldwin Spencer Collection,Other,,
items/1174662,"Postcard - Monitor Ships on the Tigris River, World War I, 1916-1919",1916,Military Memorabilia Collection; Returned and Services League (RSL) Collection,War & service,1910,Iraq
items/1175110,"Postcard - Badamlam Bridge, Darjeeling, India, World War I, 1916-1919",1916,Military Memorabilia Collection; Returned and Services League (RSL) Collection,War & service,1910,India
items/1175365,"Postcard - Women in Burkhas in Public Square, World War I, 1916-1919",1916,Military Memorabilia Collection; Returned and Services League (RSL) Collection,War & service,1910,
items/1175380,"Postcard - Ashar Creek, Basra, World War I, 1916-1919",1916,Military Memorabilia Collection; Returned and Services League (RSL) Collection,War & service,1910,Iraq
items/1175402,"Postcard - Kurdish Woman, World War I, 1914-1918",1914,Military Memorabilia Collection; Returned and Services League (RSL) Collection,War & service,1910,
items/1175403,"Postcard - Camel Transport, Middle East, World War I, circa 1916",1916,Military Memorabilia Collection; Returned and Services League (RSL) Collection,War & service,1910,
items/1175411,"Postcard - Aeroplane Landing, World War I, 1916-1919",1916,Military Memorabilia Collection; Returned and Services League (RSL) Collection,War & service,1910,
items/1175413,"Postcard - Kurdish Woman, World War I, 1914-1918",1914,Military Memorabilia Collection; Returned and Services League (RSL) Collection,War & service,1910,
items/1175454,"Postcard - Turks Captured, World War I, 1916-1919",1916,Military Memorabilia Collection; Returned and Services League (RSL) Collection,War & service,1910,
items/1175774,"Postcard - Horse Line in Margil, Iraq, World War I, 1916-1919",1916,Military Memorabilia Collection; Returned and Services League (RSL) Collection,War & service,1910,Iraq
items/1175816,"Postcard - German Railway in Baghdad, World War I, 1916-1919",1916,Military Memorabilia Collection; Returned and Services League (RSL) Collection,War & service,1910,Iraq
items/1175885,"Postcard - Dome & Minaret, Baghdad, Iraq, World War I, 1916-1919",1916,Military Memorabilia Collection; Returned and Services League (RSL) Collection,War & service,1910,Iraq
items/1175897,"Postcard - Pontoon Bridge, Baquba, Iraq, World War I, 1916-1919",1916,Military Memorabilia Collection; Returned and Services League (RSL) Collection,War & service,1910,Iraq
items/1175955,"Postcard - Baghdad Capture, World War I, 1917",1917,Military Memorabilia Collection; Returned and Services League (RSL) Collection,War & service,1910,Iraq
items/1175970,"Postcard - Street Scene, Baghdad, Iraq, circa 1918",1918,Military Memorabilia Collection; Returned and Services League (RSL) Collection,War & service,1910,Iraq
items/1175996,"Postcard - Aeroplanes in the Field, World War I, 1916-1919",1916,Military Memorabilia Collection; Returned and Services League (RSL) Collection,War & service,1910,
items/1176031,"Postcard - Ashar Creek, Basra, World War I, 1916-1919",1916,Military Memorabilia Collection; Returned and Services League (RSL) Collection,War & service,1910,Iraq
items/1176060,"Postcard - Arab Woman With Wheat, World War I, 1916-1919",1916,Military Memorabilia Collection; Returned and Services League (RSL) Collection,War & service,1910,
items/1176072,"Postcard - Himalayan Mountains near Darjeeling, India, World War I, 1916-1919",1916,Military Memorabilia Collection; Returned and Services League (RSL) Collection,War & service,1910,India
items/1176113,"Postcard - Waterfall on Darjeeling Railway, India, World War I, 1916-1919",1916,Military Memorabilia Collection; Returned and Services League (RSL) Collection,War & service,1910,India
items/1176120,"Postcard - Darjeeling Railway, India, World War I, 1916-1919",1916,Military Memorabilia Collection; Returned and Services League (RSL) Collection,War & service,1910,India
items/1176128,"Postcard - Threshing Corn, Middle East, World War I, 1916-1919",1916,Military Memorabilia Collection; Returned and Services League (RSL) Collection,War & service,1910,
items/1176144,"Postcard - Aeroplanes in the Field, World War I, 1916-1919",1916,Military Memorabilia Collection; Returned and Services League (RSL) Collection,War & service,1910,
items/1176172,"Postcard - Jain Temple, Calcutta, India, World War I, 1916-1919",1916,Military Memorabilia Collection; Returned and Services League (RSL) Collection,War & service,1910,India
items/1176180,"Postcard - Banyan Tree Botanical Gardens, Calcutta, India, World War I, 1916-1919",1916,Military Memorabilia Collection; Returned and Services League (RSL) Collection,War & service,1910,India
items/1176209,"Postcard - Phar Lap, National Museum of Victoria, 1930s",1930,Phar Lap Collection; Museum History Collection,Other,1930,
items/1176225,"Postcard - Jain Temple, Calcutta, India, World War I, 1916-1919",1916,Military Memorabilia Collection; Returned and Services League (RSL) Collection,War & service,1910,India
items/1176232,"Postcard - Jain Temple, Calcutta, India, World War I, 1916-1919",1916,Military Memorabilia Collection; Returned and Services League (RSL) Collection,War & service,1910,India
items/1176237,"Postcard - Phar Lap, National Museum of Victoria, 1930s",1930,Phar Lap Collection; Museum History Collection,Other,1930,
items/1176241,"Postcard - 'Artillery on the March', Middle East, World War I, 1916-1919",1916,Military Memorabilia Collection; Returned and Services League (RSL) Collection,War & service,1910,
items/1176254,"Postcard - Aeroplane Landed Near Baquba, World War I, 1916-1919",1916,Military Memorabilia Collection; Returned and Services League (RSL) Collection,War & service,1910,Iraq
items/1176339,"Postcard - Red Cross Launches on the Tigris River, Middle East, World War I, 1916-1919",1916,Military Memorabilia Collection; Returned and Services League (RSL) Collection,War & service,1910,
items/1176347,"Postcard - Outside the Citadel, Baghdad, World War I, 1916-1919",1916,Military Memorabilia Collection; Returned and Services League (RSL) Collection,War & service,1910,Iraq
items/1176391,"Postcard - Outside the Citadel, Baghdad, World War I, 1916-1919",1916,Military Memorabilia Collection; Returned and Services League (RSL) Collection,War & service,1910,Iraq
items/1176395,"Postcard - Camel Transport, World War I, 1916-1919",1916,Military Memorabilia Collection; Returned and Services League (RSL) Collection,War & service,1910,
items/1176438,"Postcard - Etesiphon Arch, Iraq, World War I, 1914-1919",1914,Military Memorabilia Collection; Returned and Services League (RSL) Collection,War & service,1910,Iraq
items/1176526,"Postcard - Bridge Street, Basra, World War I, 1916-1919",1916,Military Memorabilia Collection; Returned and Services League (RSL) Collection,War & service,1910,Iraq
items/1176547,"Postcard - Woman with Wheat, Iraq, World War I, 1916-1919",1916,Military Memorabilia Collection; Returned and Services League (RSL) Collection,War & service,1910,Iraq
items/1176569,"Postcard - Dalhousie Square, Calcutta, World War I, 1916-1919",1916,Military Memorabilia Collection; Returned and Services League (RSL) Collection,War & service,1910,India
items/1176580,"Postcard - River Transport in Iraq, World War I, 1916-1919",1916,Military Memorabilia Collection; Returned and Services League (RSL) Collection,War & service,1910,Iraq
items/1176584,"Postcard - Etesiphon Arch, Iraq, World War I, 1914-1919",1914,Military Memorabilia Collection; Returned and Services League (RSL) Collection,War & service,1910,Iraq
items/1176592,"Postcard - Gate at Baghdad, World War I, 1916-1919",1916,Military Memorabilia Collection; Returned and Services League (RSL) Collection,War & service,1910,Iraq
items/1176606,"Postcard - Monitor Ship 'Tarantulla', Middle East, World War I, 1916-1919",1916,Military Memorabilia Collection; Returned and Services League (RSL) Collection,War & service,1910,Iraq
items/1176665,"Postcard - River Transport in Iraq, World War I, 1916-1919",1916,Military Memorabilia Collection; Returned and Services League (RSL) Collection,War & service,1910,Iraq
items/1176721,"Postcard - Monitor Ship 'Tarantulla', Middle East, World War I, 1916-1919",1916,Military Memorabilia Collection; Returned and Services League (RSL) Collection,War & service,1910,Iraq
items/1176727,"Postcard - Palm Grove in the Botanical Gardens, Calcutta, India, World War I, 1916-1919",1916,Military Memorabilia Collection; Returned and Services League (RSL) Collection,War & service,1910,India
items/1176747,"Postcard - Old Court House Street, Calcutta, India, World War I, 1916-1919",1916,Military Memorabilia Collection; Returned and Services League (RSL) Collection,War & service,1910,India
items/1176756,"Postcard - Pontoon Bridge, Middle East, World War I, 1916-1919",1916,Military Memorabilia Collection; Returned and Services League (RSL) Collection,War & service,1910,
items/1176789,"Postcard - Monitor Ships on the Tigris River, World War I, 1916-1919",1916,Military Memorabilia Collection; Returned and Services League (RSL) Collection,War & service,1910,
items/1176875,"Postcard - Baquba, Iraq, World War I, 1916-1919",1916,Military Memorabilia Collection; Returned and Services League (RSL) Collection,War & service,1910,Iraq
items/1176904,"Postcard - Ashar Creek, Basra, World War I, 1916-1919",1916,Military Memorabilia Collection; Returned and Services League (RSL) Collection,War & service,1910,Iraq
items/1176923,"Postcard - Palm Grove in the Botanical Gardens, Calcutta, World War I, 1916-1919",1916,Military Memorabilia Collection; Returned and Services League (RSL) Collection,War & service,1910,India
items/1176927,"Postcard - Ashar Creek, Basra, World War I, 1916-1919",1916,Military Memorabilia Collection; Returned and Services League (RSL) Collection,War & service,1910,Iraq
items/1176929,"Postcard - General Post Office, Calcutta, India, World War I, 1916-1919",1916,Military Memorabilia Collection; Returned and Services League (RSL) Collection,War & service,1910,India
items/1176932,"Postcard - 'Natives Travelling on the Darjeeling Line', India, World War I, 1916-1919",1916,Military Memorabilia Collection; Returned and Services League (RSL) Collection,War & service,1910,India
items/1176933,"Postcard - Cavalry Crossing Pontoon Bridge, South of Baghdad, Iraq, World War I, 1916-1919",1916,Military Memorabilia Collection; Returned and Services League (RSL) Collection,War & service,1910,Iraq
items/1177128,"Postcard - Horse Line in Margil, Iraq, World War I, 1916-1919",1916,Military Memorabilia Collection; Returned and Services League (RSL) Collection,War & service,1910,Iraq
items/1177872,"Postcard - Street Scene in Basra, Iraq, World War I, 1916-1919",1916,Military Memorabilia Collection; Returned and Services League (RSL) Collection,War & service,1910,Iraq
items/1177892,"Postcard - Darjeeling Railway, India, World War I, 1916-1919",1916,Military Memorabilia Collection; Returned and Services League (RSL) Collection,War & service,1910,India
items/1178032,"Postcard - Ashar Creek, Basra, World War I, 1916-1919",1916,Military Memorabilia Collection; Returned and Services League (RSL) Collection,War & service,1910,Iraq
items/1178042,"Postcard - Etesiphon Arch, Iraq, World War I, 1914-1919",1914,Military Memorabilia Collection; Returned and Services League (RSL) Collection,War & service,1910,Iraq
items/1178050,"Postcard - Pontoon Bridge, Iraq, World War I, 1916-1919",1916,Military Memorabilia Collection; Returned and Services League (RSL) Collection,War & service,1910,Iraq
items/1178081,"Postcard - Cavalry Crossing Pontoon Bridge, South of Baghdad, Iraq, World War I, 1916-1919",1916,Military Memorabilia Collection; Returned and Services League (RSL) Collection,War & service,1910,Iraq
items/1178096,"Postcard - Monitor Ship 'Tarantulla', Middle East, World War I, 1916-1919",1916,Military Memorabilia Collection; Returned and Services League (RSL) Collection,War & service,1910,Iraq
items/1178108,"Postcard - Natives Travelling on the Darjeeling Line, India, World War I, 1914-1918",1914,Military Memorabilia Collection; Returned and Services League (RSL) Collection,War & service,1910,India
items/1178110,"Postcard - Baquba, Iraq, World War I, 1916-1919",1916,Military Memorabilia Collection; Returned and Services League (RSL) Collection,War & service,1910,Iraq
items/1178111,"Postcard - Waterfall on Darjeeling Railway, World War I, 1916-1919",1916,Military Memorabilia Collection; Returned and Services League (RSL) Collection,War & service,1910,India
items/1178164,"Postcard - 'Artillery on the March', Middle East, World War I, 1916-1919",1916,Military Memorabilia Collection; Returned and Services League (RSL) Collection,War & service,1910,
items/1178177,"Postcard - Artillery on the March, Middle East, World War I, 1916-1919",1916,Military Memorabilia Collection; Returned and Services League (RSL) Collection,War & service,1910,
items/1178473,"Postcard - 'Making Bhoosa', World War I, 1916-1919",1916,Military Memorabilia Collection; Returned and Services League (RSL) Collection,War & service,1910,
items/1178486,"Postcard - 'Another Mosque in Baghdad', Iraq, circa 1916",1916,Military Memorabilia Collection; Returned and Services League (RSL) Collection,War & service,1910,Iraq
items/1178497,"Postcard - The River at Basra, Iraq, World War I, 1916-1919",1916,Military Memorabilia Collection; Returned and Services League (RSL) Collection,War & service,1910,Iraq
items/1178508,"Postcard - Bund Gardens, Poona, India, World War I, 1916-1919",1916,Military Memorabilia Collection; Returned and Services League (RSL) Collection,War & service,1910,India
items/1178546,"Postcard - Artillery on the March, Middle East, World War I, 1916-1919",1916,Military Memorabilia Collection; Returned and Services League (RSL) Collection,War & service,1910,
items/1178667,"Postcard - Mosque in Baghdad, Iraq, World War I, 1916-1919",1916,Military Memorabilia Collection; Returned and Services League (RSL) Collection,War & service,1910,Iraq
items/1178686,"Postcard - Bund Gardens, Poona, India, World War I, 1916-1919",1916,Military Memorabilia Collection; Returned and Services League (RSL) Collection,War & service,1910,India
items/1178714,"Postcard - 'A Bhootia Milkman', World War I, 1916-1919",1916,Military Memorabilia Collection; Returned and Services League (RSL) Collection,War & service,1910,
items/1178744,"Postcard - 'A Nepali Milkwoman', World War I, 1916-1919",1916,Military Memorabilia Collection; Returned and Services League (RSL) Collection,War & service,1910,Nepal
items/1178915,"Postcard - The Snowy Range From Darjeeling, India, World War I, 1916-1919",1916,Military Memorabilia Collection; Returned and Services League (RSL) Collection,War & service,1910,India
items/1178965,"Postcard - Bridge Over the River, Baghdad, World War I, 1916-1919",1916,Military Memorabilia Collection; Returned and Services League (RSL) Collection,War & service,1910,Iraq
items/1178975,"Postcard - 'Tajmahal Hotel', Bombay, India, World War I, 1916-1919",1916,Military Memorabilia Collection; Returned and Services League (RSL) Collection,War & service,1910,India
items/1182944,"Postcard - 'Les Jardins', Ismailia, Egypt, World War I, 1914-1918",1914,,War & service,1910,Egypt
items/1182947,"Postcard - 'Place Champollion', Ismailia, Egypt, World War I, 1914-1918",1914,,War & service,1910,Egypt
items/1182948,"Postcard - 'Les Jardins Publics', Ismailia, Egypt, World War I, 1914-1918",1914,,War & service,1910,Egypt
items/1182949,"Postcard - 'Avenue Ghichar', Ismailia, Egypt, World War I, 1914-1918",1914,,War & service,1910,Egypt
items/1182950,"Postcard - 'Le Pont du Canal d'Eau Douce', Ismailia Egypt, World War I, 1914-1918",1914,,War & service,1910,Egypt
items/1182956,"Postcard - 'Le Lac Timpsah et les Bains', Ismailia, Egypt, World War I, 1914-1918",1914,,War & service,1910,Egypt
items/1182957,"Postcard - 'Les Antiquities et les Jardins', Ismailia, Egypt, World War I, 1914-1918",1914,,War & service,1910,Egypt
items/1194934,"Postcard - Street Sellers, Middle East, World War I, 1916-1919",1916,Military Memorabilia Collection; Returned and Services League (RSL) Collection,War & service,1910,
items/1194935,"Postcard - Stone Hut in Mountains, Middle East, World War I, 1916-1919",1916,Military Memorabilia Collection; Returned and Services League (RSL) Collection,War & service,1910,
items/1194936,"Postcard - Radio Control, Mesopotamia, World War I, 1916-1919",1916,Military Memorabilia Collection; Returned and Services League (RSL) Collection,War & service,1910,Iraq
items/1194941,"Postcard - Young Boy, World War I, 1916-1919",1916,Military Memorabilia Collection; Returned and Services League (RSL) Collection,War & service,1910,
items/1194950,"Postcard - Arab Men, World War I, 1916-1919",1916,Military Memorabilia Collection; Returned and Services League (RSL) Collection,War & service,1910,
items/1194953,"Postcard - Arab Women & Men, Middle East, World War I, 1916-1919",1916,Military Memorabilia Collection; Returned and Services League (RSL) Collection,War & service,1910,
items/1194981,"Postcard - Trucks Passing Ruins, Middle East, World War I, 1914-1919",1914,Military Memorabilia Collection; Returned and Services League (RSL) Collection,War & service,1910,Iraq
items/1194983,"Postcard - Soldiers Relaxing, World War I, 1916-1919",1916,Military Memorabilia Collection; Returned and Services League (RSL) Collection,War & service,1910,
items/1194985,"Postcard - Sone Building, Middle East, World War I, 1916-1919",1916,Military Memorabilia Collection; Returned and Services League (RSL) Collection,War & service,1910,
items/1195091,"Postcard - Ruins of Building, Middle East, World War I, 1914-1919",1914,Military Memorabilia Collection; Returned and Services League (RSL) Collection,War & service,1910,Iraq
items/1195194,"Postcard - Graveyard, In Memory of Edgar James McCarthy, circa 1918",1917,Military Memorabilia Collection; Returned and Services League (RSL) Collection,War & service,1910,
items/1195354,"Postcard - Ancient Ruins, Middle East, World War I, 1914-1919",1914,Military Memorabilia Collection; Returned and Services League (RSL) Collection,War & service,1910,Iraq
items/1195382,"Postcard - Ancient Ruins, Middle East, World War I, 1914-1919",1914,Military Memorabilia Collection; Returned and Services League (RSL) Collection,War & service,1910,Iraq
items/1195512,"Postcard - 'Paysage en Egypte', Edgar James McCarthy, World War I, 15 Jul 1916",1916,Military Memorabilia Collection; Returned and Services League (RSL) Collection,War & service,1910,
items/1208015,"Postcard - Rocks Outside Mouth of Hopkins River, Warrnambool, 1906",1906,,Everyday correspondence,1900,Australia
items/1208071,"Postcard - 'Monolith, Mt Buffalo', Frank to Mrs C.J. Budge, 24 Jan 1911",1911,,Everyday correspondence,1910,Australia
items/1208188,"Postcard - Thunder Point, Warrnambool, 1906",1906,,Everyday correspondence,1900,Australia
items/1208540,"Postcard - Daniel Harvey Pty Ltd, Hanging Rock, Woodend, Victoria, circa 1940",1940,Daniel Harvey Collection,Other,1940,Australia
items/1230960,"Postcard - Port Said, Entrance to the Canal, Will to Belle, World War I, 30 Aug 1917",1917,Military Memorabilia Collection; Returned and Services League (RSL) Collection,War & service,1910,
items/1232934,"Postcard - Port Said, Written by W. E. Green, World War I, 5 Aug 1917",1917,Military Memorabilia Collection; Returned and Services League (RSL) Collection,War & service,1910,
items/1232967,"Postcard - Men of Rochester Shire, World War I, 1914",1914,Military Memorabilia Collection; Returned and Services League (RSL) Collection,War & service,1910,
items/1232982,"Postcard - Honour Roll, Rochester Shire, circa 1918",1918,Military Memorabilia Collection; Returned and Services League (RSL) Collection,War & service,1910,
items/1239263,"Postcard - Private Albert Edward Kemp to his Family, 'The Burial of Two British Soldiers on the Battlefield', 1917",1917,Albert Edward Kemp Mourning Collection,War & service,1910,
items/1243799,"Postcard - Private Albert Edward Kemp to Annie Kemp, 'Australians Parading for the Trenches', circa 1916",1916,Albert Edward Kemp Mourning Collection,War & service,1910,France
items/1243820,"Postcard - Private Albert Edward Kemp to George Kemp, 'A British Heavy Gun in Action', 1917",1917,Albert Edward Kemp Mourning Collection,War & service,1910,
items/1243829,"Postcard - Private Albert Edward Kemp to his Mother, 'Highlanders Pipe Themselves Back from the Trenches', 26 Jun 1917",1917,Albert Edward Kemp Mourning Collection,War & service,1910,
items/1243849,"Postcard - Private Albert Edward Kemp, 'To My Dear Father', Embroidered, 2 Jun 1917",1917,Albert Edward Kemp Mourning Collection,War & service,1910,
items/1243854,"Postcard - Private Albert Edward Kemp, 'To My Mother', Embroidered, 2 Jun 1917",1917,Albert Edward Kemp Mourning Collection,War & service,1910,
items/1244737,"Postcard - Ethel Kemp to Private Albert Edward Kemp, 'Fond Thoughts of You', 1917",1917,Albert Edward Kemp Mourning Collection,War & service,1910,
items/1246228,"Postcard - P&O Orient Line 'Canberra', Myerscough, 1963",1963,,Migration,1960,
items/1250039,"Postcard - Orient Line, RMS Orontes, circa 1955",1955,,Migration,1950,
items/1250971,"Postcard Folder - 'Fremantle, the Western Gateway of Australia', Nucolorvue Productions, 1955",1955,,Migration,1950,Australia
items/1255116,"Postcard - Commonwealth Games, Royal Exhibition Building, Melbourne, 2006",2006,Royal Exhibition Building Collection,Exhibition Building,2000,Australia
items/1255124,"Postcard - Norma & Nelson Marjoram, from Joan Foster, Journey on MV Georgic, May 1955",1955,,Migration,1950,
items/1307451,"Postcard Transparency - Granma, To Master H. Baldwin, 'A Glad Christmas', 24 Dec 1907",1907,Francis Collection,Other,1900,
items/1320682,"Postcard Transparency - 'Market Street, Nottingham', 1900-1910",1900,Francis Collection,Everyday correspondence,1900,United Kingdom
items/1322220,"Postcard - 'A Little Shriner Wearing His First Pin', From H.V. McKay, Odessa, Ukraine, Addressed to H.V. McKay Office, London, 17 May 1912",1912,Old McKay Archive; H.V. McKay Sunshine Collection,Other,1910,
items/1325030,"Postcard - 'Sunshine Harvester Works, Tillage Implements Ready for Despatch', circa 1920",1920,H.V. McKay Sunshine Collection; Old McKay Archive (Series E),Other,1920,Australia
items/1331207,"Postcard - H.V McKay, 'Cosechadora La Australiana', Argentina, circa 1902",,Old McKay Archive; H.V. McKay Sunshine Collection,Other,,Argentina
items/1333220,"Postcard - H.V McKay Pty Ltd, McKay Football Team, Argentina, circa 1902",,H.V. McKay Sunshine Collection; Old McKay Archive (Series A),Other,,Argentina
items/1346838,"Postcard - 'Ptolemaisches Planetarium', Karl Muffler, 1926",1926,Karl Muffler German Pastry Chef Collection,Migration,1920,
items/1351537,"Postcard. Specific locality unrecorded, Papua New Guinea. pre 1906",,,Other,,
items/1379908,"Postcard - SS Nieuw Zeeland, 1938",1938,,Migration,1930,
items/1388396,"Postcard - 'Different Past, Shared Future', Refugee Week 23-29 Oct 2005",2005,,Migration,2000,
items/1388397,"Postcard - 'Different Past, Shared Future', Refugee Week 23-29 Oct 2005",2005,,Migration,2000,
items/1396617,"Postcard - 'Official Souvenir Australian Aerial Mail', Basil Watson Flight, Mt Gambier, South Australia to Melbourne, Victoria, Feb 1917",1917,Basil Watson Aviation Collection,Other,1910,Australia
items/1398844,"Postcard - 'Market Near the Sultan Hassan Mosk', The Cairo Postcard Trust, 26 Mar 1915",1915,Captain F.S. Laurie Collection,War & service,1910,
items/1400145,"Postcard - Lady Northcote, President of the Women's Work Exhibition, 1907",1907,Royal Exhibition Building Collection,Other,1900,Australia
items/1401421,"Postcard - 'Port Said, Hotel Eastern Exchange', Written at Gallipoli, 29 Sep 1915",1915,Captain F.S. Laurie Collection,War & service,1910,
items/1403878,"Postcard - Souvenir of the Women's Work Exhibition, Melbourne, 1907",1907,The Berry Family Collection,Other,1900,Australia
items/1406366,"Postcard - From Western Australia To Setsutaro Hasegawa, Geelong, 6 May 1910",1910,,Migration,1910,
items/1406367,"Postcard - From Japan To Setsutaro Hasegawa, Geelong, circa 1930s",1930,,Migration,1930,Japan
items/1409439,"Postcard - Victorian Trades Hall Council, 'Eight Hour Day', 2006",1978,,Other,1970,
items/1409440,"Postcard - Victorian Trades Hall Council, 'Eight Hour Day', 2006",2006,,Other,2000,
items/1409444,"Postcard - Melbourne Workers Theatre, 'We Built This City', 2006",2006,,Other,2000,
items/1422297,"Postcard - 'Healthy Waterways', Melbourne Water, 2003",2006,Water Smart Home Collection,Other,2000,
items/1454805,"Postcard -  Kodak Australasia Pty Ltd, Aerial View of Kodak Factory, Coburg, circa 1965",1965,Kodak Heritage Collection,Other,1960,Australia
items/1454807,"Postcard -  Kodak Australasia Pty Ltd, Aerial View of Kodak Factory, Coburg, circa 1965",1965,Kodak Heritage Collection,Other,1960,Australia
items/1454808,"Postcard -  Kodak Australasia Pty Ltd, Aerial View of Kodak Factory, Coburg, circa 1965",1961,Kodak Heritage Collection,Other,1960,Australia
items/1454811,"Postcard -  Kodak Australasia Pty Ltd, Aerial View of Kodak Factory, Coburg, circa 1965",1961,Kodak Heritage Collection,Other,1960,Australia
items/1454859,"Postcard - Phar Lap, Photograph Album, E. Taylor, Holiday to Sydney, Canberra & Melbourne, 1938",1933,Phar Lap Collection,Other,1930,Australia
items/146579,"Postcard - Gibraltar, The Rock Photographic Service, circa 1950s",1950,,Migration,1950,United Kingdom
items/146663,"Postcard - SY Aurora, Arch Hoadley to Rev Edward Holdsworth Sugden, Australasian Antarctic Expedition, 1911-14",1911,Antarctica Collection; Ernest Shackleton Collection,Other,1910,Australia
items/1484698,"Postcard - R.M.S. 'Orion', Orient Line, Bradford Johnson Ltd, Sydney, Edgar Rouse to Harry Clarke, circa 1939",1939,Kodak Heritage Collection,Other,1930,
items/1484699,"Postcard -  'M.V. Kanimbla', Cairns, Edgar Rouse to Harry Clarke, 26 Aug 1939",1939,Kodak Heritage Collection,Other,1930,Australia
items/1524716,"Advertising Postcard - H.V. McKay, 'When It Comes To Harvesting The Sunshine Will Do It Quicker', Sunshine, Victoria, circa 1910",1910,H.V. McKay Sunshine Collection; Old McKay Archive (Transfer No.1) Series M,Other,1910,
items/1547935,"Postcard - Swift Motor Car with Passengers, Victoria, 1910s",1910,State Electricity Commission of Victoria (SECV) Collection,Other,1910,Australia
items/1547989,"Postcard - 'Queen of Liberty's Car', Alexandra, 9 Apr 1917",1917,State Electricity Commission of Victoria (SECV) Collection,Other,1910,Australia
items/1547991,"Postcard - 'Queen of Liberty's Car', Alexandra, 9 Apr 1917",1917,State Electricity Commission of Victoria (SECV) Collection,Other,1910,Australia
items/1548530,"Postcard - Winthrop Hall, University of Western Australia, Perth, Western Australia, Apr 1936",1936,State Electricity Commission of Victoria (SECV) Collection,Other,1930,Australia
items/1550436,"Postcard - 'Niagara Falls, N.Y. and Canada', New York, U.S.A., 1911",1911,Olive Oliver Collection,Other,1910,
items/1550437,"Postcard - 'Metropolitan Life Insurance Co.'s Home Office Bldg., N.Y. City', New York, U.S.A., 1911",1911,Olive Oliver Collection,Other,1910,
items/1550438,"Postcard - 'Metropolitan Life Insurance Co.'s Home Office Bldg., N.Y. City', New York, U.S.A., 1911",1911,Olive Oliver Collection,Other,1910,
items/1550439,"Postcard - 'Metropolitan Life Insurance Co.'s Home Office Bldg., N.Y. City', New York, U.S.A., 1911",1911,Olive Oliver Collection,Other,1910,
items/1550440,"Postcard - 'Metropolitan Life Insurance Co.'s Home Office Bldg., N.Y. City', New York, U.S.A., 1911",1911,Olive Oliver Collection,Other,1910,
items/1550441,"Postcard - 'Metropolitan Life Insurance Co.'s Home Office Bldg., N.Y. City', New York, U.S.A., 1911",1911,Olive Oliver Collection,Other,1910,
items/1550442,"Postcard - 'Home Office of the Metropolitan Life Insurance Company, Madison Square, New York City', New York, U.S.A., 1911",1911,Olive Oliver Collection,Other,1910,
items/1550443,"Postcard - 'Metropolitan Life Insurance Co's Home Office Building, Ordinary Department', New York, U.S.A., 1911",1911,Olive Oliver Collection,Other,1910,
items/1550444,"Postcard - 'Metropolitan Life Insurance Co's Home Office Building, Filing Section', New York, U.S.A., 1911",1911,Olive Oliver Collection,Other,1910,
items/1550445,"Postcard - 'Metropolitan Life Insurance Co's Home Office Building, Women's Lunch Room', New York, U.S.A., 1911",1911,Olive Oliver Collection,Other,1910,
items/1550446,"Postcard - 'Metropolitan Life Insurance Co's Home Office Building, Actuarial Division', New York, U.S.A., 1911",1911,Olive Oliver Collection,Other,1910,
items/1550447,"Postcard - 'Washington's Tomb, Mount Vernon, Va.', Virginia, U.S.A., 1911",1911,Olive Oliver Collection,Other,1910,
items/1550448,"Postcard - 'Metropolitan Life Insurance Co.'s Home Office Bldg., N.Y. City', New York, U.S.A., 1911",1911,Olive Oliver Collection,Other,1910,
items/1550449,"Postcard - 'The Raleigh, Washington D.C.', Washington D.C., U.S.A., 1911",1911,Olive Oliver Collection,Other,1910,
items/1550450,"Postcard - 'The Book, IV, The Pictograph', Washington D.C., U.S.A., 1911",1911,Olive Oliver Collection,Other,1910,
items/1550451,"Postcard - 'Capri, Grotta Azzura', Capri, Italy, 1911",1911,Olive Oliver Collection,Other,1910,
items/1550452,"Postcard - 'New Washington Hotel, Seattle', Washington, U.S.A., 1911",1911,Olive Oliver Collection,Other,1910,
items/1550453,"Postcard - 'Cypress Point, near Del Monte, on line of Southern Pacific', California, U.S.A., 1911",1911,Olive Oliver Collection,Other,1910,
items/1557650,"Postcard - Collins Street Melbourne, To Nettie Scott from Marion Flinn, Melbourne, 5 Jan 1904",1904,,Everyday correspondence,1900,
items/1557689,"Postcard - Aboriginal Australian with Boomerang, To Anna Scott from Marion Flinn, Melbourne, 16 Apr 1907",1907,,Everyday correspondence,1900,
items/1561454,"Postcard - New York World's Fair, Edgar Rouse to Mr & Mrs Clarke, Abbotsford, Victoria, 1939",1939,Kodak Heritage Collection,Other,1930,
items/1599181,"Postcard - Waterfall, Victoria, circa 1920s",1920,William S. Anderson Collection,Other,1920,Australia
items/1599469,"Postcard - 'A Glimpse Through The Gums', Lorne, Victoria, circa 1930s",1930,William S. Anderson Collection,Other,1930,Australia
items/1688869,"Digital Photograph - Postcard, View of Family Farewelling People at Station Pier, Port Melbourne, circa 1933",1933,Melbourne's Biggest Family Album,Other,1930,Australia
items/1689709,"Digital Photograph - Postcard, Girl Dressed for First Holy Communion, Williamstown, 1929",1929,Melbourne's Biggest Family Album,Other,1920,Australia
items/1689713,"Digital Photograph - Postcard, Fire Fighter with Hose, Williamstown Fire Brigade, 1930",1930,Melbourne's Biggest Family Album,Other,1930,Australia
items/1692462,"Postcard - 'S.O.C. Day' Seeds of Compassion Day, 2009 Black Saturday Bushfires, Victoria, Sep 2009",2009,Victorian Bushfires Collection,Other,2000,
items/1692632,"Postcard - 'M. Bleriot over the Channel', France-to-England, 25 Jul 1909",1909,Harold P. Wood Collection,Other,1900,United Kingdom
items/1697704,"Postcard - Mr Edgar Rouse to Mr Harry Clarke Jnr, featuring Franz Josef Glacier, New Zealand, 25 Feb 1939",1939,,Other,1930,
items/1697722,"Postcard - Mr Edgar Rouse to Mr Harry Clarke Jnr, featuring LNER 'Silver Jubilee' Train, Glasgow, Great Britain, 13 Aug 1938",1938,,Other,1930,
items/1699602,"Postcard - 'Graveyard at Suvla', Gallipoli, Private John Lord, World War I, 1915",1915,Military Memorabilia Collection; John Lord Collection; Returned and Services League (RSL) Collection,War & service,1910,Turkey
items/1705934,"Postcard - Church of Christ, Albert Street, Hornsby, New South Wales, circa 1913",1913,,Other,1910,
items/1712381,"Postcard - 'S.O.C. Day' Seeds of Compassion Day, Victoria, Sep 2009",2009,Victorian Bushfires Collection,Other,2000,
items/1716718,"Postcard - SS Nora Mulla on Fire, World War II, Feb 1942",1941,Military Memorabilia Collection,War & service,1940,Indonesia
items/1716724,"Postcard - Sailors Preparing a Body for Burial on HMAS Hobart, Indonesia, World War II, 1941-1942",1941,Military Memorabilia Collection,War & service,1940,Indonesia
items/1718317,"Postcard - Mr Edgar Rouse to Mr Harry Clarke Jnr, 'Visiting Sentries at St James Palace', London, 29 Jul 1938",1938,,Other,1930,
items/1718335,"Postcard - Mr Edgar Rouse to Mr Harry Clarke Jnr, RMS 'Queen Mary', Cunard White Star, 24 Jul 1938",1938,Kodak Heritage Collection,Other,1930,
items/1718448,"Postcard Folder - Mr Henry Foote to Mrs H Clark, 'Scenic Gems of Yosemite National Park', Yosemite, USA, 1949",1949,Kodak Heritage Collection,Other,1940,
items/1718483,"Postcard Folder - Mr Edgar Rouse to Mr H Clark Jnr, 'Washington, Evergreen Playground', Washington via Seattle, USA, 1938",1938,Kodak Heritage Collection,Other,1930,
items/1720769,"Postcard - Tarrant Motor Co, 'When Tarrant's Motors Came to Fairyland', Melbourne, Victoria, circa 1985",1909,Museum History Collection,Other,1900,
items/1722035,"Postcard - 'United We Stand', Flags of the Empire, The 'Classic' All British Series, circa 1900",1899,,War & service,1890,
items/1722036,"Postcard - 'Flags That Help The Motherland', Flags of the Empire, The 'Classic' All British Series, circa 1900",1899,,War & service,1890,
items/1722037,"Postcard - 'The Flags That Fight In Freedom's Cause', Flags of the Allies, The 'Classic' All British Series, circa 1915",1914,,War & service,1910,
items/1722039,"Postcard - 'Colonel Baden-Powell - Defender of Mafeking', circa 1900",1900,,War & service,1900,United Kingdom
items/1722040,"Postcard - 'Business As Usual', Inter-Art Company, London, 'Patriotic' Series V, circa 1915",1915,,War & service,1910,United Kingdom
items/1722041,"Postcard - 'A Fair Knock-Out', 'Georges Carpentier v. Bill Kaiser', World War I, circa 1915",1915,,War & service,1910,United Kingdom
items/1722042,"Postcard - 'Field Service Post Card', 1st Australian Infantry Brigade Field P.O., World War I, 31 May 1915",1914,,War & service,1910,
items/1722044,"Postcard - 'Les Cartes du Front', A. Hatier, visa no.8, World War I, circa 1915",1915,,War & service,1910,
items/1736533,"Postcard - 'SS Moreton Bay', England, 1920s",1920,,Other,1920,United Kingdom
items/1740855,"Postcard - Family Picnic, Greensborough, Victoria, 1921",1921,The Biggest Family Album in Australia,Other,1920,Australia
items/1740878,"Postcard - Class 1A, Eastern Road State School, South Melbourne, circa 1932",1932,The Biggest Family Album in Australia,Other,1930,Australia
items/1742881,"Postcard - Arrival of SS Jervis Bay at Fremantle, Western Australia, 3 May 1928",1920,,Migration,1920,Australia
items/1749814,"Postcard - Sent by Daisy Poole from Malta, SS Jervis Bay, Aberdeen & Commonwealth Line, 1933",1933,,Other,1930,
items/1750411,"Postcard - Schumacher Mill Furnishing Works, Illustration of a Patent Package Filler, Port Melbourne, Victoria, circa 1940s",1940,Schumacher Mill Furnishing Works Collection,Other,1940,Australia
items/1763596,"Postcard - SS Port Macquarie, Lettie & Kate to Nellie & Will, 13 Apr 1913",1913,,Migration,1910,
items/1763642,"Postcard - Elizabeth Street, Melbourne, To Anna Scott from Marion Flinn, Melbourne, 5 Jan 1904",1904,,Everyday correspondence,1900,
items/1763643,"Postcard - Town Hall, Melbourne, To Nettie Scott from Marion Flinn, Melbourne, 13 Jan 1904",1904,,Everyday correspondence,1900,
items/1763644,"Postcard - Burke & Wills Statue, Melbourne, To Anna Scott from Marion Flinn, Melbourne, 19 Jan 1904",1904,,Everyday correspondence,1900,
items/1763645,"Postcard - Botanical Gardens and Government House, Melbourne, To Nettie Scott from Marion Flinn, Melbourne, 27 Jan 1904",1904,,Everyday correspondence,1900,
items/1763646,"Postcard - St. Kilda from Pier, Melbourne, To Nettie Scott from Marion Flinn, Melbourne, 2 Feb 1904",1904,,Everyday correspondence,1900,
items/1763647,"Postcard - Port Melbourne Pier, Harbour View, To Anna Scott from Marion Flinn, Melbourne, 10 Feb 1904",1904,,Everyday correspondence,1900,
items/1763648,"Postcard - Princess Bridge, Melbourne, To Jas. B. Scott from Marion Flinn, Melbourne, 23 Feb 1904",1904,,Everyday correspondence,1900,
items/1763649,"Postcard - Post Office, Melbourne, To Nettie Scott from Marion Flinn, Melbourne, 23 Feb 1904",1904,,Everyday correspondence,1900,
items/1763650,"Postcard - At Heidelberg, near Melbourne, To Nettie Scott from Marion Flinn, Melbourne, 16 Mar 1904",1904,,Everyday correspondence,1900,
items/1763651,"Postcard - Spring Street, Melbourne, To Anna Scott from Marion Flinn, Melbourne, 16 Mar 1904",1904,,Everyday correspondence,1900,
items/1763652,"Postcard - Sunset Williamstown, Melbourne, To Mr Scott from Marion Flinn, Melbourne, 29 Mar 1904",1904,,Everyday correspondence,1900,
items/1763653,"Postcard - Coogee Bay, N.S.W., To Anna Scott from Marion Flinn, Melbourne, 30 Mar 1904",1904,,Everyday correspondence,1900,
items/1763654,"Postcard - General Post Office, Sydney, To J. B. Scott from Janet Flinn, Melbourne, 5 Apr 1904",1904,,Everyday correspondence,1900,
items/1763655,"Postcard - Condun's Gully, Healesville, To J. B. Scott from Marion Flinn, Melbourne, 27 Apr 1904",1904,,Everyday correspondence,1900,
items/1763656,"Postcard - A Summer Evening by J. A. Turner, To J. B. Scott from Marion Flinn, Melbourne, 27 Apr 1904",1904,,Everyday correspondence,1900,
items/1763657,"Postcard - At the Ford by J. A. Turner, To Nettie Scott from Marion Flinn, Melbourne, 4 May 1904",1904,,Everyday correspondence,1900,
items/1763658,"Postcard - His Old Home by J. A. Turner, To James Scott from Marion Flinn, Melbourne, circa 1904-1907",1900,,Everyday correspondence,1900,
items/1763659,"Postcard - Breaking Camp by J. A. Turner, To Anna Scott from Marion Flinn, Melbourne, 27 Apr 1904",1904,,Everyday correspondence,1900,
items/1763660,"Postcard - Exhibition Building, Melbourne, To J. B. Scott from Marion Flinn, Melbourne, 10 May 1904",1904,Royal Exhibition Building Collection,Everyday correspondence,1900,
items/1763661,"Postcard - Federal Coffee Palace, Melbourne, To J. B. Scott from Marion Flinn, Melbourne, 18 May 1904",1904,,Everyday correspondence,1900,
items/1763662,"Postcard - Sydney Harbour at Sundown, To J. B. Scott from Marion Flinn, Melbourne, 22 Jun 1904",1904,,Everyday correspondence,1900,
items/1763663,"Postcard - Exhibition Building, Melbourne, To J. B. Scott from Marion Flinn, Melbourne, 24 May 1904",1904,,Everyday correspondence,1900,
items/1763664,"Postcard - Collins Street, Melbourne, To J. B. Scott from Marion Flinn, Melbourne, 1 Jun 1904",1904,,Everyday correspondence,1900,
items/1763665,"Postcard - Neutral Bay, Sydney, To Misses Scott from Marion Flinn, Melbourne, 29 Jun 1904",1904,,Everyday correspondence,1900,
items/1763666,"Postcard - Town Hall, Sydney, To Jas. B. Scott from Marion Flinn, Melbourne, 29 Jun 1904",1904,,Everyday correspondence,1900,
items/1763667,"Postcard - Bird's-eye View of Healesville, To J. B. Scott from Marion Flinn, Melbourne, 6 Jul 1904",1904,,Everyday correspondence,1900,
items/1763668,"Postcard - Gold Digging on Ovens River, Victoria, To James B. Scott from Chris, Melbourne, 24 Aug 1904",1904,,Everyday correspondence,1900,
items/1763669,"Postcard - Crossing Place, River Watts near Fernshawe, To J. B. Scott from Marion Flinn, Melbourne, 10 Aug 1904",1904,,Everyday correspondence,1900,
items/1763670,"Postcard - Town Hall, Sydney, To J. B. Scott from Marion Flinn, Melbourne, 24 Aug 1904",1904,,Everyday correspondence,1900,
items/1763671,"Postcard - Neutral Bay, Sydney, To J. B. Scott from Marion Flinn, Melbourne, 31 Aug 1904",1904,,Everyday correspondence,1900,
items/1763672,"Postcard - Souvenir from Ballarat, 'Statuary in Sturt Street', To J.B. Scott from Marion Flinn, Melbourne, 20 Sep 1904",1820,,Everyday correspondence,1820,United Kingdom
items/1763673,"Postcard - Sydney Harbour at Sundown, To J. B. Scott from Marion Flinn, Melbourne, 7 Sep 1904",1904,,Everyday correspondence,1900,
items/1763674,"Postcard - Govett's Leap, Blackheath, To J. B. Scott from Marion Flinn, Melbourne, 14 Sep 1904",1904,,Everyday correspondence,1900,
items/1763675,"Postcard - Spring Street, Melbourne, To J. B. Scott from Marion Flinn, Melbourne, 15 Nov 1904",1904,,Everyday correspondence,1900,
items/1763676,"Postcard - St. Kilda Road, Melbourne, To J. B. Scott from Marion Flinn, Melbourne, 23 Nov 1904",1904,,Everyday correspondence,1900,
items/1763677,"Postcard - Queen's Bridge, Melbourne, To J. B. Scott from Marion Flinn, Melbourne, 7 Dec 1904",1904,,Everyday correspondence,1900,
items/1763678,"Postcard - Bush Road, Healesville, To Misses Scott from Marion Flinn, Melbourne, 20 Dec 1904",1904,,Everyday correspondence,1900,
items/1763679,"Postcard - Lake, Botanical Gardens, Melbourne, To J. B. Scott from Marion Flinn, Melbourne, 20 Dec 1904",1904,,Everyday correspondence,1900,
items/1763680,"Postcard - Mordialloc, the Creek, To J. B. Scott from Marion Flinn, Mordialloc, 28 Dec 1904",1904,,Everyday correspondence,1900,
items/1763681,"Postcard - Mordialloc, To Misses Scott from Marion Flinn, Mordialloc, 1 Jan 1905",1905,,Everyday correspondence,1900,
items/1763682,"Postcard - Mordialloc Creek & Bridge Hotel, To J. B. Scott from Marion Flinn, Melbourne, 15 Jan 1905",1905,,Everyday correspondence,1900,
items/1763683,"Postcard - Scene on the Goulburn River, To J. B. Scott from Marion Flinn, Melbourne, 25 Jan 1905",1905,,Everyday correspondence,1900,
items/1763684,"Postcard - Black Spur, Fernshawe, To J. B. Scott from Marion Flinn, Melbourne, 31 Jan 1905",1905,,Everyday correspondence,1900,
items/1763685,"Postcard - Corner of Elizabeth and Collins Streets, Melbourne, To Nettie Scott from Marion Flinn, Melbourne, 17 Apr 1906",1906,,Everyday correspondence,1900,
items/1763686,"Postcard - Kaligurnia Bay, Lake Tyers, Gippsland, To J. B. Scott from Marion Flinn, Paisley, 1 Sep 1906",1906,,Everyday correspondence,1900,
items/1763687,"Postcard - The Law Courts, Melbourne, To J. B. Scott from Marion Flinn, Melbourne, 25 Jul 1906",1906,,Everyday correspondence,1900,
items/1763688,"Postcard - William Tell Summer House Botanical Gardens, Melbourne, To Nettie Scott from Janet Flinn, Melbourne, 20 Oct 1906",1906,,Everyday correspondence,1900,
items/1763689,"Postcard - Botany Bay, N.S.W., To J. B. Scott from Marion Flinn, Melbourne, 12 Dec 1906",1906,,Everyday correspondence,1900,
items/1763690,"Postcard - 'Australian Aboriginal, A Chief', To Nettie Scott From Janet Flinn, Melbourne, 9 Apr 1907",1907,,Everyday correspondence,1900,
items/1763691,"Postcard - Bourke Street, Melbourne, To Anna Scott from Dorothy Flinn, circa 1904-1907",1900,,Everyday correspondence,1900,
items/1763692,"Postcard - Glenelg, near Adelaide, To Anna Scott from Marion Flinn, circa 1904 - 1907",1900,,Everyday correspondence,1900,
items/1763693,"Postcard - Government Hill from Duketown, Old Calabar, To J. B. Scott  from Bob, Old Calabar, 2 Feb 1903",1903,,Everyday correspondence,1900,
items/1763694,"Postcard - Division Head-quarters at Bonny, Southern Nigeria, To J. B. Scott, 20 Nov 1905",1905,,Everyday correspondence,1900,
items/1763695,"Postcard - Singapore, To Jas B. Scott from Willie, circa 1904 - 1907",1900,,Everyday correspondence,1900,
items/1763696,"Postcard - Bombay, The B., B. and C. I. Railway Offices, To Jas B. Scott from W. Frew, circa 1904 - 1907",1900,,Everyday correspondence,1900,
items/1763697,"Postcard - To Nettie Scott, Hotel de Ville, Bruxelles, Belgium, circa 1904-1907",1900,,Everyday correspondence,1900,
items/1763698,"Postcard - Vierwaldstaettersee, Dampfer 'Unterwalden' mit Urirotstock, To Nettie Scott, circa 1904 - 1907",1900,,Everyday correspondence,1900,
items/1763699,"Postcard - Le Boulevard Maritime, Dieppe, France, circa 1904-1907",1900,,Everyday correspondence,1900,France
items/1763700,"Postcard - Sackville St, Dublin, To Nettie Scott, circa 1904 - 1907",1900,,Everyday correspondence,1900,
items/1763701,"Postcard - To Anna Scott, Grand Place, Maison des Corporations, Bruxelles, Belgium, circa 1904-1907",1900,,Everyday correspondence,1900,
items/1763702,"Postcard - Basler Missionsstation Buea, Gruss aus Kamerun, To J. B. Scott, S. S. Glenda, 10 Mar 1904",1904,,Everyday correspondence,1900,
items/1763703,"Postcard - Palace of Transportation, To J. B. Scott From Polly, circa 1904 - 1907",1900,,Everyday correspondence,1900,
items/1763704,"Postcard - Rigi-Kulm, Zuerich, To Anna Scott, Luzern, 16 Jul 1906",1906,,Everyday correspondence,1900,
items/1763705,"Postcard - A village in Bombay Presideney, To Anna Scott From Willie, circa 1904 - 1907",1900,,Everyday correspondence,1900,
items/1763706,"Postcard - A River Scene in the Perie Bush King William's Town. Greetings from South Africa. To J. B. Scott, circa 1904 - 1907",1900,,Everyday correspondence,1900,
items/1768980,"Postcard - German Soldiers Relaxing, Romania, World War I, 5 Dec 1917",1917,,War & service,1910,Romania
items/1768985,"Postcard - German Soldiers at Table, World War I, 1914-1918",1914,,War & service,1910,
items/1769072,"Postcard - German Soldiers Relaxing Near Dugout, 7 Aug 1917",1917,,War & service,1910,
items/1769083,"Postcard - Damaged Cathedral, World War I, 3 Jul 1918",1918,,War & service,1910,France
items/1769137,"Postcard - German Soldiers Digging in Forest, World War I, 1914-1918",1914,,War & service,1910,
items/1769199,"Postcard - German Soldier at Entrance to Dugout, Jul 1916",1916,,War & service,1910,
items/1771722,"Postcard - Roman Ruins, Baalbek, Lebanon, World War II, 1939-1943",1939,Military Memorabilia Collection,War & service,1930,Lebanon
items/1779983,"Postcard - 'A Happy Birthday', Embroidered, World War I, 10 Jun 1917",1917,,War & service,1910,
items/1779985,"Postcard - 'Kind Regards', Belgium, World War I, 25 Oct 1916",1916,,War & service,1910,
items/1779986,"Postcard - 'For Frank' from 'Uncle Charley', World War I, 1914-1918",1914,,War & service,1910,
items/1779989,"Postcard - 'Australia Greets America', Visit of the US Fleet, 1908",1908,,Other,1900,
items/1779992,"Postcard - 'Australians Welcome Americans', US Fleet Visit, 1908",1908,,Other,1900,
items/1779997,"Postcard - RMS Lusitania, 8 Mar 1910",1910,,Other,1910,
items/1779998,"Postcard - 'No More Bluff', World War I, 1914-1918",1914,,War & service,1910,
items/1780000,"Postcard - 'Advance Australia', World War I, 1914-1918",1914,,War & service,1910,
items/1780089,"Postcard - 'I Could Stay Forever', Popular Series, No. 512, Germany, circa 1905-1914",1905,,War & service,1900,
items/1780090,"Postcard - 'A Swollen Creek', Melbourne, Victoria, 1904",1904,,Other,1900,
items/1780091,"Postcard - 'Collins Street', Melbourne, 12 Apr 1905",1905,,Other,1900,Australia
items/1780179,"Postcard - 'Love To Mother' from Jacko, World War I, 1914-1918",1914,,War & service,1910,
items/1780183,"Postcard - Lord Kitchener, C W Faulkner & Co, Series 1456, Anglo-Boer War, 1899-1902",1899,,War & service,1890,
items/1780187,"Postcard - 'Empire', No 276, Raphael Tuck, circa 1900",1900,,War & service,1900,
items/1780189,"Postcard - 'Empire', No 278, Raphael Tuck, circa 1900",1900,,War & service,1900,
items/1780192,"Postcard - Raphael Tuck, 'Empire', No 277, circa 1900",1900,,War & service,1900,
items/1780194,"Postcard - Raphael Tuck, 'Empire', No 274, circa 1900",1900,,War & service,1900,
items/1780197,"Postcard - Boers & English, No. 1, Le Bon Vivant, Paris, Boer War, 1900",1900,,War & service,1900,South Africa
items/1782897,"Postcard - 'S.S. Ceramic', from A. G. F. Galbraith to A. Galbraith, 1915",1915,Returned and Services League (RSL) Collection; Military Memorabilia Collection,War & service,1910,
items/1782911,"Postcard - 'R.M.S. Ceramic', from A. G. F. Galbraith to A. Galbraith, Nov 1915",1915,Returned and Services League (RSL) Collection; Military Memorabilia Collection,War & service,1910,
items/1782971,"Postcard - Group Portrait of Tug of War Team, Seymour, World War I, Aug 1916",1916,Military Memorabilia Collection; Returned and Services League (RSL) Collection,War & service,1910,Australia
items/1783458,"Postcard - H.V. McKay Pty Ltd, Workman with Harvester & Horses, Victoria, circa 1930s",1930,H.V. McKay Sunshine Collection; Old McKay Archive,Other,1930,Australia
items/1787911,"Postcard - Unknown Author, to Mr. & Mrs. Malval, 1944",1944,,War & service,1940,
items/1787913,"Postcard - Australian Comforts Fund, R. Hetherington, to Mrs. J. H Malval, 17 Dec 1943",1943,,War & service,1940,
items/1787914,"Postcard - Australian Comforts Fund, H. Boxall, to Mr & Mrs Henry J. Malval, circa 1943-1945",1943,,War & service,1940,
items/1787915,"Postcard - Australian Comforts Fund, J.F Hurst, to Mr. & Mrs. Henry Malval, 28 Dec 1944",1944,,War & service,1940,
items/1788781,"Postcard - 'Exhibition Buildings, Melbourne', Philco Series, London, circa 1909",1909,Royal Exhibition Building Collection,Exhibition Building,1900,Australia
items/1788790,"Postcard - Southern Facade, 'Exhibition Buildings, Melbourne, Australia', circa 1904",1904,Royal Exhibition Building Collection,Exhibition Building,1900,Australia
items/1791628,"Postcard - 'What's Wrong With This Picture?', 1 Aug 2009",2009,,Other,2000,
items/1792089,"Postcard - 'What's Wrong With This Picture?', 1 Aug 2009",2009,,Other,2000,
items/1804624,"Postcard - Kodak Australasia Pty Ltd, Kodak Factory, Coburg, circa 1964",1964,Kodak Heritage Collection,Other,1960,Australia
items/1806590,"Postcard Viewfolder - 'Mt Beauty and the Kiewa Scheme', Victoria, circa 1962",1954,,Other,1950,Australia
items/1810448,"Postcard - 'H.M. Australian Hospital Ship Kanowna', Nurse A. E. Williams (nee Cocking), World War I, 1916",1915,Military Memorabilia Collection; Returned and Services League (RSL) Collection,War & service,1910,
items/1810915,"Postcard - 'Arab Chiefs,' Aden, Yemen, World War I, 1914-1918",1914,,War & service,1910,Yemen
items/1810929,"Postcard - 'Arab Travellers', Aden, Yemen, World War I, 1914-1918",1914,,War & service,1910,Yemen
items/1810933,"Postcard - 'The Wharf', Ma'alla, Aden, Yemen, World War I, 1914-1918",1914,,War & service,1910,Yemen
items/1810935,"Postcard - Men In A Dhow, World War I, 1914-1918",1914,,War & service,1910,
items/1810939,"Postcard - 'Entrance to Suez Canal', Port Suez, World War I, 1914-1918",1914,,War & service,1910,Yemen
items/1810947,"Postcard - 'Aden', Yemen, World War I, 1914-1918",1914,,War & service,1910,Yemen
items/1810951,"Postcard - 'Going Through Suez Canal', World War I, 1914-1918",1914,,War & service,1910,
items/1810955,"Postcard - Unknown Soldier, World War I, 1914-1918",1914,,War & service,1910,
items/1810959,"Postcard - Thomas to Jessie, Embroidered, World War I, 17 Jul 1916",1916,,War & service,1910,
items/1810973,"Postcard - 'To My Dear Mother', Embroidered, Cairo, World War I, 12 May 1917",1917,,War & service,1910,
items/1810979,"Postcard - 'From Your Brother', Embroidered, World War I, 1914-1918",1914,,War & service,1910,
items/1810981,"Postcard - 'To My Dear Mother', Embroidered, Carte Postale, World War I, 1914-1918",1914,,War & service,1910,
items/1810985,"Postcard - 'To My Dear Mother', Embroidered , World War I, 1914-1918",1914,,War & service,1910,
items/1810991,"Postcard - 'To My Sweetheart', Embroidered, France, World War I, 22 Jul 1917",1917,,War & service,1910,
items/1810999,"Postcard - Andy to Mother & Jess, Embroidered, France, World War I, 1914-1918",1914,,War & service,1910,
items/1811004,"Postcard - Tom to Molly, 'Souvenir of the Great War', Embroidered, World War I, 1914-1918",1914,,War & service,1910,
items/1815972,"Postcard - HMAS Australia, 'Best Easter Wishes' 1914-1918",1914,Military Memorabilia Collection; Nowell Collection,War & service,1910,Australia
items/1815976,"Postcard - HMAS Australia, 'Snowball' a Duck, 1914-1918",1914,Military Memorabilia Collection; Nowell Collection,War & service,1910,Australia
items/1816174,"Postcard - HMAS Australia, Rotary Photographic Series, 'The Only Girl I Ever Loved', 1914 -1918",1914,Military Memorabilia Collection; Nowell Collection,War & service,1910,
items/1816187,"Postcard - HMAS Australia, Rotary Photographic Series, 'Jack Ashore', 1914 -1918",1914,Military Memorabilia Collection; Nowell Collection,War & service,1910,
items/1816192,"Postcard - HMAS Australia, 'All the nice Girls Love a Sailor', 1914 -1918",1914,Military Memorabilia Collection; Nowell Collection,War & service,1910,
items/1816199,"Postcard - HMAS Australia, 'We'll Keep the Flag Flying!', 1915",1915,Military Memorabilia Collection; Nowell Collection,War & service,1910,
items/1816204,"Postcard - HMAS Australia, 'Nobody Loves to Fight With Me!', Donald McGill, 1914-1918",1914,Military Memorabilia Collection; Nowell Collection,War & service,1910,
items/1816306,"Postcard - Birthday Card, 1914-1918",1914,Military Memorabilia Collection; Nowell Collection,War & service,1910,United Kingdom
items/1818985,"Postcard - 'Form Fours You', England, circa 1919",1919,Military Memorabilia Collection; Nowell Collection,War & service,1910,United Kingdom
items/1823544,"Postcard - Squirrel Glider, Petaurus sciureus (Shaw), George Browning, circa 1950",1950,Museum History Collection,Other,1950,
items/1823570,"Postcard - Ringtail Possum, Pseudocheirus laniginosus (Gould), George Browning, circa 1950",1950,Museum History Collection,Other,1950,
items/1823572,"Postcard - Brush-tailed Phascogale, Phascogale tapoatafa (Meyer), George Browning, circa 1950",1950,Museum History Collection,Other,1950,
items/1823573,"Postcard - Swainson's Phascogale, Antechinus swainsoni (Waterhouse), George Browning, circa 1950",1950,Museum History Collection,Other,1950,
items/1823574,"Postcard - Tiger Cat, Dasyurus maculatus (Kerr), George Browning, circa 1950",1950,Museum History Collection,Other,1950,
items/1823575,"Postcard - Native Cat, Dasyurus viverrinus (Shaw), George Browning, circa 1950",1950,Museum History Collection,Other,1950,
items/1823578,"Postcard - Common Pouched Mouse, Sminthopsis Murina (Waterhouse), George Browning, circa 1950",1950,Museum History Collection,Other,1950,
items/1823579,"Postcard - Fat-tailed Pouched Mouse, Sminthopsis crassicaudata (Gould), George Browning, circa 1950",1950,Museum History Collection,Other,1950,
items/1823700,"Postcard - Yellow-footed Phascogale, Antechinus flavipes (Waterhouse), George Browning, circa 1950",1950,Museum History Collection,Other,1950,
items/1823701,"Postcard - Striped Bandicoot, Perameles fasciata (Gray), George Browning, circa 1950 [damaged]",1950,Museum History Collection,Other,1950,
items/1823702,"Postcard - Common or Naked-nosed Wombat, Vombatus hirsutus (Perry), George Browning, circa 1950",1950,Museum History Collection,Other,1950,
items/1823703,"Postcard - Short-nosed Bandicoot, Isoodon obesulus (Shaw), George Browning, circa 1950",1950,Museum History Collection,Other,1950,
items/1823704,"Postcard - Red-necked Wallaby, Wallabia rufogrisea (Desmarest), George Browning, circa 1950",1950,Museum History Collection,Other,1950,
items/1823705,"Postcard - Platypus, Ornithorhynchus anatinus (Shaw), George Browning, circa 1950",1950,Museum History Collection,Other,1950,
items/1826501,"Postcard - Portrait of Male Soldier, German, World War I, 1914-1918",1889,,War & service,1880,
items/1826502,"Postcard - 'Scape Flow', German, World War I, 1914-1918",1914,,War & service,1910,Norway
items/1826504,"Postcard - German, to Herr Mueller, World War I, 1914-1918",1914,,War & service,1910,
items/1826505,"Postcard - 'Herzliche Weihnachtsgrusse', Merry Christmas, German, World War I, 20 Dec 1916",1916,,War & service,1910,
items/1826506,"Postcard - Portrait of Girl & Woman, from Res. R. Wittler, German, World War I, 25 Dec 1916",1916,,War & service,1910,
items/1826508,"Postcard - 'St. Sauveur', to Frau Martha Krunpfert, from Otto, German, World War I, 16 Mar 1916",1915,,War & service,1910,
items/1826509,"Postcard - Portrait of German Soldier, World War I, 1914-1918",1914,,War & service,1910,
items/1826510,"Postcard - German Soldiers Going to War, World War I, 1914-1918",1914,,War & service,1910,Germany
items/1826511,"Postcard - Portrait of Male Soldier, German, World War I, 1914-1918",1871,,War & service,1870,
items/1826512,"Postcard - 'Spille Bei Zabern', German, World War I, 13 Jun 1916",1916,,War & service,1910,France
items/1826513,"Postcard - 'Longuyon', German, World War I, 28 Aug 1916",1916,,War & service,1910,France
items/1826515,"Postcard - Five Soldiers, German, World War I, 1914-1918",1910,,War & service,1910,
items/1826517,"Postcard - 'Gedenkstein in Lowitsch', Netta Frolich to Wilhelm Cress, German, World War I, 11 Jan 1917",1917,,War & service,1910,
items/1830779,"Postcard - Hector Chundaloo, Pilgrim Pack, Saint Mary of the Cross MacKillop Canonisation, 2009",2006,,Other,2000,
items/1834387,"Postcard - Sunshine Harvester Works, Sunshine, Victoria, 1910",1910,H.V. McKay Sunshine Collection; Old McKay Archive (Series E),Other,1910,Australia
items/1834404,"Postcard - H.V. McKay, Harvesters Working in Field, Argentina, 1905",1905,H.V. McKay Sunshine Collection; Old McKay Archive (Series E),Other,1900,Argentina
items/1898611,"Postcard - W.J. Gunning to Mrs George McKay, 22 Nov 1898",,Old McKay Archive; H.V. McKay Sunshine Collection,Other,,Australia
items/1917572,"Postcard - 'Illustrated Souvenir of the Visit of Their Royal Highnesses the Duke & Duchess of York', Sydney, April 1927",1927,,Other,1920,
items/1917659,"Postcard - 'Stripping an Average Australian Wheat Crop', Commonwealth Immigration Office, circa 1922",1922,,Migration,1920,
items/1917664,"Postcard - 'Harvest Time in Australia', Commonwealth Immigration Office, circa 1924",1924,,Migration,1920,
items/1917665,"Postcard - 'Off to School in the Australian Bush', Commonwealth Immigration Office, circa 1924",1924,,Migration,1920,
items/1917666,"Postcard - 'Breaking Land for an Orchard', Commonwealth Immigration Office, circa 1924",1924,,Migration,1920,
items/1917667,"Postcard - 'Timber Tramway in a Beautiful Setting', Commonwealth Immigration Office, circa 1924",1924,,Migration,1920,
items/1917668,"Postcard - 'Mustering on a Sheep Station', Commonwealth Immigration Office, circa 1922",1922,,Migration,1920,
items/1917669,"Postcard - 'A Teamster's Camp in Australia Carting Wheat to a Railway Station', Commonwealth Immigration Office, circa 1922",1922,,Migration,1920,
items/1919857,"Postcard - 'Australia' map, Commonwealth Immigration Office, circa 1924",,,Migration,,
items/1921869,"Postcard - 'Rue a Heliopolis', Egypt, Peile Brothers, World War I, 1914-1916",1914,Military Memorabilia Collection; Returned and Services League (RSL) Collection,War & service,1910,Egypt
items/1922464,"Postcard - 'Sphinx', Egypt, Charles to Florrie, World War I, 1914-1918",1914,Military Memorabilia Collection; Returned and Services League (RSL) Collection,War & service,1910,Egypt
items/1922472,"Postcard - 'Palace Hotel', Heliopolis, Egypt, Charles to Florrie, World War I, Jul 1918",1918,Military Memorabilia Collection; Returned and Services League (RSL) Collection,War & service,1910,Egypt
items/1922481,"Postcard - Great Sphinx, Egypt, Peile Brothers, World War I, 1914-1916",1914,Military Memorabilia Collection; Returned and Services League (RSL) Collection,War & service,1910,Egypt
items/1922486,"Postcard - 'The Avenue to the Pyramids', Egypt, World War I, Peile Brothers, World War I, 1914-1916",1914,Military Memorabilia Collection; Returned and Services League (RSL) Collection,War & service,1910,Egypt
items/1922487,"Postcard - 'Palace Hotel', Helwan, Egypt, World War I, Tom & Daughter to J. Peile, 9 Sep 1915",1914,Military Memorabilia Collection; Returned and Services League (RSL) Collection,War & service,1910,Egypt
items/1922496,"Postcard - 'General View of the Pyramids of Giza', Egypt, Peile Brothers, World War I, 1914-1916",1914,Military Memorabilia Collection; Returned and Services League (RSL) Collection,War & service,1910,Egypt
items/1922500,"Postcard - 'General View of Heliopolis', Egypt, Private John Peile to Mother,  World War I, 1915-1916",1914,Military Memorabilia Collection; Returned and Services League (RSL) Collection,War & service,1910,Egypt
items/1922502,"Postcard - 'Native Sweet Seller', Egypt, Peile Brothers, World War I, 1914-1918",1914,Military Memorabilia Collection; Returned and Services League (RSL) Collection,War & service,1910,Egypt
items/1922503,"Postcard - 'Omnibus Station', Egypt, Peile Brothers, World War I, 1914-1916",1914,Military Memorabilia Collection; Returned and Services League (RSL) Collection,War & service,1910,Egypt
items/1922504,"Postcard - Al-Azhar Mosque Interior, Egypt, Peile Brothers, World War I, 1914-1916",1914,Military Memorabilia Collection; Returned and Services League (RSL) Collection,War & service,1910,Egypt
items/1922505,"Postcard - 'Interior of Mohammed Aly Mosque', Egypt, Peile Brothers, World War I, 1914-1916",1914,Military Memorabilia Collection; Returned and Services League (RSL) Collection,War & service,1910,Egypt
items/1922506,"Postcard - 'Native Young Men', Egypt, Peile Brothers, World War I, 1914-1916",1914,Military Memorabilia Collection; Returned and Services League (RSL) Collection,War & service,1910,Egypt
items/1922508,"Postcard - 'Damanhour, Eglise Cophte', Egypt, Peile Brothers, World War I, 1914-1916",1914,Military Memorabilia Collection; Returned and Services League (RSL) Collection,War & service,1910,Egypt
items/1922509,"Postcard - 'Denderah, The Small Temple', Egypt, Peile Brothers, World War I, 1914-1916",1914,Military Memorabilia Collection; Returned and Services League (RSL) Collection,War & service,1910,Egypt
items/1922510,"Postcard - 'Le Caire, Tribunal Mixte', Egypt, Peile Brothers, World War I, 1914-1916",1914,Military Memorabilia Collection; Returned and Services League (RSL) Collection,War & service,1910,Egypt
items/1922511,"Postcard - 'The Tombs of the Khalifs', Egypt, Peile Brothers, World War I, 1914-1916",1914,Military Memorabilia Collection; Returned and Services League (RSL) Collection,War & service,1910,Egypt
items/1922512,"Postcard - Bridge Over the Nile, Egypt, Peile Brothers, World War I, 1914-1918",1914,Military Memorabilia Collection; Returned and Services League (RSL) Collection,War & service,1910,Egypt
items/1922514,"Postcard - Entrance to Mousky, Peile Brothers, World War I, 1914-1916",1914,Military Memorabilia Collection; Returned and Services League (RSL) Collection,War & service,1910,Egypt
items/1922515,"Postcard - 'Grand Hotel Liverpool', Egypt, World War I, Peile Brothers, 1914-1916",1914,Military Memorabilia Collection; Returned and Services League (RSL) Collection,War & service,1910,Egypt
items/1922518,"Postcard - 'Eden Palace Hotel', Egypt, Peile Brothers, World War I, 1914-1916",1914,Returned and Services League (RSL) Collection,War & service,1910,Egypt
items/1922520,"Postcard - Assiut, Egypt, Peile Brothers, World War I, 1914-1916",1914,Military Memorabilia Collection; Returned and Services League (RSL) Collection,War & service,1910,Egypt
items/1922521,"Postcard - 'Clot Bey Street', Egypt, Peile Brothers, World War I, 1914-1916",1914,Military Memorabilia Collection; Returned and Services League (RSL) Collection,War & service,1910,Egypt
items/1922522,"Postcard - 'Minieh', Egypt, Peile Brothers, World War I, 1914-1916",1914,Military Memorabilia Collection; Returned and Services League (RSL) Collection,War & service,1910,Egypt
items/1922523,"Postcard - Kafr el-Zayat, Egypt, Peile Brothers, World War I, 1914-1916",1914,Military Memorabilia Collection; Returned and Services League (RSL) Collection,War & service,1910,Egypt
items/1923373,"Postcard - Sharon Collins, 'Illuminated by Fire: Flowerdale', Regional Arts Victoria, 2011",2011,Victorian Bushfires Collection,Other,2010,
items/1962037,"Postcard Set - Snowy Mountains, New South Wales, 1950s",1950,,Migration,1950,Australia
items/1962067,"Postcard Set - 'Beautiful Manly', New South Wales, 1950s",1950,,Migration,1950,
items/1962079,"Postcard - Grand Harbour, Valletta, Malta, circa 1959",1959,,Migration,1950,
items/1962114,"Postcard - 'M/N Flaminia', Cogedar Line, Genova, 1959",1959,,Migration,1950,
items/1962364,"Postcard - 'Sigiriya Rock, Ceylon', Sri Lanka, 1951",1951,,Migration,1950,Sri Lanka
items/1962381,"Postcard - 'Une Rue de la Casbah, Alger', French Algeria, 1951",1951,,Migration,1950,Algeria
items/1962382,"Postcard - 'Place du Cardinal Lavigerie, La Cathedrale, Alger', French Algeria, 1951",1951,,Migration,1950,Algeria
items/1962388,"Postcard - 'La Mosquee Sidi-Abderrahmane, Alger', French Algeria, 1951",1951,,Migration,1950,Algeria
items/1962394,"Postcard - 'A Native Oil Mill, Sheikh Othman Village, Aden', Colony of Aden, 1951",1951,,Migration,1950,Yemen
items/1962398,"Postcard - 'Casbah, Rue de la Mer Rouge, Alger', French Algeria, 1951",1951,,Migration,1950,Algeria
items/1962399,"Postcard - 'View of Hedjuff Village, Aden', Colony of Aden, 1951",1951,,Migration,1950,Yemen
items/1962401,"Postcard - Princess Anne in Brownie Uniform, Buckingham Palace Gardens, England, circa 1960",1960,,Migration,1960,
items/1962404,"Postcard - Ship 'SS New Australia', Lucy & Stanley Hathaway, 1951",1951,,Migration,1950,
items/1988574,"Postcard - Market Scene, Cairo, Egypt, Nurse A. E. Williams (nee Cocking), World War I, 1916",1915,Military Memorabilia Collection; Returned and Services League (RSL) Collection,War & service,1910,Egypt
items/1988609,"Postcard - 'The Temple of Philae & a Feluka', Egypt, Nurse A. E. Williams (nee Cocking), World War I, 1916",1915,Military Memorabilia Collection; Returned and Services League (RSL) Collection,War & service,1910,Egypt
items/1988647,"Postcard - 'SS Miltiades', Nurse A. E. Williams (nee Cocking), World War I, 1917",1915,Military Memorabilia Collection; Returned and Services League (RSL) Collection,War & service,1910,
items/1988649,"Postcard - 'Sao Vicente', Cape Verde, Nurse A. E. Williams (nee Cocking), World War I, 1917",1915,Military Memorabilia Collection; Returned and Services League (RSL) Collection,War & service,1910,Cape Verde
items/1988653,"Postcard - Patients Awaiting Transport, Cairo, Egypt, Nurse A. E. Williams (nee Cocking), World War I, 1917",1915,Military Memorabilia Collection; Returned and Services League (RSL) Collection,War & service,1910,Egypt
items/1988663,"Postcard - 'SS Dover Castle Leaving Cape Town Docks', South Africa, Nurse A. E. Williams (nee Cocking), World War I, 1917",1915,Military Memorabilia Collection; Returned and Services League (RSL) Collection,War & service,1910,South Africa
items/1988666,"Postcard - Woman in Local Dress, Sao Vicente, Cape Verde, Nurse A. E. Williams (nee Cocking), World War I, 1917",1915,Military Memorabilia Collection; Returned and Services League (RSL) Collection,War & service,1910,Cape Verde
items/1988716,"Postcard - 'Greek Dress, A Shepherd', Greece, Nurse A. E. Williams (nee Cocking), World War I, 1918",1915,Military Memorabilia Collection; Returned and Services League (RSL) Collection,War & service,1910,Greece
items/1988721,"Postcard - 'Constantin Triumphal Arch', Salonica, Greece, Nurse A. E. Williams (nee Cocking), World War I, 1918",1915,Military Memorabilia Collection; Returned and Services League (RSL) Collection,War & service,1910,Greece
items/1988729,"Postcard - 'An Old Palikare' Soldier, Salonica, Greece, Nurse A. E. Williams (nee Cocking), World War I, 1918",1915,Military Memorabilia Collection; Returned and Services League (RSL) Collection,War & service,1910,Greece
items/1988810,"Postcard - 'The Quay', Salonica, Greece, Nurse A. E. Williams (nee Cocking), World War I, 1917",1915,Military Memorabilia Collection; Returned and Services League (RSL) Collection,War & service,1910,Greece
items/1988820,"Postcard - 'Remainder of the Market', Salonica, Greece, Nurse A. E. Williams (nee Cocking), World War I, 1917",1915,Military Memorabilia Collection; Returned and Services League (RSL) Collection,War & service,1910,Greece
items/1988846,"Postcard - 'Mosque Destroyed by the Fire', Salonica, Greece, Nurse A. E. Williams (nee Cocking), World War I, 1918",1915,Military Memorabilia Collection; Returned and Services League (RSL) Collection,War & service,1910,Greece
items/1988857,"Postcard - 'Harbour Salonica', Greece, Nurse A. E. Williams (nee Cocking), World War I, 1918",1915,Military Memorabilia Collection; Returned and Services League (RSL) Collection,War & service,1910,Greece
items/1993266,"Postcard - Horticultural Society of Victoria, Autumn Show, Mar 1884",1884,Royal Exhibition Building Collection,Exhibition Building,1880,
items/2006227,"Postcard - Sketch of the Royal Exhibition Building & Centenary Celebrations, Honey Clarke, Melbourne, 1980",1980,Royal Exhibition Building Collection,Other,1980,Australia
items/2009054,"Postcard - 'Royal Exhibition Building', Melbourne,  Feb-Mar 2006",2006,,Other,2000,Australia
items/2009058,"Postcard - 'City View From St Kilda, Melbourne', 1 Feb 2006",2006,,Other,2000,
items/2009070,"Postcard - 'Yarra River & Melbourne Skyline', Melbourne Commonwealth Games, 1 Feb 2006",2006,,Other,2000,Australia
items/2009081,"Postcard - 'Floral Clock, St. Kilda Road, Melbourne', 1 Feb 2006",2006,,Other,2000,Australia
items/2009095,"Postcard - 'Melbourne City Skyline From Southbank', Melbourne Commonwealth Games, 1 Feb 2006",2006,,Other,2000,
items/2009099,"Postcard - 'Melbourne Cricket Ground', 1 Feb 2006",2006,,Other,2000,
items/2009103,"Postcard - 'Federation Square, Melbourne', 1 Feb 2006",2006,,Other,2000,
items/2009106,"Postcard - 'The Arts Centre', Melbourne, 1 Feb 2006",2006,,Other,2000,Australia
items/2009109,"Postcard - 'Tram Passing Flinders Street Station', Melbourne Commonwealth Games, 1 Feb 2006",2006,,Other,2000,
items/2017102,"Postcard - 'The Soldiers' Memorial', Warrnambool, Victoria, circa 1919-1927",1919,,War & service,1910,Australia
items/2018576,"Postcard - Exhibition Building, Melbourne, circa 1901",1880,Royal Exhibition Building Collection,Exhibition Building,1880,Australia
items/2018586,"Postcard - Exhibition Building, Melbourne, circa 1905",1905,Royal Exhibition Building Collection,Exhibition Building,1900,Australia
items/2024662,"Postcard - 'Graz', Austria, 1950",1950,,Migration,1950,
items/2024913,"Souvenir Postcard Album - Appenzell, Switzerland, Austria, circa 1955",1955,,Migration,1950,
items/2029294,"Postcard - Senate Election, Vida Goldstein, 1910",1910,,Other,1910,
items/2044005,"Digital Image - Postcard, The Uplands Homestead, Kinglake, 1906",1906,Victorian Bushfires Collection,Other,1900,Australia
items/2048137,"Postcard - German Hospital Patients & Staff, World War I, 1914-1918",1914,,War & service,1910,
items/2048138,"Postcard - Sweetheart, German, World War I, 3 Mar 1916",1916,,War & service,1910,
items/2052092,"Postcard - 'Official Souvenir Australian Aerial Mail', Basil Watson Flight, Mt Gambier, South Australia to Melbourne, Victoria, Feb 1917 (Damaged)",1917,Basil Watson Aviation Collection,Other,1910,Australia
items/2094455,"Digital Image - Postcard, 'If We Die Tomorrow', Humorous, World War I, 1914-1918",1915,,War & service,1910,
items/2094456,"Digital Image - Postcard, 'A Fag After a Fight', World War I, 1915-1919",1915,,War & service,1910,
items/2095575,"Postcard - '1917 Souvenir From France', World War I, 1917",1917,,War & service,1910,
items/2095577,"Postcard - 'Flowers of France Gathered For You', Sapper David Hinds to his Sister Lenora, World War I, 6 Oct 1918",1918,,War & service,1910,
items/2095579,"Postcard - '1916', 'Walter' to Dora Hinds, Embroidered, France, World War I, 1916",1916,,War & service,1910,
items/2095581,"Postcard - 'To My Dear Sister', Sapper Dave Hinds to his Sister Madge, France, World War I, 1 Feb 1918",1918,,War & service,1910,
items/2095584,"Postcard - 'Happy Christmas', Sapper Dave Hinds to his Sister Lenora, World War I, circa 1916-1918",1916,,War & service,1910,
items/2095589,"Postcard - 'The Star of the Allies', Lyle Hinds to his Sister Lenora, Perham Downs, England, World War I, circa 1916-1918",1916,,War & service,1910,
items/2095591,"Postcard - 'Home Sweet Home', Lyle Hinds to his Sister Leonra, France, World War I, circa 1916-1918",1916,,War & service,1910,
items/2095592,"Postcard - 'A Joyful Christmas', Lyle Hinds to his Mother Jessie, Belgium, World War I, 2 Nov 1916",1916,,War & service,1910,
items/2095593,"Postcard - 'To My Dear Sister', Sapper Dave Hinds to his Sister Lenora, France, World War I, circa 1916-1918",1916,,War & service,1910,
items/2098595,"Postcard - 'We Are Family: 20 Years of MGLC', Melbourne Gay & Lesbian Chorus, 16 Oct 2010",2010,,Other,2010,
items/2098635,"Postcard - 'Dominion Monarch', to Elsie Storie, 1955",1955,,Other,1950,South Africa
items/2098772,"Postcard - Portrait of Elsie Storie, 1918",1918,,Other,1910,Australia
items/2098778,"Postcard - Hotel du Nil & Street Scene, Cairo, Egypt, Otto to Elsie Storie, World War I, circa 1915",1915,,War & service,1910,
items/2100445,"Postcard - Kodak Australasia Pty Ltd Health Imaging, 'The Art of Digital Science, by Kodak', circa 1998",1998,Kodak Heritage Collection,Other,1990,
items/2101898,"Postcard - Eileen Nevin, Manchester to Leech Family, Frankston, Victoria, 17 Aug 1955",1955,,Migration,1950,
items/2101907,"Postcard - Basilica Notre Dame de la Garde, Marseille, Jan 1956",1956,,Migration,1950,
items/2103202,"Postcard - St Francis Xavier Church Interior, Frankston, circa 1955",1954,,Migration,1950,
items/2103203,"Postcard - View From Oliver's Hill, Frankston, circa 1955",1954,,Migration,1950,
items/2103204,"Postcard - St Francis Xavier Church, Frankston, circa 1955",1954,,Migration,1950,
items/2103205,"Postcard - Shopping Centre, Frankston, circa 1955",1954,,Migration,1950,
items/2103207,"Postcard - St Francis Xavier Church, Frankston, circa 1955",1954,,Migration,1950,
items/2103208,"Postcard - St Francis Xavier Church, Frankston, circa 1955",1954,,Migration,1950,
items/2104262,"Postcard - Eastman Kodak Co, Kodak Tower, Rochester, New York, USA, 1987",1987,Kodak Heritage Collection,Other,1980,
items/2104276,"Postcard - Kodak Australasia Pty Ltd, 'The Creation of a Masterpiece: Kodak T-MAT/RA Film', circa 2000",2000,Kodak Heritage Collection,Other,2000,
items/2106522,"Postcard - Kodak Australasia Pty Ltd, Radiography Markets Division, circa 1969",1969,Kodak Heritage Collection,Other,1960,
items/2106523,"Postcard - Kodak Australasia Pty Ltd, Radiography Markets Division, circa 1969",1969,Kodak Heritage Collection,Other,1960,
items/2116859,"Postcard - Grave of Private W. J. Nairn, 26 Mar 1920",1920,,War & service,1920,France
items/2125967,"Postcard - 'Greetings from Codford', Bill Nairn to Sister, World War I, 27 Apr 1918",1918,,War & service,1910,United Kingdom
items/2125969,"Postcard - Portrait, Private William Nairn to Sister, World War I, 3 Feb 1918",1918,,War & service,1910,
items/2125970,"Postcard - 'Constancy', Bill Nairn to Sarah Jackson, World War I, 4 May 1918",1918,,War & service,1910,
items/2125971,"Postcard - 'For Love's Sake', Will (Bill) Nairn to Mother, World War I, 5 May 1918",1918,,War & service,1910,
items/2125972,"Postcard - Portrait of Private William Nairn, Will (Bill) Nairn to Sister, World War I, 1917-1918",1917,,War & service,1910,
items/2125973,"Postcard - Portrait of Private William Nairn, Sent by Eileen Nairn to Sarah Jackson, World War I, Dec 1916",1916,,War & service,1910,
items/2125975,"Postcard - 'Christ dit St Sauve', Bill (William) Nairn to Sister, France, World War I, 1917-1918",1917,,War & service,1910,
items/2125976,"Postcard - 'Tommy at Home in German Dug-outs', Bill Nairn to Brother Ted Nairn, World War I, circa 1918",1918,,War & service,1910,
items/2125978,"Postcard - Group Portrait, Bill Nairn to Sister Sarah Jackson, World War I, 1917-1918",1917,,War & service,1910,United Kingdom
items/2125979,"Postcard - 'Sutton Veny', Bill Nairn to Sister, World War I, 1917-1918",1917,,War & service,1910,
items/2125980,"Postcard - Portrait, Private Bill (William) Nairn to Sister, World War I, 3 Feb 1918",1918,,War & service,1910,
items/2125981,"Postcard - Portrait, Private Bill Nairn, Sent by Eileen & Bill Nairn to Sarah Jackson, World War I, 19 Nov 1916",1916,,War & service,1910,
items/2125983,"Postcard - Group Portrait Aboard the A7, Bill Nairn to Sister, World War I, Dec 1916-Feb 1917",1916,,War & service,1910,
items/2126004,"Postcard - 'Hands Across the Sea', Will Nairn to Mother, World War I, 12 May 1917",1917,,War & service,1910,
items/2126074,"Postcard - 'I am the Bread of Life', Private Will Nairn to Mother, World War I, 26 Mar 1918",1918,,War & service,1910,
items/2126076,"Postcard - Red Robin, Private Will Nairn to Sister, World War I, 23 Aug 1917",1917,,War & service,1910,
items/2126080,"Postcard - 'To My Dear Sister', Embroidered, Private Will Nairn to Sister, World War I, 1 Apr 1917",1917,,War & service,1910,
items/2126083,"Postcard - 'To My Dear Sister', Embroidered, Bill Nairn to Sister, World War I, 10 Apr 1917",1917,,War & service,1910,
items/2126087,"Postcard - 'To My Dear Sister', Embroidered, Private Will Nairn to Sister, France, World War I, 1 Sep 1917",1917,,War & service,1910,
items/2126089,"Postcard - 'France', Embroidered, Harry Shanahan to Mary, World War I, 1916-1918",1916,,War & service,1910,
items/2126097,"Postcard - 'To My Dear Mother', Embroidered, Likely Private Will Nairn to Mother, 1917-1918",1917,,War & service,1910,
items/2126101,"Postcard - Floral, Embroidered, Likely Will (Bill) Nairn to Mother or Sister, 1917-1918",1917,,War & service,1910,
items/2126133,"Postcard - 'Will & Dave', Nairn Brothers, circa 1910-1916",1910,,Other,1910,Australia
items/2126151,"Postcard - Will Nairn to Sister Sarah Jackson, Brisbane, circa 1907",1907,,Other,1900,Australia
items/2126161,"Postcard - Will Nairn to Sister Sarah Jackson, 7 May 1910",1910,,Other,1910,Australia
items/2126166,"Postcard - Jackson & Nairn Families, circa 1911",1911,,Other,1910,Australia
items/2126176,"Postcard - Portrait, Will (Bill) Nairn, circa 1910-1915",1910,,War & service,1910,
items/2126178,"Postcard - Portrait, William (Bill) Nairn, circa 1910-1915",1910,,War & service,1910,
items/2126180,"Postcard - Portrait, Dave (David) Nairn, circa 1910-1915",1910,,Other,1910,Australia
items/2126182,"Postcard - Portrait, Dave (David) Nairn, circa 1910-1915",1910,,Other,1910,
items/2126185,"Postcard - Portrait, Nairn or Jackson Family, circa 1910-1925",1910,,Other,1910,
items/2132880,"Postcard - Church of Saint Bartholomew, Stromboli, Italy, circa 1939",1939,,Migration,1930,
items/2154388,"Postcard - Southern Facade, Exhibition Building, Melbourne, circa 1900",1900,Royal Exhibition Building Collection,Exhibition Building,1900,Australia
items/2162550,"Postcard - Two Australian Servicemen, Park House, Salisbury, England, World War I, 19 Aug 1917",1917,,War & service,1910,United Kingdom
items/2174097,"Postcard - 'The Mansion House, London', Claude Ewart, World War I, 5 Jan 1918",1918,,War & service,1910,
items/2174104,"Postcard - Pearl White Photograph, to Driver Claude Ewart, World War I, 1918",1918,,War & service,1910,
items/2174108,"Postcard - Two Boys, Dannie Sinclair to Claude Ewart, circa 1915-1919",1915,,War & service,1910,
items/2176534,"Postcard - Ocean Liner, MN Aurelia, Jan 1957",1957,,Migration,1950,
items/2176539,"Postcard - Ocean Liner, MN Aurelia, Jan 1957",1957,,Migration,1950,
items/2180498,"Digital Image - Baker & Rouse Pty Ltd, Commemorative Postcard, 'Welcome Home' to JJ & Anna Rouse, Sydney, October 1906",1906,Kodak Heritage Collection,Other,1900,Australia
items/2185666,"Digital Image - Austral Postcard Showing Marjorie, Winifred & Edgar Rouse as Children, 1901-1902",1901,Kodak Heritage Collection,Other,1900,Australia
items/2188896,"Postcard - To Barney from Eva, 'Sweet Memories, Good Luck and Safe Return', Michael Ward Collection, World War I, 30 Nov 1917",1917,Michael Ward World War I Collection,War & service,1910,
items/2225771,"Postcard - Private Albert Edward Kemp, 'To My Mother', Embroidered, 2 Jun 1917",1917,Albert Edward Kemp Mourning Collection,War & service,1910,
items/2299108,"Postcard - Casa de Colon, Las Palmas, Spain, 1959",,,Migration,,
items/2299109,"Postcard - Castle of La Luz and Harbour, Las Palmas, Spain, 1959",,,Migration,,
items/2299110,"Postcard - Cape Town by Night, South Africa, 1959",,,Migration,,
items/2299111,"Postcard - Outward Bound Mail Ship Leaving Cape Town, South Africa, 1959",,,Migration,,
items/2299112,"Postcard - Aerial View of the Cape Peninsula, South Africa, 1959",,,Migration,,
items/2299113,"Postcard - Cape Town, Kaapstad, South Africa, 1959",,,Migration,,
items/2299115,"Postcard - SS Oronsay, Orient Line, 1959",,,Migration,,
items/2299146,"Postcard - SS Oriana, 1968",,,Migration,,
items/2299173,"Postcard - The Post Office and Bourke Street, Melbourne, 1967",,,Migration,,
items/2299175,"Postcard - Swanston Street, City of Melbourne, 1967",,,Migration,,
items/2299176,"Postcard Envelope - Greetings from the Rock, Gibraltar, 1967",,,Migration,,
items/2299177,"Postcard - Valenrock Series, Gibraltar, 1967",,,Migration,,
items/2299178,"Postcard - Pettah Street Scene, Colombo, Ceylon, 1967",,,Migration,,
items/2299180,"Postcard - Colombo Harbour and Jetty, Ceylon, 1967",,,Migration,,
items/2299181,"Postcard - Bullock Cart, Colombo, Ceylon, 1697",,,Migration,,
items/2299182,"Postcard - Sinhalese Lady in a Rickshaw, Colombo, Ceylon, 1967",,,Migration,,
items/2299184,"Postcard - Sunday Fair in Ceylon, Ceylon, 1967",,,Migration,,
items/2299185,"Postcard - Soliman Pasha Square, Cairo, 1967",,,Migration,,
items/2299186,"Postcard - Post Office Bay, Steamer Point, Aden, 1967",,,Migration,,
items/2299187,"Postcard - Queen Victoria's Memorial, Aden, 1967",,,Migration,,
items/2299188,"Postcard - Scene at Sheikh Othman, Aden, 1967",,,Migration,,
items/2299189,"Postcard - Scene at Sheikh Othman, Aden, 1967",,,Migration,,
items/2299190,"Postcard - Port Said Landing Stage, Egypt, 1967",,,Migration,,
items/2299191,"Postcard - Post Office, Port Said, Egypt, 1967",,,Migration,,
items/2299192,"Postcard - Fomad Street, Cairo, Egypt, 1967",,,Migration,,
items/2299193,"Postcard - Prayer Near the Great Sphinx, Egypt, 1967",,,Migration,,
items/2299195,"Postcard - Maritime Station & Vesuvius, Naples, 1967",,,Migration,,
items/2299196,"Postcard - Saluti da Napoli, Naples, 1967",,,Migration,,
items/2299199,"Postcard - Souvenir of Perth, Perth, 1967",,,Migration,,
items/2299200,"Postcard - Forrest Place, Perth, 1967",,,Migration,,
items/2299201,"Postcard - Murray Views No 73, Rundle Street, Adelaide, South Australia, 1967",,,Migration,,
items/2299202,"Postcard - Adelaide Railway Station, Adelaide, South Australia, 1967",,,Migration,,
items/2299203,"Postcard - King William Street, Adelaide, South Australia, 1967",,,Migration,,
items/2299206,"Postcard Envelope - Adelaide & Environs, Adelaide, 1967",,,Migration,,
items/2299208,"Postcard - Station Pier, Port Melbourne, Victoria, 1967",,,Migration,,
items/2299209,"Postcard Envelope - Melbourne, 1967",,,Migration,,
items/2299220,"Postcard - SS Arcadia, 1967",,,Migration,,
items/2299234,"Postcard - Piazza Amedeo, Naples, 1967",,,Migration,,
items/2299235,"Postcard - Piazza Trieste e Trento, Naples, 1967",,,Migration,,
items/2299255,"Postcard Set - Views of Orient Line Oronsay, SS Oronsay, 1959",,,Migration,,
items/2299307,"Postcard - The Town Hall, Colombo, Ceylon, 1967",,,Migration,,
items/2300374,"Postcard - Darcy Vescio, Carlton Football Club, AFL Women's (AFLW) Competition, 2017",2017,,Other,2010,
items/2300376,"Postcard - AFL Women's (AFLW) Competition, Darcy Vescio, Carlton, 2017",2017,,Other,2010,
items/2300377,"Postcard - Emma Swanson, Greater Western Sydney Football Club, AFL Women's (AFLW) Competition, 2017",2017,,Other,2010,
items/2300379,"Postcard - Emma Swanson, Greater Western Sydney Football Club, AFL Women's (AFLW) Competition, 2017",2017,,Other,2010,
items/2402650,"Postcard - Sylvia Boyes To Lindsay Motherwell, London, 1969",1969,,Everyday correspondence,1960,
items/2402726,"Postcard - Sylvia Boyes To Lindsay Motherwell, Cape Town To London, 1969",1969,,Everyday correspondence,1960,
items/244992,"Postcard - MV Fairsea, Genoa, 1957",1957,"John & Barbara Woods, English Assisted Migrants Collection",Migration,1950,
items/247031,"Postcard - Commonwealth, One People, One Empire, One Destiny, Melbourne, 1901",1901,Melbourne Collection,Other,1900,Australia
items/247793,"Postcard - Jakas Soft Toys, Melbourne, 1995-1998",1995,Jakas Toys Collection,Other,1990,
items/2484828,"Postcard - Christian Holy Family, Tansa Eid, Melbourne, 1980s",,,Migration,,
items/2491465,"Postcard - Notre Dame Cathedral, Paris, Mirka Mora circa 1940s",1930,,Migration,1930,
items/2493070,"Postcard - Hans Hukom, Indonesia To Richard & Edith Winnett, Gundagai, New South Wales, 1970",1970,,Migration,1970,
items/2493793,"Postcard - Online Shopping, 'Two Ways To Find Victorian Produce Direct From Local Farmers Right Here In The Neighbourhood', Melbourne Farmers Markets, 2020",,COVID-19 Pandemic Collection 2020,Other,,
items/2493796,"Postcard - Online Shopping, 'Two Ways To Find Victorian Produce Direct From Local Farmers Right Here In The Neighbourhood', Melbourne Farmers Markets, 2020",,COVID-19 Pandemic Collection 2020,Other,,
items/250728,"Postcard - Boat People, Avant Card, 2002",2002,,Migration,2000,
items/250729,"Postcard - Boat People, Avant Card, 2002",2002,,Migration,2000,
items/250738,"Postcard - Show Mercy Australians Welcome Boat People, Avant Card, 2002",2002,,Migration,2000,
items/250739,"Postcard - Show Mercy Australians Welcome Boat People, Avant Card, 2002",2002,,Migration,2000,
items/250740,"Postcard - Refuge Deny Access Deter by Force, Avant Card, 20 Jun 2002",2002,,Migration,2000,
items/250741,"Postcard - Refuge Deny Access Deter by Force, Avant Card, 20 Jun 2002",2002,,Migration,2000,
items/250775,"Postcard - MS Johan Van Oldenbarnevelt, circa 1957",1957,Hungarian Immigration Collection,Migration,1950,
items/252657,"Postcard - Southern Facade, Exhibition Building, Southern Cross Series, Melbourne, circa 1943",1941,Royal Exhibition Building Collection,Exhibition Building,1940,Australia
items/253192,"Postcard - MV Fairsea, Sitmar Line, 1957",1957,,Migration,1950,
items/253423,"Postcard - Jakas Soft Toys, Melbourne, 1995-1998",1995,Jakas Toys Collection,Other,1990,
items/253905,"Postcard - Southern Facade, Exhibition Building, Stile Series, Melbourne, circa 1908",1908,Royal Exhibition Building Collection,Exhibition Building,1900,
items/255193,"Postcard - South West Facade, Exhibition Building, Wide Wide World Series, Melbourne, circa 1905-1906",1905,Royal Exhibition Building Collection,Exhibition Building,1900,Australia
items/255194,"Postcard - 'A Glimpse of the Exhibition Building', Southern Facade & Hochgurtel Fountain, Exhibition Building, Rose Series, Melbourne, circa 1930",1930,Royal Exhibition Building Collection,Exhibition Building,1930,Australia
items/255198,"Postcard - South East Facade, Exhibition Building, JW Lindt, Melbourne, circa 1905",1880,Royal Exhibition Building Collection,Exhibition Building,1880,Australia
items/255202,"Postcard - Exhibition Building & Flags of World War II, Novelty Card Company, Melbourne, circa 1939-1945",1939,Royal Exhibition Building Collection,Exhibition Building,1930,Australia
items/255203,"Postcard - Eastern Facade, Exhibition Building, REM Series, Melbourne, circa 1905",1905,Royal Exhibition Building Collection,Exhibition Building,1900,Australia
items/255205,"Postcard - Southern Facade, Exhibition Building, Gum Leaf Series, Melbourne, circa 1908",1908,Royal Exhibition Building Collection,Exhibition Building,1900,Australia
items/255206,"Postcard - South West Facade, Exhibition Building, VSM Series, Melbourne, circa 1905",1905,Royal Exhibition Building Collection,Exhibition Building,1900,Australia
items/255208,"Postcard - 'A Peep at the Exhibition Building', Southern Facade, Exhibition Building, Melbourne, circa 1905",1905,Royal Exhibition Building Collection,Exhibition Building,1900,Australia
items/255232,"Postcard - South West Facade, Exhibition Building, Melbourne, circa 1908",1908,Royal Exhibition Building Collection,Exhibition Building,1900,Australia
items/255233,"Postcard - South West Facade, Exhibition Building, Melbourne, circa 1902",1902,Royal Exhibition Building Collection,Exhibition Building,1900,Australia
items/255234,"Postcard - South East Facade, Exhibition Building, JW Lindt, Melbourne, circa 1905",1880,Royal Exhibition Building Collection,Exhibition Building,1880,Australia
items/255235,"Postcard - South West Facade, Exhibition Building, Melbourne, circa 1906",1906,Royal Exhibition Building Collection,Exhibition Building,1900,Australia
items/255238,"Postcard - Southern Facade, Exhibition Building, Harding & Billing, Melbourne, circa 1905",1905,Royal Exhibition Building Collection,Exhibition Building,1900,Australia
items/255239,"Postcard - Western Facade & Forecourt, Exhibition Building, Harding & Billing, Melbourne, circa 1905",1905,Royal Exhibition Building Collection,Exhibition Building,1900,Australia
items/255241,"Postcard - South West Facade, Exhibition Building, JS Pty Ltd, Melbourne, circa 1910",1910,Royal Exhibition Building Collection,Exhibition Building,1910,Australia
items/255243,"Postcard - Southern Facade, Exhibition Building, REM Series, Melbourne, circa 1905",1905,Royal Exhibition Building Collection,Exhibition Building,1900,Australia
items/255244,"Postcard - Southern Facade, Exhibition Building, Rose Series, Melbourne, circa 1950s",1950,Royal Exhibition Building Collection,Exhibition Building,1950,Australia
items/255245,"Postcard - South West Facade, Exhibition Building, Valentine's Series, Melbourne, post 1902",1902,Royal Exhibition Building Collection,Exhibition Building,1900,Australia
items/255247,"Postcard - Southern Facade, Exhibition Building, Marlborough Art Series, Melbourne, circa 1905",1905,Royal Exhibition Building Collection,Exhibition Building,1900,Australia
items/255248,"Postcard - Southern Facade, 'Exhibition Buildings, Melbourne, Australia', circa 1904",1905,Royal Exhibition Building Collection,Exhibition Building,1900,Australia
items/255249,"Postcard - Southern Facade, Exhibition Building, Melbourne, circa 1905",1905,Royal Exhibition Building Collection,Exhibition Building,1900,
items/255250,"Postcard - Southern Facade, Exhibition Building, Melbourne, pre 1905",1905,Royal Exhibition Building Collection,Exhibition Building,1900,Australia
items/255252,"Postcard - South West Facade, Exhibition Building, Melbourne, circa 1905",1905,Royal Exhibition Building Collection,Exhibition Building,1900,Australia
items/255253,"Postcard - Southern Facade, Exhibition Building, Melbourne, circa 1920",1920,Royal Exhibition Building Collection,Exhibition Building,1920,Australia
items/255254,"Postcard - Eastern Facade, Exhibition Building, Melbourne, circa 1910",1910,Royal Exhibition Building Collection,Exhibition Building,1910,Australia
items/255255,"Postcard - Southern Facade, Exhibition Building, Melbourne, post 1905",1905,Royal Exhibition Building Collection,Exhibition Building,1900,Australia
items/255256,"Postcard - Southern Facade, Exhibition Building, Melbourne, circa 1906",1906,Royal Exhibition Building Collection,Exhibition Building,1900,Australia
items/255257,"Postcard - South East Facade, Exhibition Building, JW Lindt, Melbourne, circa 1905",1880,Royal Exhibition Building Collection,Exhibition Building,1880,Australia
items/255259,"Postcard - South West Facade, Exhibition Building, Melbourne, circa 1908",1908,Royal Exhibition Building Collection,Exhibition Building,1900,Australia
items/255260,"Postcard - South West Facade, Exhibition Building, VSM Series, Melbourne, circa 1905",1905,Royal Exhibition Building Collection,Exhibition Building,1900,Australia
items/255262,"Postcard - Southern Facade, Exhibition Building, Kookaburra Series, Melbourne, circa 1910",1910,Royal Exhibition Building Collection,Exhibition Building,1910,Australia
items/255263,"Postcard - Southern Facade, Exhibition Building, Australian Youth Series, Melbourne, post 1905",1880,Royal Exhibition Building Collection,Exhibition Building,1880,Australia
items/255264,"Postcard - South West Facade, Exhibition Building, Cole's Sunny Australia Series, Melbourne, 1905",1905,Royal Exhibition Building Collection; Cole's Book Arcade Collection,Exhibition Building,1900,Australia
items/255265,"Postcard - Southern Facade, Exhibition Building, Melbourne, post 1905",1880,Royal Exhibition Building Collection,Exhibition Building,1880,Australia
items/255266,"Postcard - Southern Facade, Exhibition Building, Melbourne, circa 1905",1905,Royal Exhibition Building Collection,Exhibition Building,1900,Australia
items/255267,"Postcard - South West Facade, Exhibition Building, AGJ, Melbourne, circa 1910",1910,Royal Exhibition Building Collection,Exhibition Building,1910,Australia
items/255268,"Postcard - South East Facade, Exhibition Building, JW Lindt, Melbourne, circa 1905",1880,Royal Exhibition Building Collection,Exhibition Building,1880,Australia
items/255269,"Postcard - Olympics for Melbourne, Royal Exhibition Building, Melbourne, 1990",1990,Royal Exhibition Building Collection,Other,1990,Australia
items/255270,"Postcard - South West Facade, Exhibition Building, Melbourne Series, Melbourne, circa 1920",1920,Royal Exhibition Building Collection,Exhibition Building,1920,Australia
items/255271,"Postcard - Dome & Southern Facade, Royal Exhibition Building, Biscay Greetings, Melbourne, post 1971",1971,Royal Exhibition Building Collection,Exhibition Building,1970,Australia
items/255272,"Postcard - Southern Facade & Hochgurtel Fountain, Exhibition Building, Colour Tech Productions, Melbourne, circa 1990",1990,Royal Exhibition Building Collection,Exhibition Building,1990,Australia
items/255273,"Postcard - 'Souvenir from Australia', Exhibition Building & Botanical Gardens, E Whitehead & Co, Melbourne, circa 1900",1900,Royal Exhibition Building Collection,Exhibition Building,1900,Australia
items/255274,"Postcard - Southern Facade, Exhibition Building, Harding & Billing, Melbourne, circa 1904",1904,Royal Exhibition Building Collection,Exhibition Building,1900,Australia
items/255275,"Postcard - Southern Facade, Exhibition Building, Harding & Billing, Melbourne, circa 1910",1910,Royal Exhibition Building Collection,Exhibition Building,1910,Australia
items/255276,"Postcard - Exhibition Building, Honey Clarke, Melbourne, 1980",1980,Royal Exhibition Building Collection,Exhibition Building,1980,Australia
items/255277,"Postcard - South East Facade, Royal Exhibition Building, Melbourne, circa 1980s",1980,Royal Exhibition Building Collection,Exhibition Building,1980,
items/255278,"Postcard - Southern Facade, Exhibition Building, Nucolorvue Productions, Melbourne, 1947-1955",1947,Royal Exhibition Building Collection,Exhibition Building,1940,Australia
items/255279,"Postcard - Royal Exhibition Building & Views of Melbourne, Nucolorvue Productions, Melbourne, circa 1990",1990,Royal Exhibition Building Collection,Exhibition Building,1990,Australia
items/255280,"Postcard - 'A Glimpse of the Exhibition Building', Southern Facade & Hochgurtel Fountain, Exhibition Building, Rose Series, Melbourne, circa 1930",1930,Royal Exhibition Building Collection,Exhibition Building,1930,Australia
items/255281,"Postcard - South West Facade, Exhibition Building, Rose Series, Melbourne, circa 1930",1930,Royal Exhibition Building Collection,Exhibition Building,1930,Australia
items/255282,"Postcard - Southern Facade, Exhibition Building, Rose Series, Melbourne, circa 1943",1943,Royal Exhibition Building Collection,Exhibition Building,1940,Australia
items/255283,"Postcard - 'A Glimpse of the Exhibition Building', Southern Facade & Hochgurtel Fountain, Exhibition Building, Rose Series, Melbourne, circa 1930",1930,Royal Exhibition Building Collection,Exhibition Building,1930,Australia
items/255284,"Postcard - South West Facade, Exhibition Building, Rose Series, Melbourne, circa 1930",1930,Royal Exhibition Building Collection,Exhibition Building,1930,Australia
items/255285,"Postcard - Southern Facade, Exhibition Building, Rose Series, Melbourne, circa 1950s",1950,Royal Exhibition Building Collection,Exhibition Building,1950,Australia
items/255286,"Postcard - Southern Facade, Exhibition Building, Valentine & Sons, Melbourne, circa 1905",1905,Royal Exhibition Building Collection,Exhibition Building,1900,Australia
items/255287,"Postcard - Southern Facade, Exhibition Building, Valentine & Sons, Melbourne, circa 1905",1905,Royal Exhibition Building Collection,Exhibition Building,1900,Australia
items/255288,"Postcard - Southern Facade, Exhibition Building, Valentine's Series, Melbourne, circa 1905",1905,Royal Exhibition Building Collection,Exhibition Building,1900,Australia
items/255290,"Postcard - Lake & Gardens, Exhibition Building, Valentine & Sons, Melbourne, circa 1905",1905,Royal Exhibition Building Collection,Exhibition Building,1900,Australia
items/255291,"Postcard - Southern Facade, Exhibition Building, Valentine's Series, Melbourne, circa 1905",1905,Royal Exhibition Building Collection,Exhibition Building,1900,Australia
items/255292,"Postcard - Eastern Facade & Forecourt, Exhibition Building, Valentine & Sons, Melbourne, circa 1915",1915,Royal Exhibition Building Collection,Exhibition Building,1910,Australia
items/255293,"Postcard - Southern Facade, Exhibition Building, Valentine & Sons, Melbourne, circa 1905",1905,Royal Exhibition Building Collection,Exhibition Building,1900,Australia
items/255294,"Postcard - South West Facade, Exhibition Building, Victoria Stamp Market, Melbourne, circa 1905",1903,Royal Exhibition Building Collection,Exhibition Building,1900,Australia
items/255295,"Postcard - South West Facade, Exhibition Building, Victoria Stamp Market, Melbourne, circa 1905",1905,Royal Exhibition Building Collection,Exhibition Building,1900,Australia
items/255296,"Postcard - Southern Facade & Hochgurtel Fountain, Exhibition Building, VSM Series, Melbourne, circa 1906",1906,Royal Exhibition Building Collection,Exhibition Building,1900,
items/255297,"Postcard - South West Facade, Exhibition Building, VSM Series, Melbourne, circa 1905",1905,Royal Exhibition Building Collection,Exhibition Building,1900,Australia
items/255298,"Postcard - South West Facade, Exhibition Building, VSM Series, Melbourne, circa 1905",1905,Royal Exhibition Building Collection,Exhibition Building,1900,Australia
items/255299,"Postcard - South West Facade, Exhibition Building, VSM Series, Melbourne, circa 1905",1905,Royal Exhibition Building Collection,Exhibition Building,1900,Australia
items/255300,"Postcard - Sketch of the Royal Exhibition Building & Centenary Celebrations, Honey Clarke, Melbourne, 1980",1980,Royal Exhibition Building Collection,Exhibition Building,1980,Australia
items/255302,"Postcard - South West Facade, Exhibition Building, Melbourne, 1904",1904,Royal Exhibition Building Collection,Exhibition Building,1900,Australia
items/255303,"Postcard - Southern Facade, Exhibition Building, Sunny South Series, Melbourne, circa 1906",1906,Royal Exhibition Building Collection,Exhibition Building,1900,Australia
items/255304,"Postcard - South West Facade, Exhibition Building, Melbourne, circa 1908",1908,Royal Exhibition Building Collection,Exhibition Building,1900,Australia
items/255305,"Postcard - South East Facade, Exhibition Building, Melbourne, circa 1910",1910,Royal Exhibition Building Collection,Exhibition Building,1910,Australia
items/255306,"Postcard - Southern Facade, Exhibition Building, Melbourne, 1900-1905",1900,Royal Exhibition Building Collection,Exhibition Building,1900,Australia
items/255307,"Postcard - Eastern Forecourt & French Fountain, Exhibition Building, Melbourne, circa 1909",1905,Royal Exhibition Building Collection,Exhibition Building,1900,Australia
items/255308,"Postcard - Carlton Gardens & Exhibition Building, Melbourne, circa 1907",1907,Royal Exhibition Building Collection,Exhibition Building,1900,Australia
items/255309,"Postcard - South West Facade, Exhibition Building, Melbourne, 1904",1904,Royal Exhibition Building Collection,Exhibition Building,1900,Australia
items/255310,"Postcard - South West Facade, Exhibition Building, Melbourne, 1904",1904,Royal Exhibition Building Collection,Exhibition Building,1900,Australia
items/255311,"Postcard - South West Facade, Exhibition Building, Melbourne, 1904",1904,Royal Exhibition Building Collection,Exhibition Building,1900,Australia
items/255312,"Postcard - South West Facade, Exhibition Building, Melbourne, circa 1905",1905,Royal Exhibition Building Collection,Exhibition Building,1900,Australia
items/255313,"Postcard - South West Facade, Exhibition Building, Melbourne, circa 1908",1908,Royal Exhibition Building Collection,Exhibition Building,1900,Australia
items/255314,"Postcard - South West Facade, Exhibition Building, Melbourne, pre 1905",1905,Royal Exhibition Building Collection,Exhibition Building,1900,Australia
items/255316,"Postcard - South West Facade, Exhibition Building, Melbourne, 1906",1906,Royal Exhibition Building Collection,Exhibition Building,1900,Australia
items/255317,"Postcard - The Sun Dial, Exhibition Building, Melbourne, circa 1908",1908,Royal Exhibition Building Collection,Exhibition Building,1900,Australia
items/255318,"Postcard - Eastern Facade, Exhibition Building, Melbourne, circa 1908",1908,Royal Exhibition Building Collection,Exhibition Building,1900,Australia
items/255319,"Postcard - Southern Facade, Exhibition Building, VSM Series, Melbourne, circa 1907",1907,Royal Exhibition Building Collection,Exhibition Building,1900,Australia
items/255320,"Postcard - South West Facade, Exhibition Building, Melbourne Series, Melbourne, circa 1920",1920,Royal Exhibition Building Collection,Exhibition Building,1920,Australia
items/255321,"Postcard - Southern Facade, Exhibition Building, Harding & Billing, Melbourne, circa 1910",1910,Royal Exhibition Building Collection,Exhibition Building,1910,Australia
items/255322,"Postcard - Southern Facade, Exhibition Building, J Beagles, Melbourne, circa 1911",1911,Royal Exhibition Building Collection,Exhibition Building,1910,Australia
items/255323,"Postcard - South West Facade, Exhibition Building, Marlborough Art Company, Melbourne, 1913",1913,Royal Exhibition Building Collection,Exhibition Building,1910,Australia
items/255324,"Postcard - South West Facade, Exhibition Building, Robert Jolley, Melbourne, post 1905",1905,Royal Exhibition Building Collection,Exhibition Building,1900,Australia
items/255325,"Postcard - Southern Facade, Exhibition Building, Robert Jolley, Melbourne, 1904",1904,Royal Exhibition Building Collection,Exhibition Building,1900,Australia
items/255326,"Postcard - Dome & Southern Facade, Exhibition Building, Standard Post Card Co, Melbourne, circa 1907",1907,Royal Exhibition Building Collection,Exhibition Building,1900,Australia
items/255327,"Postcard - Southern Facade, Exhibition Building, Valentine's Series, Melbourne, circa 1905",1905,Royal Exhibition Building Collection,Exhibition Building,1900,Australia
items/255328,"Postcard - Southern Facade & Hochgurtel Fountain, Exhibition Building, VSM Series, Melbourne, circa 1906",1906,Royal Exhibition Building Collection,Exhibition Building,1900,Australia
items/255329,"Postcard - South West Facade, Exhibition Building, VSM Series, Melbourne, circa 1906",1906,Royal Exhibition Building Collection,Exhibition Building,1900,Australia
items/255330,"Postcard - South West Facade, Exhibition Building, VSM Series, Melbourne, circa 1905",1905,Royal Exhibition Building Collection,Exhibition Building,1900,Australia
items/255331,"Postcard - Southern Facade, Exhibition Building, VSM Series, Melbourne, circa 1914",1914,Royal Exhibition Building Collection,Exhibition Building,1910,Australia
items/255332,"Postcard - South West Facade & Hochgurtel Fountain, Exhibition Building, WT Pater, Melbourne, circa 1909",1909,Royal Exhibition Building Collection,Exhibition Building,1900,Australia
items/255333,"Postcard - Southern Facade, Exhibition Building, Wannenmacher, Melbourne, circa 1898",1898,Royal Exhibition Building Collection,Exhibition Building,1890,Australia
items/255334,"Postcard - 'Souvenir of the ANA Exhibition', Exhibition Building, Calvert Engineering Company, Melbourne, 1907",1907,Royal Exhibition Building Collection,Exhibition Building,1900,Australia
items/255335,"Postcard - South East Facade, Exhibition Building, Melbourne, Premier Cards, 1970s",1880,Royal Exhibition Building Collection,Exhibition Building,1880,Australia
items/255336,"Postcard Folder - South West Facade, Exhibition Building, Melbourne, circa 1900",1900,Royal Exhibition Building Collection,Exhibition Building,1900,Australia
items/255337,"Postcard - 'Historic Melbourne', Australian Souvenirs & Marketing, Melbourne, 2003",2003,Royal Exhibition Building Collection,Exhibition Building,2000,Australia
items/255338,"Postcard - Royal Exhibition Building & Views of Melbourne, Biscay Greetings, Melbourne, circa 1990",1990,Royal Exhibition Building Collection,Exhibition Building,1990,Australia
items/255339,"Postcard - Royal Exhibition Building & Views of Melbourne, Biscay Greetings, Melbourne, circa 1990",1990,Royal Exhibition Building Collection,Exhibition Building,1990,Australia
items/255340,"Postcard - Southern Facade, Exhibition Building, Melbourne, circa 1910",1910,Royal Exhibition Building Collection,Exhibition Building,1910,Australia
items/255341,"Postcard - Southern Entrance, Exhibition Building, Rose Series, Melbourne, circa 1940",1940,Royal Exhibition Building Collection,Exhibition Building,1940,Australia
items/255342,"Postcard - South West Facade, Exhibition Building, WH Cooper, Melbourne, circa 1911",1911,Royal Exhibition Building Collection,Exhibition Building,1910,Australia
items/255347,"Postcard - Opening of Federal Parliament, 1902",1901,Royal Exhibition Building Collection,Other,1900,Australia
items/255348,"Postcard - South West Facade, Exhibition Building, VSM Series, Melbourne, circa 1905",1905,Royal Exhibition Building Collection,Exhibition Building,1900,Australia
items/255349,"Postcard - South West Facade, Exhibition Building, VSM Series, Melbourne, circa 1905",1905,Royal Exhibition Building Collection,Exhibition Building,1900,Australia
items/255350,"Postcard - South West Facade, Exhibition Building, Melbourne, circa 1905",1905,Royal Exhibition Building Collection,Exhibition Building,1900,Australia
items/255351,"Postcard - Southern Facade, Exhibition Building, Harding & Billing, Melbourne, circa 1905",1905,Royal Exhibition Building Collection,Exhibition Building,1900,Australia
items/255352,"Postcard - Southern Facade, Exhibition Building, Marlborough Art Series, Melbourne, circa 1905",1905,Royal Exhibition Building Collection,Exhibition Building,1900,Australia
items/255354,"Postcard - Southern Facade & Aquarium, Exhibition Building, Melbourne, 1900",1900,Royal Exhibition Building Collection,Exhibition Building,1900,Australia
items/255355,"Postcard - The Flower Beds, Exhibition Gardens, Melbourne, circa 1905",1905,Royal Exhibition Building Collection,Exhibition Building,1900,Australia
items/255356,"Postcard - 'A Peep at the Exhibition Building', Southern Facade, Exhibition Building, Melbourne, circa 1905",1905,Royal Exhibition Building Collection,Exhibition Building,1900,Australia
items/255357,"Postcard - Greetings from Melbourne & Exhibition Building, Melbourne, circa 1906",1906,Royal Exhibition Building Collection,Exhibition Building,1900,Australia
items/255358,"Postcard - 'A Peep at the Exhibition Building', Southern Facade, Exhibition Building, Melbourne, circa 1905",1905,Royal Exhibition Building Collection,Exhibition Building,1900,Australia
items/255359,"Postcard - Monument to Sir William Clarke, Treasury Gardens, Melbourne, 1907",1907,Royal Exhibition Building Collection,Exhibition Building,1900,
items/255361,"Postcard - Southern Facade, Exhibition Building, Robert Jolley, Melbourne, circa 1905",1904,Royal Exhibition Building Collection,Exhibition Building,1900,Australia
items/255362,"Postcard - Southern Facade, Exhibition Building, Robert Jolley, Melbourne, 1904",1900,Royal Exhibition Building Collection,Exhibition Building,1900,Australia
items/255363,"Postcard - Eastern Facade & Forecourt, Exhibition Building, Valentine & Sons, Melbourne, circa 1915",1915,Royal Exhibition Building Collection,Exhibition Building,1910,Australia
items/255364,"Postcard - South West Facade, Exhibition Building, Valentine's Series, Melbourne, 1908",1908,Royal Exhibition Building Collection,Exhibition Building,1900,Australia
items/255365,"Postcard - Exhibition Building & General Post Office, Ward, Lock & Co, Melbourne, circa 1910",1910,Royal Exhibition Building Collection,Exhibition Building,1910,Australia
items/255366,"Postcard - South West Facade, Exhibition Building, Melbourne, circa 1906",1905,Royal Exhibition Building Collection,Exhibition Building,1900,Australia
items/255367,"Postcard - South West Facade, Exhibition Building, Melbourne, circa 1906",1906,Royal Exhibition Building Collection,Exhibition Building,1900,Australia
items/255368,"Postcard - South West Facade, Exhibition Building, Melbourne, circa 1905",1905,Royal Exhibition Building Collection,Exhibition Building,1900,Australia
items/255369,"Postcard - South West Facade, Exhibition Building, Melbourne, circa 1906",1905,Royal Exhibition Building Collection,Exhibition Building,1900,Australia
items/255370,"Postcard - South West Facade, Exhibition Building, Melbourne, circa 1906",1906,Royal Exhibition Building Collection,Exhibition Building,1900,Australia
items/255371,"Postcard - Southern Facade, Exhibition Building, Melbourne, post 1905",1880,Royal Exhibition Building Collection,Exhibition Building,1880,Australia
items/255372,"Postcard - South West Facade, Exhibition Building, VSM Series, Melbourne, circa 1905",1905,Royal Exhibition Building Collection,Exhibition Building,1900,Australia
items/255373,"Postcard - Southern Facade, Exhibition Building, Melbourne, circa 1910",1910,Royal Exhibition Building Collection,Exhibition Building,1910,Australia
items/255374,"Postcard - Southern Facade, Exhibition Building, Marlborough Art Series, Melbourne, circa 1905",1905,Royal Exhibition Building Collection,Exhibition Building,1900,Australia
items/255375,"Postcard - South West Facade, Exhibition Building, Melbourne, pre 1905",1905,Royal Exhibition Building Collection,Exhibition Building,1900,Australia
items/255376,"Postcard - South West Facade, Exhibition Building, Cole's Sunny Australia Series, Melbourne, 1905",1905,Royal Exhibition Building Collection; Cole's Book Arcade Collection,Exhibition Building,1900,Australia
items/255377,"Postcard - Southern Facade, Exhibition Building, Harding & Billing, Melbourne, circa 1909",1909,Royal Exhibition Building Collection,Exhibition Building,1900,Australia
items/255378,"Postcard - Southern Facade, Exhibition Building, Harding & Billing, Melbourne, circa 1905",1905,Royal Exhibition Building Collection,Exhibition Building,1900,
items/255379,"Postcard - Southern Facade, Exhibition Building, Harding & Billing, Melbourne, circa 1909",1909,Royal Exhibition Building Collection,Exhibition Building,1900,Australia
items/255380,"Postcard - South West Facade, Exhibition Building, Marlborough Art Series, Melbourne, circa 1910",1910,Royal Exhibition Building Collection,Exhibition Building,1910,Australia
items/255381,"Postcard - Eastern Facade, Exhibition Building, REM Series, Melbourne, circa 1914",1914,Royal Exhibition Building Collection,Exhibition Building,1910,Australia
items/255382,"Postcard - Southern Facade, Exhibition Building, Robert Jolley, Melbourne, post 1905",1905,Royal Exhibition Building Collection,Exhibition Building,1900,Australia
items/255383,"Postcard - South West Facade, Exhibition Building, Valentine's Series, Melbourne, circa 1908",1908,Royal Exhibition Building Collection,Exhibition Building,1900,Australia
items/255384,"Postcard - Southern Facade, Exhibition Building, VSM Series, Melbourne, circa 1908",1879,Royal Exhibition Building Collection,Exhibition Building,1870,Australia
items/255385,"Postcard - South West Facade, Exhibition Building, Victoria Stamp Market, Melbourne, circa 1905",1905,Royal Exhibition Building Collection,Exhibition Building,1900,Australia
items/255386,"Postcard - 'A Joyous Christmas', Exhibition Building & Carlton Gardens, WT Pater, Melbourne, circa 1909",1909,Royal Exhibition Building Collection,Exhibition Building,1900,Australia
items/255387,"Postcard - Town Hall & Exhibition Building, WT Pater, Melbourne, 1908",1908,Royal Exhibition Building Collection,Exhibition Building,1900,Australia
items/255388,"Postcard - Town Hall & Exhibition Building, WT Pater, Melbourne, 1908",1908,Royal Exhibition Building Collection,Exhibition Building,1900,Australia
items/255389,"Postcard - Southern Facade, Exhibition Building, Valentine's Series, Melbourne, circa 1909",1909,Royal Exhibition Building Collection,Exhibition Building,1900,Australia
items/255390,"Postcard - Southern Facade, Exhibition Building, Stile Series, Melbourne, circa 1908",1908,Royal Exhibition Building Collection,Exhibition Building,1900,Australia
items/255391,"Postcard - 'Advance Australia', Carlton Gardens, EW Cole Book Arcade, Melbourne, 1917",1917,Royal Exhibition Building Collection; Cole's Book Arcade Collection,Exhibition Building,1910,Australia
items/255392,"Postcard - Exhibition Building & Views of Melbourne, Galleon Press, Melbourne, circa 1905",1905,Royal Exhibition Building Collection,Exhibition Building,1900,Australia
items/255393,"Postcard - Exhibition Building & Views of Melbourne, Valentine's Series, Melbourne, circa 1915",1915,Royal Exhibition Building Collection,Exhibition Building,1910,Australia
items/255395,"Postcard - World's Fair New York, 1964-1965",1963,Royal Exhibition Building Collection,Exhibition Building,1960,
items/255398,"Postcard - Eastern Facade & Forecourt, Exhibition Building, Valentine & Sons, Melbourne, circa 1915",1915,Royal Exhibition Building Collection,Exhibition Building,1910,Australia
items/255399,"Postcard - Southern Facade, Exhibition Building, Valentine & Sons, Melbourne, circa 1902",1902,Royal Exhibition Building Collection,Exhibition Building,1900,Australia
items/255400,"Postcard - Eastern Facade & Forecourt, Exhibition Building, Valentine & Sons, Melbourne, circa 1910",1910,Royal Exhibition Building Collection,Exhibition Building,1910,Australia
items/255407,"Postcard - Royal Exhibition Building, Gardens & Views of Melbourne, Nucolorvue, Melbourne, circa 1984",1984,Royal Exhibition Building Collection,Exhibition Building,1980,Australia
items/255409,"Postcard - Royal Exhibition Building & Views of Melbourne, Scancolor Australia, Melbourne, circa 1992",1992,Royal Exhibition Building Collection,Exhibition Building,1990,Australia
items/255410,"Postcard - Royal Exhibition Building & Views of Melbourne, Nucolorvue Productions, Melbourne, circa 1990",1990,Royal Exhibition Building Collection,Exhibition Building,1990,Australia
items/255411,"Postcard - 'Advance Australia', Carlton Gardens, Melbourne, circa 1905-1914",1905,Royal Exhibition Building Collection,Exhibition Building,1900,Australia
items/255439,"Postcard - South West Facade, Exhibition Building, Melbourne, circa 1905",1905,Royal Exhibition Building Collection,Exhibition Building,1900,Australia
items/255440,"Postcard - South West Facade, Exhibition Building, Melbourne, 1905",1905,Royal Exhibition Building Collection,Exhibition Building,1900,Australia
items/255441,"Postcard - South West Facade, Exhibition Building, Melbourne, 1908",1908,Royal Exhibition Building Collection,Exhibition Building,1900,Australia
items/255442,"Postcard - South West Facade, Exhibition Building, Wide Wide World Series, Melbourne, 1905",1905,Royal Exhibition Building Collection,Exhibition Building,1900,Australia
items/255443,"Postcard - South West Facade, Exhibition Building, Rose Series, Melbourne, circa 1930",1930,Royal Exhibition Building Collection,Exhibition Building,1930,Australia
items/255455,"Postcard - Hochgurtel Fountain, Carlton Gardens, WT Pater, Melbourne, circa 1907",1907,Royal Exhibition Building Collection,Exhibition Building,1900,Australia
items/255502,"Postcard - James Bond (Timothy Dalton) with Aston Martin Car, 1987",1987,Royal Exhibition Building Collection,Exhibition Building,1980,
items/255509,"Postcard - 'Advance Australia', Carlton Gardens, Melbourne, circa 1917",1917,Royal Exhibition Building Collection,Exhibition Building,1910,Australia
items/255554,"Postcard - Southern Facade, Exhibition Building, Rembrandt Series, Melbourne, circa 1910",1910,Royal Exhibition Building Collection,Exhibition Building,1910,Australia
items/2623561,"Postcard - New Year, To Setsutaro Hasegawa From Okarno, 2 Dec 1905",1905,,Everyday correspondence,1900,
items/263217,"Postcard - Carabinieri & Lancer, circa 1990s",1906,,Migration,1900,
items/263218,"Postcard - Carabinieri on patrol, circa 1990s",1888,,Migration,1880,
items/263219,"Postcard - Carabinieri on watch, circa 1990s",1899,,Migration,1890,
items/263220,"Postcard - Carabinieri riding in Maremma, circa 1990s",1890,,Migration,1890,
items/263221,"Postcard - Carabiniere and laundresses, circa 1990s",1880,,Migration,1880,
items/263222,"Postcard - Carabinieri and boys, circa 1990s",1900,,Migration,1900,
items/263223,"Postcard - The arrest, circa 1990s",1890,,Migration,1890,
items/263224,"Postcard - Return to barracks, circa 1990s",1886,,Migration,1880,
items/263225,"Postcard - Review at Campo di Marte , circa 1990s",1885,,Migration,1880,
items/263226,"Cardboard Folder - Postcards, Carabinieri by Giovanni Fattori, circa 1990",1876,,Migration,1870,
items/263227,"Postcard - Races, circa 1990s",1990,,Migration,1990,
items/263228,"Postcard - Carabiniere on a Horse, circa 1990s",1890,,Migration,1890,
items/263229,"Postcard - Carabiniere on patrol, circa 1990s",1890,,Migration,1890,
items/263230,"Postcard - Carabiniere on patrol, circa 1990s",1900,,Migration,1900,
items/263231,"Postcard - Carabiniere in a snowy street, circa 1990s",1890,,Migration,1890,
items/263232,"Postcard - Carabiniere on patrol, circa 1990s",1880,,Migration,1880,
items/263233,"Postcard - Carabiniere in a Horse Race, circa 1990s",1887,,Migration,1880,
items/263234,"Postcard - The Robber Tied, circa 1990s",1895,,Migration,1890,
items/263235,"Postcard - Busy Street, circa 1990s",1875,,Migration,1870,
items/263261,"Postcard - 'Afghan Camel Rider, South Australia', South Australia, 1900-1920",1900,,Other,1900,
items/263703,"Postcard - Nu-Colour-Vue, Phar Lap on Display at Museum Victoria, 1986",1986,Phar Lap Collection; Museum History Collection,Other,1980,
items/263850,"Postcard - 'Bourke Street on 8 Hours Day', 1919-1930",1919,,Other,1910,Australia
items/264974,"Postcard - Chandris Lines, RHMS Ellinis, circa 1960s-1970s",1960,,Migration,1960,
items/277372,"Postcard - Opening of First Federal Parliament, Royal Exhibition Building, Nucolorvue Productions, Melbourne, 1990",1901,Royal Exhibition Building Collection,Exhibition Building,1900,Australia
items/277373,"Postcard - Opening of First Federal Parliament, Royal Exhibition Building, Nucolorvue Productions, Melbourne, 1990",1901,Royal Exhibition Building Collection,Exhibition Building,1900,Australia
items/287064,"Postcard - Letho Sigalas to Lili Vrahamis, Cairo, 29 Aug 1921",1921,,Migration,1920,
items/287496,"Postcards - Guglielmo Marconi, Lloyd Triestino Line, circa 1960s",1960,John McKay Ship Brochures Collection,Other,1960,
items/287498,"Postcards - Guglielmo Marconi, Lloyd Triestino Line, circa 1960s",1960,John McKay Ship Brochures Collection,Other,1960,
items/287510,"Postcard - S.S. Southern Cross, Shaw Savill Line, circa 1960s",1960,John McKay Ship Brochures Collection,Other,1960,
items/287794,"Postcard - Mariposa Liner, Matson Line, 1939",1939,,Other,1930,
items/287795,"Postcard - Kotsos Vrahamis to Lili Vrahamis, Asia Minor, 20 Nov 1921",1921,,Migration,1920,
items/287815,"Postcard - Lili Vrahamis to Letho Sigalas, Greece, 1921",1921,,Migration,1920,
items/368829,"Postcard - 'Les Auteurs et les Principaux Collaborateurs', Pantheon de la Guerre, French, World War I, 1918",1918,Military Memorabilia Collection,War & service,1910,
items/374393,"Postcard - S.S. Omrah, Orient-Royal Mail Line, Gibralter, 1899-1918",1899,Gerald & Lorna Dee Collection,Other,1890,
items/374422,"Postcard - RMS Lusitania, Hugo Long & Co, Liverpool, circa 1910",1910,Gerald & Lorna Dee Collection,Other,1910,
items/376402,"Postcard - Lieutenant Townley to Freda, Depicting 'Old Bill', France, World War I, 15 Nov 1918",1918,Military Memorabilia Collection; Townley Collection; Returned and Services League (RSL) Collection,War & service,1910,
items/376520,"Postcard - Man & Girl Looking at Moving Images with a Praxinoscope Theatre, circa 1879",1879,Francis Collection,Other,1870,
items/379354,"Postcard - La Lorraine, Le Havre, Private John Peile to Mother, World War I, 2 Aug 1917",1917,Returned and Services League (RSL) Collection,War & service,1910,
items/379355,"Postcard - 'Runic Leaving Cape Town', Private John 'Jack' Peile to Siblings, World War I, Aug 1915",1914,Returned and Services League (RSL) Collection,War & service,1910,
items/379356,"Postcard - HMAT Runic, Private John Peile to Mother, World War I, Aug-Sep 1915",1914,Returned and Services League (RSL) Collection,War & service,1910,
items/379357,"Postcard - Montevideo, Australian Camp, Weymouth, England, Private John Peile to Parents, World War I, 1915-1918",1914,Returned and Services League (RSL) Collection,War & service,1910,United Kingdom
items/379358,"Postcard - Private Albert Peile to Mother, 3rd London General Hospital, London, England, 28 Sep 1915",1915,Returned and Services League (RSL) Collection,War & service,1910,
items/379359,"Postcard - 'Le Boulevard de Strasbourg', Le Havre, France, Corporal John Peile to Mother, 20 Oct 1917",1914,Returned and Services League (RSL) Collection,War & service,1910,France
items/379360,"Postcard - 'Le Place Gambetta et le Theatre', Le Havre, France, Probably Private John Peile to Sister, 25 May 1917",1914,Returned and Services League (RSL) Collection,War & service,1910,France
items/379363,"Postcard - 'Greetings to My Dear Mother', Private John Peile to Mother, World War I, 1916-1918",1916,Returned and Services League (RSL) Collection,War & service,1910,
items/379364,"Postcard - 'Portway, Warminster', England, Corporal John Peile to Parents, 11 Jun 1918",1914,Returned and Services League (RSL) Collection,War & service,1910,United Kingdom
items/379365,"Postcard - Church Stretton, Shropshire, England, Corporal John Peile to Sister Flo Peile, World War I, 3 Jan 1918",1914,Returned and Services League (RSL) Collection,War & service,1910,United Kingdom
items/379366,"Postcard - Batch Valley, Little Stretton, Shropshire, England, Corporal John Peile to Sister, World War I, 3 Jan 1918",1914,Returned and Services League (RSL) Collection,War & service,1910,United Kingdom
items/379367,"Postcard - Hotel, Church Stretton, Little Stretton, Shropshire, England, Peile Brothers, World War I, 1916-1918",1916,Returned and Services League (RSL) Collection,War & service,1910,United Kingdom
items/379370,"Postcard - Chesil Beach, Portland, Dorset, England, Private John Peile, World War I, 1916-1918",1914,Returned and Services League (RSL) Collection,War & service,1910,United Kingdom
items/379371,"Postcard - Pavilion & Pier with Crowd, Weymouth, Dorset, England, Corporal John Peile to Sister Jean, 1 Apr 1918",1914,Returned and Services League (RSL) Collection,War & service,1910,United Kingdom
items/379372,"Postcard - Royal Hotel & Beach, Weymouth, England, Corporal John Peile to Mother, Mar 1918",1914,Returned and Services League (RSL) Collection,War & service,1910,United Kingdom
items/379373,"Postcard - Wishing Well, Upwey, Dorset, England, Corporal John Peile to Brother, World War I, 19 Apr 1918",1914,Returned and Services League (RSL) Collection,War & service,1910,United Kingdom
items/379374,"Postcard - 'Quartier Saint-Vincent pris de la Jetèe nord', Le Havre, France, Lance Corporal John Peile to Parents, 2 Sep 1917",1914,Returned and Services League (RSL) Collection,War & service,1910,France
items/379375,"Postcard - 'Convicts Proceeding to Work, Portland Prison', England, Probably Private John Peile to Father, World War I, 1916-1918",1916,Returned and Services League (RSL) Collection,War & service,1910,United Kingdom
items/379379,"Postcard - Navy Servicemen on Holland-Class H.M. Submarine Boat No.1, Private Albert Peile to Sister Flo, circa Dec 1914",1914,Military Memorabilia Collection; Returned and Services League (RSL) Collection,War & service,1910,
items/379380,"Postcard Album - Egypt, Peile Brothers, World War I, 1914-1916",1914,Military Memorabilia Collection; Returned and Services League (RSL) Collection,War & service,1910,Egypt
items/380283,"Postcard - Alfred Galbraith to Mother, Ismailia, Egypt, World War I, 1915",1915,Returned and Services League (RSL) Collection; Military Memorabilia Collection,War & service,1910,Egypt
items/380284,"Postcard - Alfred Galbraith to 'Home Folks', Ismailia, Egypt, 1916",1916,Returned and Services League (RSL) Collection; Military Memorabilia Collection,War & service,1910,Egypt
items/380285,"Postcard - Alfred Galbraith to Mother, French Garden, Alexandria, Egypt, 19 Feb 1916",1916,Returned and Services League (RSL) Collection; Military Memorabilia Collection,War & service,1910,Egypt
items/380286,"Postcard -  Alfred Galbraith, Egypt, 1915-1916",1915,Returned and Services League (RSL) Collection; Military Memorabilia Collection,War & service,1910,Egypt
items/380293,"Postcard - Change of Address, Sapper Alfred Galbraith to Mr A. Galbraith, 1916",1916,Returned and Services League (RSL) Collection; Military Memorabilia Collection,War & service,1910,
items/380307,"Postcard - Field Service, Alfred Galbraith to Mrs J Breare, 12 Jul 1916",1916,Returned and Services League (RSL) Collection; Military Memorabilia Collection,War & service,1910,
items/381880,"Postcard Album - Souvenir, Bataille De L'Yser, World War I, 1916",1914,John Lord Collection,War & service,1910,Belgium
items/381890,"Postcard - Hospital Ship HMHS Assaye, Sergeant John Lord, World War I, 12 Dec 1915",1915,John Lord Collection,War & service,1910,
items/381893,"Postcard Album - 'Le Nord de la France - Villes Bombardees', World War I, 1916",1916,John Lord Collection,War & service,1910,
items/387728,"Postcard - Morrie to Parents, Civil Hospital, Armentieres, France, World War I, 16 Feb 1918",1914,Military Memorabilia Collection; Returned and Services League (RSL) Collection,War & service,1910,France
items/388470,"Postcard - Australian Serviceman, Artillery, 1st AIF, World War I, 19 Mar 1916",1916,Military Memorabilia Collection,War & service,1910,Egypt
items/388691,"Postcard - Stoker W. M. Sorell to Mother, H.M.A.S. Melbourne, England, 10 Feb 1919",1914,Military Memorabilia Collection,War & service,1910,Australia
items/390727,"Postcard - 'Just a Few Views From Censored (Somewhere in England)', World War I, 1914-1918",1914,Military Memorabilia Collection; Returned and Services League (RSL) Collection,War & service,1910,
items/390894,"Postcard - 'Little Belgium Must Re-cover All', Art & Humour Publishing Co., 1914-1918",1914,Military Memorabilia Collection; Returned and Services League (RSL) Collection,War & service,1910,
items/391050,"Postcard - To My Soldier Boy, World War I, 1914-1918",1914,Returned and Services League (RSL) Collection,War & service,1910,
items/391053,"Postcard - 'Australians Parading for the Trenches Prior to the Attack on Pozieres', World War I, Jul 1916",1916,Military Memorabilia Collection; Returned and Services League (RSL) Collection,War & service,1910,France
items/391144,"Postcard - World War I, Flowers of France, Edgar James McCarthy, 17 Jan 1917",1917,Military Memorabilia Collection; Returned and Services League (RSL) Collection,War & service,1910,
items/391145,"Postcard - 'Remembrance From France', Embroidered, Edgar James McCarthy, World War I, 28 Mar 1917",1917,Military Memorabilia Collection; Returned and Services League (RSL) Collection,War & service,1910,
items/391235,"Postcard - Australian Light Horse, Seymour, World War I, 13 Feb 1917",1917,Military Memorabilia Collection; Returned and Services League (RSL) Collection,War & service,1910,
items/393480,"Postcard - Grosvenor House, London, circa 1934",1934,Melbourne Collection,Other,1930,United Kingdom
items/393520,"Postcard - Bert Hinkler, 1928",1928,,Other,1920,Australia
items/394802,"Postcard - C. Joyce & Friend, Fort Ricasoli, World War I, 5 Jun 1915",1915,Military Memorabilia Collection; Returned and Services League (RSL) Collection,War & service,1910,
items/394893,"Postcard - 'Sur Les Marches du Pantheon', Pantheon de la Guerre, French, World War I, 1918",1918,Returned and Services League (RSL) Collection; Military Memorabilia Collection,War & service,1910,
items/394894,"Postcard - 'Roumaine' , Pantheon de la Guerre, French, World War I, 1918",1918,Returned and Services League (RSL) Collection; Military Memorabilia Collection,War & service,1910,
items/394895,"Postcard - 'Les Cuirassiers', Pantheon de la Guerre, French, World War I, 1918",1918,Returned and Services League (RSL) Collection; Military Memorabilia Collection,War & service,1910,
items/394896,"Postcard - 'Italie', Pantheon de la Guerre, French, World War I, 1918",1918,Returned and Services League (RSL) Collection; Military Memorabilia Collection,War & service,1910,
items/394897,"Postcard - 'Angleterre', Pantheon de la Guerre, French, World War I, 1918",1918,Returned and Services League (RSL) Collection; Military Memorabilia Collection,War & service,1910,
items/395368,"Postcard Album - 'Souvenir of Cairo', Egypt, Peile Brothers, World War I, 1914-1916",1914,Returned and Services League (RSL) Collection,War & service,1910,Egypt
items/395598,"Postcard - S.S. Oonah, Devonport, Tasmania, 18 Jan 1914",1914,,Other,1910,
items/395963,"Postcard - Prisoner of War, Private William 'Eric' Murphy to Mother, World War II, 1942-1943",1943,Military Memorabilia Collection,War & service,1940,
items/395964,"Postcard - Prisoner of War, Private William 'Eric' Murphy, World War II, 1942-1943",1942,Military Memorabilia Collection,War & service,1940,
items/395969,"Postcard - Private William 'Eric' Murphy, World War II, 1941-1943",1941,Military Memorabilia Collection,War & service,1940,
items/397448,"Postcard - Private Albert Peile to Mother, 'A Warm Corner of the Firing Line', Gallipoli, Written from London, 16 Nov 1915",1915,Military Memorabilia Collection; Returned and Services League (RSL) Collection,War & service,1910,Turkey
items/415818,"Postcard - SS Orcades, Orient Line, circa 1950s",1950,Margaret Wood Immigration & Shipping Collection,Migration,1950,
items/415819,"Postcard - SS Orcades, Orient Line, circa 1950s",1950,Margaret Wood Immigration & Shipping Collection,Migration,1950,
items/415820,"Postcard - SS Orsova, Orient Line, circa 1950s",1950,Margaret Wood Immigration & Shipping Collection,Migration,1950,
items/415822,"Postcard - SS Queen Frederica, National Hellenic American Line, circa 1957",1950,Margaret Wood Immigration & Shipping Collection,Migration,1950,
items/415823,"Postcards - Lloyd Triestino Line, circa 1950s",1950,Margaret Wood Immigration & Shipping Collection,Migration,1950,
items/476095,"Postcard - Eastern Facade, Exhibition Building, Melbourne, circa 1912",1912,Royal Exhibition Building Collection,Exhibition Building,1910,Australia
items/476101,"Postcard - 'Greetings from Melbourne', Exhibition Building, Valentine's Series, Melbourne, circa 1908",1908,,Exhibition Building,1900,Australia
items/709625,"Postcard - South East Facade, Exhibition Building, Nucolorvue Productions, Melbourne, circa 1990",1880,Royal Exhibition Building Collection,Exhibition Building,1880,Australia
items/709626,"Postcard - South East Facade, Exhibition Building, Nucolorvue Productions, Melbourne, circa 1990",1880,Royal Exhibition Building Collection,Exhibition Building,1880,Australia
items/746044,"Postcard - Interior of Edythe Ellison Harvie's Doll House, Living room, Melbourne, Victoria, circa 1909",1909,Harvie Collection,Other,1900,Australia
items/746045,"Postcard - Interior of Edythe Ellison Harvie's Doll House, Living room, Melbourne, Victoria, circa 1909",1909,Harvie Collection,Other,1900,Australia
items/746933,"Postcard - Interior of Edythe Ellison Harvie's Doll House, Kitchen, Melbourne, Victoria, circa 1909",1909,Harvie Collection,Other,1900,Australia
items/746934,"Postcard - Exterior of Edythe Ellison Harvie's Doll House, Melbourne, Victoria, circa 1909",1909,Harvie Collection,Other,1900,Australia
items/747274,"Postcard - Interior of Edythe Ellison Harvie's Doll House, Living room, Melbourne, Victoria, circa 1909",1909,Harvie Collection,Other,1900,Australia
items/747275,"Postcard - Orient Line S.S. Orontes, circa 1936 - 1945",1936,Harvie Collection,Other,1930,
items/747460,"Postcard - Interior of Edythe Ellison Harvie's Doll House, Babie's room, Melbourne, Victoria, circa 1909",1909,Harvie Collection,Other,1900,Australia
items/787626,"Postcard - Potted Japanese Rice Plants, J. Takasuka, Tyntynder West, via Swan Hill, Victoria, 2 Mar 1917",1915,,Other,1910,
items/787968,"Postcard - Field of Japanese Rice Varieties, J. Takasuka, Tyntynder West, via Swan Hill, Victoria, 2 Mar 1917",1917,,Other,1910,Australia
items/788184,"Postcard - Gala Day Celebrations, Horsewomen in Francy Dress Costume, by Jack Walton, Ballarat, Victoria, 1938",1938,Jack Walton Collection,Other,1930,Australia
items/788323,"Postcard - Gala Day Celebrations, Golden City Hotel, by Jack Walton, Ballarat, Victoria, 1938",1938,Jack Walton Collection,Other,1930,Australia
items/788333,"Postcard - Walhalla, Victoria, Mar 1910",1910,Rodda Collection,Other,1910,Australia
items/788338,"Postcard - Walhalla, Victoria, 1905-1920",1905,Rodda Collection,Other,1900,Australia
items/788339,"Postcard - Walhalla, Victoria, 1905-1920",1905,Rodda Collection,Other,1900,Australia
items/788340,"Postcard - Walhalla, Victoria, 1905-1920",1905,Rodda Collection,Other,1900,Australia
items/788341,"Postcard - Walhalla, Victoria, 1905-1920",1905,Rodda Collection,Other,1900,Australia
items/788342,"Postcard - NA-Class Steam Locomotive & Goods Train, Moe-Walhalla Railway, Victoria, 1910-1920",1910,Rodda Collection,Other,1910,Australia
items/788345,"Postcard - Walhalla, Victoria, 1905-1920",1905,Rodda Collection,Other,1900,Australia
items/788347,"Postcard - Walhalla, Victoria, 1905-1920",1905,Rodda Collection,Other,1900,Australia
items/788349,"Postcard - Walhalla, Victoria, 1905-1920",1905,Rodda Collection,Other,1900,Australia
items/788350,"Postcard - Walhalla, Victoria, 1905-1920",1905,Rodda Collection,Other,1900,Australia
items/788351,"Postcard - Walhalla, Victoria, 1905-1920",1905,Rodda Collection,Other,1900,Australia
items/788355,"Postcard - Walhalla, Victoria, 1905-1920",1905,Rodda Collection,Other,1900,Australia
items/788359,"Postcard - Walhalla, Victoria, circa 1910",1910,Rodda Collection,Other,1910,Australia
items/788360,"Postcard - Walhalla, Victoria, circa 1910",1910,Rodda Collection,Other,1910,Australia
items/788361,"Postcard - Walhalla, Victoria, Mar 1910",1910,Rodda Collection,Other,1910,Australia
items/788364,"Postcard - Walhalla, Victoria, 1905-1920",1905,Rodda Collection,Other,1900,Australia
items/788365,"Postcard - Walhalla, Victoria, 1905-1920",1905,Rodda Collection,Other,1900,Australia
items/788366,"Postcard - Walhalla, Victoria, 1905-1920",1905,Rodda Collection,Other,1900,Australia
items/788367,"Postcard - Walhalla, Victoria, 1905-1920",1905,Rodda Collection,Other,1900,Australia
items/788368,"Postcard - Walhalla, Victoria, 1905-1920",1905,Rodda Collection,Other,1900,Australia
items/788370,"Postcard - Walhalla, Victoria, 1905-1920",1905,Rodda Collection,Other,1900,Australia
items/788371,"Postcard - Walhalla, Victoria, 1905-1920",1905,Rodda Collection,Other,1900,Australia
items/788408,"Postcard - Walhalla, Victoria, 1905-1920",1905,Rodda Collection,Other,1900,Australia
items/788414,"Postcard - Walhalla, Victoria, 1905-1920",1905,Rodda Collection,Other,1900,Australia
items/788419,"Postcard - Walhalla, Victoria, 1905-1920",1905,Rodda Collection,Other,1900,Australia
items/788427,"Postcard - Tennis Game, Walhalla, Victoria, 1905-1920",1905,Rodda Collection,Other,1900,Australia
items/788428,"Postcard - Walhalla, Victoria, 1905-1920",1905,Rodda Collection,Other,1900,Australia
items/788433,"Postcard - Walhalla, Victoria, 1905-1920",1905,Rodda Collection,Other,1900,Australia
items/788438,"Postcard - Walhalla, Victoria, 1905-1920",1905,Rodda Collection,Other,1900,Australia
items/788439,"Postcard - Walhalla, Victoria, 1905-1920",1905,Rodda Collection,Other,1900,Australia
items/788440,"Postcard - Walhalla, Victoria, 1905-1920",1905,Rodda Collection,Other,1900,Australia
items/788492,"Postcard - Point Piper & Double Bay, New South Wales, circa 1936 - 1945",1936,Harvie Collection,Other,1930,Australia
items/788569,"Postcard - Walhalla, Victoria, 1905-1920",1905,Rodda Collection,Other,1900,Australia
items/788776,"Postcard - Group of Women & Men with Tennis Raquets, Walhalla, Victoria, 1905-1920",1905,Rodda Collection,Other,1900,Australia
items/788976,"Postcard - Walhalla, Victoria, 1905-1920",1905,Rodda Collection,Other,1900,Australia
items/788977,"Postcard - Walhalla, Victoria, 1905-1920",1905,Rodda Collection,Other,1900,Australia
items/788984,"Postcard - Walhalla, Victoria, 1905-1920",1905,Rodda Collection,Other,1900,Australia
items/795162,"Postcard - Victorian Railways, No.3 Steam Crane Locomotive (formerly Z-526), North Melbourne, Victoria, circa 1920s",1920,Norm De Pomeroy Collection,Other,1920,Australia
items/795472,"Postcard - 'Railway Station, Emerald', circa 1910",1910,Norm De Pomeroy Collection,Other,1910,Australia
items/802610,"Postcard - Excursion Train Crossing Thomson River, Walhalla, circa 1920",1920,Norm De Pomeroy Collection,Other,1920,Australia
items/802616,"Postcard - 'Puffing Billy' NA-class Steam Locomotive & Passenger Train, Upper Ferntree Gully, Victoria, circa 1930s",1930,Norm De Pomeroy Collection,Other,1930,Australia
items/802714,"Postcard - 'A Happy Xmas, St Kilda & Brighton Electric Car', circa 1910",1910,Norm De Pomeroy Collection,Other,1910,Australia
items/802756,Postcard - 'The Home Coming Train Arriving at Ballarat' circa 1920,1920,Norm De Pomeroy Collection,Other,1920,Australia
items/806152,"Postcard - Wonsam (bridal robe), Immigration Museum, circa 1999",1999,,Other,1990,
items/809149,"Postcard - Wonsam (bridal robe), Immigration Museum, circa 1999",1999,,Other,1990,
items/809151,"Postcard - Tribute to Jamaica, Immigration Museum, circa 2001",2001,,Other,2000,
items/809186,"Postcard - There is no greater sorrow, Immigration Museum, circa 2000",2000,,Other,2000,
items/809191,"Postcard - There is no greater sorrow, Immigration Museum, circa 2000",2000,,Other,2000,
items/809193,"Postcard - Australia: Prosperity Through Immigration, Immigration Museum, circa 2001",2001,,Other,2000,
items/809198,"Postcard - Australia: Prosperity Through Immigration, Immigration Museum, circa 2001",2001,,Other,2000,
items/826061,"Postcard - Japanese Folk Scene, circa 1939",1939,,Migration,1930,
items/826067,"Postcard - Japanese Folk Scene, circa 1939",1939,,Migration,1930,
items/826068,"Postcard - Japanese Folk Scene, circa 1939",1939,,Migration,1930,
items/826069,"Postcard - Japanese Folk Scene, circa 1939",1939,,Migration,1930,
items/826070,"Postcard - Japanese Folk Scene, circa 1939",1939,,Migration,1930,
